מספר קופה/קרן/ח.פ. עבור חברת ביטוח,מספר מסלול,שם מנפיק,מספר מנפיק,סוג מספר מזהה מנפיק,שם נייר ערך,מספר נייר ערך,סוג מספר נייר ערך,"ישראל/חו""ל",מדינה לפי חשיפה כלכלית,סטאטוס סחירות,זירת מסחר,נכס בסיס (כתב אופציה),ענף מסחר,תאריך פקיעה,בעל עניין/צד קשור,מטבע פעילות,שער מימוש,יחס המרה,ערך נקוב (יחידות),שער חליפין,שער נייר הערך,"שווי הוגן (באלפי ש""ח)",שיעור מנכסי אפיק ההשקעה,שיעור מסך נכסי ההשקעה
209,12119.0,"מפעלים פטרוכימיים בישראל בע""מ",520029315,ח.פ.,פטרוכימים אפ 1,IL0011903056,ISIN,ישראל,ישראל,סחיר,TASE,IL0007560159,חיפושי נפט וגז,2026-10-25,לא,ILS,37.5,0.01,5076.89,1.0,134.3,6.81826,0.01031,0.0
209,12119.0,"אפולו פאוור בע""מ",520043928,ח.פ.,אפולו פאוור אפ8,IL0012147414,ISIN,ישראל,ישראל,סחיר,TASE,IL0010821143,קלינטק,2026-03-10,לא,ILS,835.0,0.01,1557.51,1.0,251.6,3.9187,0.005925,0.0
209,12119.0,"ביג מרכזי קניות בע""מ",513623314,ח.פ.,ביג אפ 7,IL0012143454,ISIN,ישראל,ישראל,סחיר,TASE,IL0010972607,"נדל""ן מניב בישראל",2026-06-01,לא,ILS,58000.0,0.01,1601.38,1.0,12600.0,201.77414,0.305122,1.7e-05
209,12119.0,"פאי סיאם בע""מ",513154617,ח.פ.,פאי סיאם   אפ 1,IL0012162827,ISIN,ישראל,ישראל,סחיר,TASE,IL0011865271,מלונאות ותיירות,2028-01-12,לא,ILS,4900.0,0.01,8407.97,1.0,480.1,40.36666,0.061042,3e-06
209,12119.0,"שובל הנדסה ובניין בע""מ",512951518,ח.פ.,שובל הנדסה אפ 1,IL0012159617,ISIN,ישראל,ישראל,סחיר,TASE,IL0012079682,בנייה,2027-01-10,לא,ILS,1023.0,0.01,3822.75,1.0,223.2,8.53238,0.012902,0.0
209,12119.0,"סולאיר אנרגיות מתחדשות בע""מ",516046307,ח.פ.,סולאיר אפ 1,IL0012179185,ISIN,ישראל,ישראל,סחיר,TASE,IL0011722878,אנרגיה מתחדשת,2026-08-31,לא,ILS,4152.0,0.01,3971.66,1.0,492.0,19.54055,0.029549,1e-06
209,12119.0,"זוז פאוור בע""מ",514881564,ח.פ.,זוז אופ 1 (נשר),1205160,ISIN,ישראל,ישראל,סחיר,TASE,IL0011741845,קלינטק,2029-06-30,לא,ILS,1.0,0.01,6217.45,1.0,0.0,0.0,0.0,0.0
209,12119.0,"קנדה גלובל (ט.ר) בע""מ",520041286,ח.פ.,קנדה גלובל אפ 1,IL0012181892,ISIN,ישראל,ישראל,סחיר,TASE,IL0001060131,"נדל""ן מניב בחו""ל",2029-02-27,לא,ILS,1675.0,0.01,7700.33,1.0,584.6,45.01614,0.068073,4e-06
209,12119.0,"בלדי בע""מ",511226136,ח.פ.,בלדי אפ 1,IL0012166620,ISIN,ישראל,ישראל,סחיר,TASE,IL0012125394,מסחר,2028-01-31,לא,ILS,2800.0,0.01,13130.47,1.0,1024.0,134.456,0.203324,1.2e-05
209,12119.0,"ווישור גלובלטק בע""מ",515559169,ח.פ.,ווישור אפ 1,IL0012292517,ISIN,ישראל,ישראל,סחיר,TASE,IL0011732281,ביטוח,2028-10-01,לא,ILS,1325.0,0.01,14973.73,1.0,162.1,24.27241,0.036704,2e-06
209,12119.0,"קבוצת חג'ג' אפשטיין בע""מ",515387231,ח.פ.,חג'ג' אפ 1,IL0012166547,ISIN,ישראל,ישראל,סחיר,TASE,IL0008230133,בנייה,2027-07-30,לא,ILS,3230.0,0.01,12604.05,1.0,158.2,19.9396,0.030152,1e-06
209,12119.0,"חג'ג' אירופה דיוולופמנט צ.ש בע""מ",515682292,ח.פ.,חגג אירופה אפ 1,IL0012188418,ISIN,ישראל,ישראל,סחיר,TASE,IL0011436354,בנייה,2027-09-01,לא,ILS,950.0,0.01,10930.8,1.0,125.0,13.6635,0.020661,1e-06
209,12119.0,"מגידו י.ק. ישראל בע""מ",510542855,ח.פ.,מגידו אפ 1,1225184,פנימי,ישראל,ישראל,סחיר,TASE,1216605,בנייה,2029-07-12,לא,ILS,850.0,0.01,31199.82,1.0,215.8,67.3292,0.101815,6e-06
209,12119.0,"אמות השקעות בע""מ",520026683,ח.פ.,אמות אפ 12,1225036,פנימי,ישראל,ישראל,סחיר,TASE,IL0010972789,"נדל""ן מניב בישראל",2026-12-31,לא,ILS,2800.0,0.01,13608.45,1.0,169.8,23.10715,0.034942,2e-06
209,12119.0,נאוויטס פטרוליום שותפות מוגבלת,550263107,ח.פ.,נאוויטס פט אפ 6,1228824,פנימי,ישראל,ישראל,סחיר,TASE,IL0011419699,חיפושי נפט וגז,2026-08-31,לא,ILS,12000.0,0.01,3156.11,1.0,1609.0,50.78176,0.076792,4e-06
209,12119.0,HOMETOGO SE,2221001IK1TS34BCHL37,LEI,HTGW GR 11.5 31/12/25,LU2290524383,ISIN,"חו""ל",גרמניה,סחיר,FWB,LU2290523658,Wireless Telecommunication Services,2025-12-31,לא,EUR,11.5,1.0,2592.98,3.8807,0.1,0.01006,1.5e-05,0.0
209,12119.0,Taboola.com Ltd,984500F5945AFAFFCB30,LEI,Taboola.com Ltd,IL0011754210,ISIN,"חו""ל","ארה""ב",סחיר,NASDAQ,US4576791085,Commercial Services & Supplies,2027-12-31,לא,USD,11.5,1.0,616.39,3.306,8.5,0.17321,0.000261,0.0
209,12119.0,LEO HOLDINGS III,7044,פנימי,Local Bounti Corp,US53960E1148,ISIN,"חו""ל","ארה""ב",סחיר,אחר,969743458,Industrial Conglomerates,2028-03-02,לא,USD,11.5,1.0,290.86,3.306,0.66,0.00635,9e-06,0.0
209,12119.0,Taboola.com Ltd,984500F5945AFAFFCB30,LEI,Taboola.com Ltd,IL0011754210,ISIN,"חו""ל","ארה""ב",סחיר,NASDAQ,IL0011754137,Commercial Services & Supplies,2026-06-29,לא,USD,11.5,1.0,3980.25,3.306,8.5,1.11849,0.001691,0.0
209,12119.0,TALON METALS CORP,9845003F1E9496A9MA60,LEI,WTS TALON,TLO,ISIN,"חו""ל",קנדה,סחיר,אחר,0,Multi-Utilities,2026-06-29,לא,CAD,0.0,1.0,43672.92,2.3745,0.0,0.0,0.0,0.0
209,12119.0,ארקו קורפ.,1834,פנימי,Arko Corp,US0412421168,ISIN,"חו""ל","ארה""ב",סחיר,NASDAQ,US0412421085,Retail REITs,2025-12-31,לא,USD,11.5,0.82,14124.73,3.306,0.93,0.43428,0.000656,0.0
209,12119.0,2MX ORGANIC SA,969500HQ6PWNILD1HE63,LEI,Teract SA,FR0014000TB2,ISIN,"חו""ל",צרפת,סחיר,אחר,FR001400BMH7,Diversified Consumer Services,2025-11-16,לא,EUR,11.5,0.25,7501.12,3.8807,0.1,0.02911,4.4e-05,0.0
209,14285.0,"חג'ג' אירופה דיוולופמנט צ.ש בע""מ",515682292,ח.פ.,חגג אירופה אפ 1,IL0012188418,ISIN,ישראל,ישראל,סחיר,TASE,IL0011436354,בנייה,2027-09-01,לא,ILS,950.0,0.01,159.89,1.0,125.0,0.19986,0.034117,4e-06
209,14285.0,"שובל הנדסה ובניין בע""מ",512951518,ח.פ.,שובל הנדסה אפ 1,IL0012159617,ISIN,ישראל,ישראל,סחיר,TASE,IL0012079682,בנייה,2027-01-10,לא,ILS,1023.0,0.01,27.23,1.0,223.2,0.06077,0.010373,1e-06
209,14285.0,"אפולו פאוור בע""מ",520043928,ח.פ.,אפולו פאוור אפ8,IL0012147414,ISIN,ישראל,ישראל,סחיר,TASE,IL0010821143,קלינטק,2026-03-10,לא,ILS,835.0,0.01,11.09,1.0,251.6,0.02791,0.004764,0.0
209,14285.0,"בלדי בע""מ",511226136,ח.פ.,בלדי אפ 1,IL0012166620,ISIN,ישראל,ישראל,סחיר,TASE,IL0012125394,מסחר,2028-01-31,לא,ILS,2800.0,0.01,93.51,1.0,1024.0,0.95759,0.163469,2e-05
209,14285.0,"קבוצת חג'ג' אפשטיין בע""מ",515387231,ח.פ.,חג'ג' אפ 1,IL0012166547,ISIN,ישראל,ישראל,סחיר,TASE,IL0008230133,בנייה,2027-07-30,לא,ILS,3230.0,0.01,184.36,1.0,158.2,0.29166,0.049789,6e-06
209,14285.0,"ווישור גלובלטק בע""מ",515559169,ח.פ.,ווישור אפ 1,IL0012292517,ISIN,ישראל,ישראל,סחיר,TASE,IL0011732281,ביטוח,2028-10-01,לא,ILS,1325.0,0.01,219.03,1.0,162.1,0.35504,0.060608,7e-06
209,14285.0,"זוז פאוור בע""מ",514881564,ח.פ.,זוז אופ 1 (נשר),1205160,ISIN,ישראל,ישראל,סחיר,TASE,IL0011741845,קלינטק,2029-06-30,לא,ILS,1.0,0.01,44.28,1.0,0.0,0.0,0.0,0.0
209,14285.0,"מפעלים פטרוכימיים בישראל בע""מ",520029315,ח.פ.,פטרוכימים אפ 1,IL0011903056,ISIN,ישראל,ישראל,סחיר,TASE,IL0007560159,חיפושי נפט וגז,2026-10-25,לא,ILS,37.5,0.01,74.26,1.0,134.3,0.09973,0.017024,2e-06
209,14285.0,"ביג מרכזי קניות בע""מ",513623314,ח.פ.,ביג אפ 7,IL0012143454,ISIN,ישראל,ישראל,סחיר,TASE,IL0010972607,"נדל""ן מניב בישראל",2026-06-01,לא,ILS,58000.0,0.01,12.66,1.0,12600.0,1.59517,0.272309,3.4e-05
209,14285.0,"קנדה גלובל (ט.ר) בע""מ",520041286,ח.פ.,קנדה גלובל אפ 1,IL0012181892,ISIN,ישראל,ישראל,סחיר,TASE,IL0001060131,"נדל""ן מניב בחו""ל",2029-02-27,לא,ILS,1675.0,0.01,112.64,1.0,584.6,0.65847,0.112406,1.4e-05
209,14285.0,"פאי סיאם בע""מ",513154617,ח.פ.,פאי סיאם   אפ 1,IL0012162827,ISIN,ישראל,ישראל,סחיר,TASE,IL0011865271,מלונאות ותיירות,2028-01-12,לא,ILS,4900.0,0.01,59.88,1.0,480.1,0.28749,0.049077,6e-06
209,14285.0,"סולאיר אנרגיות מתחדשות בע""מ",516046307,ח.פ.,סולאיר אפ 1,IL0012179185,ISIN,ישראל,ישראל,סחיר,TASE,IL0011722878,אנרגיה מתחדשת,2026-08-31,לא,ILS,4152.0,0.01,58.09,1.0,492.0,0.28583,0.048793,6e-06
209,14285.0,"מגידו י.ק. ישראל בע""מ",510542855,ח.פ.,מגידו אפ 1,1225184,פנימי,ישראל,ישראל,סחיר,TASE,1216605,בנייה,2029-07-12,לא,ILS,850.0,0.01,222.2,1.0,215.8,0.47951,0.081856,1e-05
209,14285.0,"אמות השקעות בע""מ",520026683,ח.פ.,אמות אפ 12,1225036,פנימי,ישראל,ישראל,סחיר,TASE,IL0010972789,"נדל""ן מניב בישראל",2026-12-31,לא,ILS,2800.0,0.01,96.92,1.0,169.8,0.16457,0.028093,3e-06
209,14285.0,נאוויטס פטרוליום שותפות מוגבלת,550263107,ח.פ.,נאוויטס פט אפ 6,1228824,פנימי,ישראל,ישראל,סחיר,TASE,IL0011419699,חיפושי נפט וגז,2026-08-31,לא,ILS,12000.0,0.01,22.48,1.0,1609.0,0.36166,0.061738,7e-06
209,14285.0,Taboola.com Ltd,984500F5945AFAFFCB30,LEI,Taboola.com Ltd,IL0011754210,ISIN,"חו""ל","ארה""ב",סחיר,NASDAQ,IL0011754137,Commercial Services & Supplies,2026-06-29,לא,USD,11.5,1.0,88.06,3.306,8.5,0.02474,0.004223,0.0
209,14285.0,LEO HOLDINGS III,7044,פנימי,Local Bounti Corp,US53960E1148,ISIN,"חו""ל","ארה""ב",סחיר,אחר,969743458,Industrial Conglomerates,2028-03-02,לא,USD,11.5,1.0,6.43,3.306,0.66,0.00014,2.3e-05,0.0
209,14285.0,Taboola.com Ltd,984500F5945AFAFFCB30,LEI,Taboola.com Ltd,IL0011754210,ISIN,"חו""ל","ארה""ב",סחיר,NASDAQ,US4576791085,Commercial Services & Supplies,2027-12-31,לא,USD,11.5,1.0,13.64,3.306,8.5,0.00383,0.000653,0.0
209,14285.0,HOMETOGO SE,2221001IK1TS34BCHL37,LEI,HTGW GR 11.5 31/12/25,LU2290524383,ISIN,"חו""ל",גרמניה,סחיר,FWB,LU2290523658,Wireless Telecommunication Services,2025-12-31,לא,EUR,11.5,1.0,57.37,3.8807,0.1,0.00022,3.7e-05,0.0
209,14285.0,TALON METALS CORP,9845003F1E9496A9MA60,LEI,WTS TALON,TLO,ISIN,"חו""ל",קנדה,סחיר,אחר,0,Multi-Utilities,2026-06-29,לא,CAD,0.0,1.0,966.19,2.3745,0.0,0.0,0.0,0.0
209,14285.0,2MX ORGANIC SA,969500HQ6PWNILD1HE63,LEI,Teract SA,FR0014000TB2,ISIN,"חו""ל",צרפת,סחיר,אחר,FR001400BMH7,Diversified Consumer Services,2025-11-16,לא,EUR,11.5,0.25,165.95,3.8807,0.1,0.00064,0.000109,0.0
209,14285.0,ארקו קורפ.,1834,פנימי,Arko Corp,US0412421168,ISIN,"חו""ל","ארה""ב",סחיר,NASDAQ,US0412421085,Retail REITs,2025-12-31,לא,USD,11.5,0.82,100.6,3.306,0.93,0.00309,0.000527,0.0
209,15217.0,"ווישור גלובלטק בע""מ",515559169,ח.פ.,ווישור אפ 1,IL0012292517,ISIN,ישראל,ישראל,סחיר,TASE,IL0011732281,ביטוח,2028-10-01,לא,ILS,1325.0,0.01,282.83,1.0,162.1,0.45846,0.09813,2.6e-05
209,15217.0,"בלדי בע""מ",511226136,ח.פ.,בלדי אפ 1,IL0012166620,ISIN,ישראל,ישראל,סחיר,TASE,IL0012125394,מסחר,2028-01-31,לא,ILS,2800.0,0.01,47.22,1.0,1024.0,0.48351,0.103491,2.8e-05
209,15217.0,"סולאיר אנרגיות מתחדשות בע""מ",516046307,ח.פ.,סולאיר אפ 1,IL0012179185,ISIN,ישראל,ישראל,סחיר,TASE,IL0011722878,אנרגיה מתחדשת,2026-08-31,לא,ILS,4152.0,0.01,75.02,1.0,492.0,0.36909,0.079001,2.1e-05
209,15217.0,"מפעלים פטרוכימיים בישראל בע""מ",520029315,ח.פ.,פטרוכימים אפ 1,IL0011903056,ISIN,ישראל,ישראל,סחיר,TASE,IL0007560159,חיפושי נפט וגז,2026-10-25,לא,ILS,37.5,0.01,95.89,1.0,134.3,0.12878,0.027564,7e-06
209,15217.0,"זוז פאוור בע""מ",514881564,ח.פ.,זוז אופ 1 (נשר),1205160,ISIN,ישראל,ישראל,סחיר,TASE,IL0011741845,קלינטק,2029-06-30,לא,ILS,1.0,0.01,22.36,1.0,0.0,0.0,0.0,0.0
209,15217.0,"קבוצת חג'ג' אפשטיין בע""מ",515387231,ח.פ.,חג'ג' אפ 1,IL0012166547,ISIN,ישראל,ישראל,סחיר,TASE,IL0008230133,בנייה,2027-07-30,לא,ILS,3230.0,0.01,238.07,1.0,158.2,0.37662,0.080612,2.2e-05
209,15217.0,"ביג מרכזי קניות בע""מ",513623314,ח.פ.,ביג אפ 7,IL0012143454,ISIN,ישראל,ישראל,סחיר,TASE,IL0010972607,"נדל""ן מניב בישראל",2026-06-01,לא,ILS,58000.0,0.01,8.32,1.0,12600.0,1.04783,0.22428,6e-05
209,15217.0,"פאי סיאם בע""מ",513154617,ח.פ.,פאי סיאם   אפ 1,IL0012162827,ISIN,ישראל,ישראל,סחיר,TASE,IL0011865271,מלונאות ותיירות,2028-01-12,לא,ILS,4900.0,0.01,30.24,1.0,480.1,0.14516,0.03107,8e-06
209,15217.0,"שובל הנדסה ובניין בע""מ",512951518,ח.פ.,שובל הנדסה אפ 1,IL0012159617,ISIN,ישראל,ישראל,סחיר,TASE,IL0012079682,בנייה,2027-01-10,לא,ILS,1023.0,0.01,13.75,1.0,223.2,0.03068,0.006566,1e-06
209,15217.0,"אפולו פאוור בע""מ",520043928,ח.פ.,אפולו פאוור אפ8,IL0012147414,ISIN,ישראל,ישראל,סחיר,TASE,IL0010821143,קלינטק,2026-03-10,לא,ILS,835.0,0.01,5.6,1.0,251.6,0.01409,0.003015,0.0
209,15217.0,"קנדה גלובל (ט.ר) בע""מ",520041286,ח.פ.,קנדה גלובל אפ 1,IL0012181892,ISIN,ישראל,ישראל,סחיר,TASE,IL0001060131,"נדל""ן מניב בחו""ל",2029-02-27,לא,ILS,1675.0,0.01,145.45,1.0,584.6,0.85028,0.181996,4.9e-05
209,15217.0,"חג'ג' אירופה דיוולופמנט צ.ש בע""מ",515682292,ח.פ.,חגג אירופה אפ 1,IL0012188418,ISIN,ישראל,ישראל,סחיר,TASE,IL0011436354,בנייה,2027-09-01,לא,ILS,950.0,0.01,206.46,1.0,125.0,0.25808,0.05524,1.5e-05
209,15217.0,"מגידו י.ק. ישראל בע""מ",510542855,ח.פ.,מגידו אפ 1,1225184,פנימי,ישראל,ישראל,סחיר,TASE,1216605,בנייה,2029-07-12,לא,ILS,850.0,0.01,112.2,1.0,215.8,0.24212,0.051824,1.4e-05
209,15217.0,"אמות השקעות בע""מ",520026683,ח.פ.,אמות אפ 12,1225036,פנימי,ישראל,ישראל,סחיר,TASE,IL0010972789,"נדל""ן מניב בישראל",2026-12-31,לא,ILS,2800.0,0.01,48.94,1.0,169.8,0.08309,0.017784,4e-06
209,15217.0,נאוויטס פטרוליום שותפות מוגבלת,550263107,ח.פ.,נאוויטס פט אפ 6,1228824,פנימי,ישראל,ישראל,סחיר,TASE,IL0011419699,חיפושי נפט וגז,2026-08-31,לא,ILS,12000.0,0.01,11.35,1.0,1609.0,0.18261,0.039086,1e-05
209,15217.0,ארקו קורפ.,1834,פנימי,Arko Corp,US0412421168,ISIN,"חו""ל","ארה""ב",סחיר,NASDAQ,US0412421085,Retail REITs,2025-12-31,לא,USD,11.5,0.82,50.79,3.306,0.93,0.00156,0.000333,0.0
209,15218.0,"אפולו פאוור בע""מ",520043928,ח.פ.,אפולו פאוור אפ8,IL0012147414,ISIN,ישראל,ישראל,סחיר,TASE,IL0010821143,קלינטק,2026-03-10,לא,ILS,835.0,0.01,609.56,1.0,251.6,1.53366,0.007689,3e-06
209,15218.0,"שובל הנדסה ובניין בע""מ",512951518,ח.פ.,שובל הנדסה אפ 1,IL0012159617,ISIN,ישראל,ישראל,סחיר,TASE,IL0012079682,בנייה,2027-01-10,לא,ILS,1023.0,0.01,1496.11,1.0,223.2,3.33932,0.016742,6e-06
209,15218.0,"זוז פאוור בע""מ",514881564,ח.פ.,זוז אופ 1 (נשר),1205160,ISIN,ישראל,ישראל,סחיר,TASE,IL0011741845,קלינטק,2029-06-30,לא,ILS,1.0,0.01,2433.32,1.0,0.0,0.0,0.0,0.0
209,15218.0,"ביג מרכזי קניות בע""מ",513623314,ח.פ.,ביג אפ 7,IL0012143454,ISIN,ישראל,ישראל,סחיר,TASE,IL0010972607,"נדל""ן מניב בישראל",2026-06-01,לא,ILS,58000.0,0.01,561.28,1.0,12600.0,70.72117,0.354575,0.000139
209,15218.0,"בלדי בע""מ",511226136,ח.פ.,בלדי אפ 1,IL0012166620,ISIN,ישראל,ישראל,סחיר,TASE,IL0012125394,מסחר,2028-01-31,לא,ILS,2800.0,0.01,5138.87,1.0,1024.0,52.62199,0.263831,0.000103
209,15218.0,"פאי סיאם בע""מ",513154617,ח.פ.,פאי סיאם   אפ 1,IL0012162827,ISIN,ישראל,ישראל,סחיר,TASE,IL0011865271,מלונאות ותיירות,2028-01-12,לא,ILS,4900.0,0.01,3290.62,1.0,480.1,15.79828,0.079208,3.1e-05
209,15218.0,"מגידו י.ק. ישראל בע""מ",510542855,ח.פ.,מגידו אפ 1,1225184,פנימי,ישראל,ישראל,סחיר,TASE,1216605,בנייה,2029-07-12,לא,ILS,850.0,0.01,12210.66,1.0,215.8,26.3506,0.132114,5.1e-05
209,15218.0,"אמות השקעות בע""מ",520026683,ח.פ.,אמות אפ 12,1225036,פנימי,ישראל,ישראל,סחיר,TASE,IL0010972789,"נדל""ן מניב בישראל",2026-12-31,לא,ILS,2800.0,0.01,5325.93,1.0,169.8,9.04344,0.045341,1.7e-05
209,15218.0,נאוויטס פטרוליום שותפות מוגבלת,550263107,ח.פ.,נאוויטס פט אפ 6,1228824,פנימי,ישראל,ישראל,סחיר,TASE,IL0011419699,חיפושי נפט וגז,2026-08-31,לא,ILS,12000.0,0.01,1235.2,1.0,1609.0,19.87444,0.099644,3.9e-05
209,15218.0,ארקו קורפ.,1834,פנימי,Arko Corp,US0412421168,ISIN,"חו""ל","ארה""ב",סחיר,NASDAQ,US0412421085,Retail REITs,2025-12-31,לא,USD,11.5,0.82,5527.99,3.306,0.93,0.16996,0.000852,0.0
209,2187.0,"ביג מרכזי קניות בע""מ",513623314,ח.פ.,ביג אפ 7,IL0012143454,ISIN,ישראל,ישראל,סחיר,TASE,IL0010972607,"נדל""ן מניב בישראל",2026-06-01,לא,ILS,58000.0,0.01,6019.22,1.0,12600.0,758.4212,0.352889,5.7e-05
209,2187.0,"שובל הנדסה ובניין בע""מ",512951518,ח.פ.,שובל הנדסה אפ 1,IL0012159617,ISIN,ישראל,ישראל,סחיר,TASE,IL0012079682,בנייה,2027-01-10,לא,ILS,1023.0,0.01,16044.43,1.0,223.2,35.81117,0.016662,2e-06
209,2187.0,"אפולו פאוור בע""מ",520043928,ח.פ.,אפולו פאוור אפ8,IL0012147414,ISIN,ישראל,ישראל,סחיר,TASE,IL0010821143,קלינטק,2026-03-10,לא,ILS,835.0,0.01,6537.02,1.0,251.6,16.44715,0.007652,1e-06
209,2187.0,"פאי סיאם בע""מ",513154617,ח.פ.,פאי סיאם   אפ 1,IL0012162827,ISIN,ישראל,ישראל,סחיר,TASE,IL0011865271,מלונאות ותיירות,2028-01-12,לא,ILS,4900.0,0.01,35288.99,1.0,480.1,169.42244,0.078831,1.2e-05
209,2187.0,"מפעלים פטרוכימיים בישראל בע""מ",520029315,ח.פ.,פטרוכימים אפ 1,IL0011903056,ISIN,ישראל,ישראל,סחיר,TASE,IL0007560159,חיפושי נפט וגז,2026-10-25,לא,ILS,37.5,0.01,16.12,1.0,134.3,0.02164,1e-05,0.0
209,2187.0,"בלדי בע""מ",511226136,ח.פ.,בלדי אפ 1,IL0012166620,ISIN,ישראל,ישראל,סחיר,TASE,IL0012125394,מסחר,2028-01-31,לא,ILS,2800.0,0.01,55109.74,1.0,1024.0,564.32374,0.262577,4.2e-05
209,2187.0,"זוז פאוור בע""מ",514881564,ח.פ.,זוז אופ 1 (נשר),1205160,ISIN,ישראל,ישראל,סחיר,TASE,IL0011741845,קלינטק,2029-06-30,לא,ILS,1.0,0.01,26095.19,1.0,0.0,0.0,0.0,0.0
209,2187.0,"מגידו י.ק. ישראל בע""מ",510542855,ח.פ.,מגידו אפ 1,1225184,פנימי,ישראל,ישראל,סחיר,TASE,1216605,בנייה,2029-07-12,לא,ILS,850.0,0.01,130948.39,1.0,215.8,282.58663,0.131486,2.1e-05
209,2187.0,"אמות השקעות בע""מ",520026683,ח.פ.,אמות אפ 12,1225036,פנימי,ישראל,ישראל,סחיר,TASE,IL0010972789,"נדל""ן מניב בישראל",2026-12-31,לא,ILS,2800.0,0.01,57115.88,1.0,169.8,96.98276,0.045125,7e-06
209,2187.0,נאוויטס פטרוליום שותפות מוגבלת,550263107,ח.פ.,נאוויטס פט אפ 6,1228824,פנימי,ישראל,ישראל,סחיר,TASE,IL0011419699,חיפושי נפט וגז,2026-08-31,לא,ILS,12000.0,0.01,13246.46,1.0,1609.0,213.13556,0.09917,1.6e-05
209,2187.0,Taboola.com Ltd,984500F5945AFAFFCB30,LEI,Taboola.com Ltd,IL0011754210,ISIN,"חו""ל","ארה""ב",סחיר,NASDAQ,IL0011754137,Commercial Services & Supplies,2026-06-29,לא,USD,11.5,1.0,30354.77,3.306,8.5,8.52999,0.003968,0.0
209,2187.0,LEO HOLDINGS III,7044,פנימי,Local Bounti Corp,US53960E1148,ISIN,"חו""ל","ארה""ב",סחיר,אחר,969743458,Industrial Conglomerates,2028-03-02,לא,USD,11.5,1.0,2218.21,3.306,0.66,0.0484,2.2e-05,0.0
209,2187.0,Taboola.com Ltd,984500F5945AFAFFCB30,LEI,Taboola.com Ltd,IL0011754210,ISIN,"חו""ל","ארה""ב",סחיר,NASDAQ,US4576791085,Commercial Services & Supplies,2027-12-31,לא,USD,11.5,1.0,4700.8,3.306,8.5,1.32097,0.000614,0.0
209,2187.0,2MX ORGANIC SA,969500HQ6PWNILD1HE63,LEI,Teract SA,FR0014000TB2,ISIN,"חו""ל",צרפת,סחיר,אחר,FR001400BMH7,Diversified Consumer Services,2025-11-16,לא,EUR,11.5,0.25,57206.08,3.8807,0.1,0.222,0.000103,0.0
209,2187.0,HOMETOGO SE,2221001IK1TS34BCHL37,LEI,HTGW GR 11.5 31/12/25,LU2290524383,ISIN,"חו""ל",גרמניה,סחיר,FWB,LU2290523658,Wireless Telecommunication Services,2025-12-31,לא,EUR,11.5,1.0,19774.94,3.8807,0.1,0.07674,3.5e-05,0.0
209,2187.0,ארקו קורפ.,1834,פנימי,Arko Corp,US0412421168,ISIN,"חו""ל","ארה""ב",סחיר,NASDAQ,US0412421085,Retail REITs,2025-12-31,לא,USD,11.5,0.82,59282.75,3.306,0.93,1.8227,0.000848,0.0
209,2187.0,TALON METALS CORP,9845003F1E9496A9MA60,LEI,WTS TALON,TLO,ISIN,"חו""ל",קנדה,סחיר,אחר,0,Multi-Utilities,2026-06-29,לא,CAD,0.0,1.0,333064.67,2.3745,0.0,0.0,0.0,0.0
209,2188.0,"בלדי בע""מ",511226136,ח.פ.,בלדי אפ 1,IL0012166620,ISIN,ישראל,ישראל,סחיר,TASE,IL0012125394,מסחר,2028-01-31,לא,ILS,2800.0,0.01,1.17,1.0,1024.0,0.01199,0.000392,0.0
209,2188.0,"ווישור גלובלטק בע""מ",515559169,ח.פ.,ווישור אפ 1,IL0012292517,ISIN,ישראל,ישראל,סחיר,TASE,IL0011732281,ביטוח,2028-10-01,לא,ILS,1325.0,0.01,3038.5,1.0,162.1,4.92541,0.161189,2.4e-05
209,2188.0,"חג'ג' אירופה דיוולופמנט צ.ש בע""מ",515682292,ח.פ.,חגג אירופה אפ 1,IL0012188418,ISIN,ישראל,ישראל,סחיר,TASE,IL0011436354,בנייה,2027-09-01,לא,ILS,950.0,0.01,2218.1,1.0,125.0,2.77263,0.090737,1.3e-05
209,2188.0,"זוז פאוור בע""מ",514881564,ח.פ.,זוז אופ 1 (נשר),1205160,ISIN,ישראל,ישראל,סחיר,TASE,IL0011741845,קלינטק,2029-06-30,לא,ILS,1.0,0.01,0.55,1.0,0.0,0.0,0.0,0.0
209,2188.0,"אפולו פאוור בע""מ",520043928,ח.פ.,אפולו פאוור אפ8,IL0012147414,ISIN,ישראל,ישראל,סחיר,TASE,IL0010821143,קלינטק,2026-03-10,לא,ILS,835.0,0.01,0.14,1.0,251.6,0.00035,1.1e-05,0.0
209,2188.0,"שובל הנדסה ובניין בע""מ",512951518,ח.פ.,שובל הנדסה אפ 1,IL0012159617,ISIN,ישראל,ישראל,סחיר,TASE,IL0012079682,בנייה,2027-01-10,לא,ILS,1023.0,0.01,0.34,1.0,223.2,0.00076,2.4e-05,0.0
209,2188.0,"קנדה גלובל (ט.ר) בע""מ",520041286,ח.פ.,קנדה גלובל אפ 1,IL0012181892,ISIN,ישראל,ישראל,סחיר,TASE,IL0001060131,"נדל""ן מניב בחו""ל",2029-02-27,לא,ILS,1675.0,0.01,1562.57,1.0,584.6,9.13478,0.298945,4.4e-05
209,2188.0,"פאי סיאם בע""מ",513154617,ח.פ.,פאי סיאם   אפ 1,IL0012162827,ISIN,ישראל,ישראל,סחיר,TASE,IL0011865271,מלונאות ותיירות,2028-01-12,לא,ILS,4900.0,0.01,0.75,1.0,480.1,0.0036,0.000117,0.0
209,2188.0,"מפעלים פטרוכימיים בישראל בע""מ",520029315,ח.פ.,פטרוכימים אפ 1,IL0011903056,ISIN,ישראל,ישראל,סחיר,TASE,IL0007560159,חיפושי נפט וגז,2026-10-25,לא,ILS,37.5,0.01,1030.21,1.0,134.3,1.38358,0.045279,6e-06
209,2188.0,"ביג מרכזי קניות בע""מ",513623314,ח.פ.,ביג אפ 7,IL0012143454,ISIN,ישראל,ישראל,סחיר,TASE,IL0010972607,"נדל""ן מניב בישראל",2026-06-01,לא,ILS,58000.0,0.01,34.07,1.0,12600.0,4.29218,0.140465,2.1e-05
209,2188.0,"קבוצת חג'ג' אפשטיין בע""מ",515387231,ח.פ.,חג'ג' אפ 1,IL0012166547,ISIN,ישראל,ישראל,סחיר,TASE,IL0008230133,בנייה,2027-07-30,לא,ILS,3230.0,0.01,2557.64,1.0,158.2,4.04619,0.132415,1.9e-05
209,2188.0,"סולאיר אנרגיות מתחדשות בע""מ",516046307,ח.פ.,סולאיר אפ 1,IL0012179185,ISIN,ישראל,ישראל,סחיר,TASE,IL0011722878,אנרגיה מתחדשת,2026-08-31,לא,ILS,4152.0,0.01,805.94,1.0,492.0,3.96521,0.129765,1.9e-05
209,2188.0,"מגידו י.ק. ישראל בע""מ",510542855,ח.פ.,מגידו אפ 1,1225184,פנימי,ישראל,ישראל,סחיר,TASE,1216605,בנייה,2029-07-12,לא,ILS,850.0,0.01,2.78,1.0,215.8,0.00601,0.000196,0.0
209,2188.0,נאוויטס פטרוליום שותפות מוגבלת,550263107,ח.פ.,נאוויטס פט אפ 6,1228824,פנימי,ישראל,ישראל,סחיר,TASE,IL0011419699,חיפושי נפט וגז,2026-08-31,לא,ILS,12000.0,0.01,0.28,1.0,1609.0,0.00453,0.000148,0.0
209,2188.0,"אמות השקעות בע""מ",520026683,ח.פ.,אמות אפ 12,1225036,פנימי,ישראל,ישראל,סחיר,TASE,IL0010972789,"נדל""ן מניב בישראל",2026-12-31,לא,ILS,2800.0,0.01,1.21,1.0,169.8,0.00206,6.7e-05,0.0
209,2188.0,Taboola.com Ltd,984500F5945AFAFFCB30,LEI,Taboola.com Ltd,IL0011754210,ISIN,"חו""ל","ארה""ב",סחיר,NASDAQ,US4576791085,Commercial Services & Supplies,2027-12-31,לא,USD,11.5,1.0,3.39,3.306,8.5,0.00095,3.1e-05,0.0
209,2188.0,HOMETOGO SE,2221001IK1TS34BCHL37,LEI,HTGW GR 11.5 31/12/25,LU2290524383,ISIN,"חו""ל",גרמניה,סחיר,FWB,LU2290523658,Wireless Telecommunication Services,2025-12-31,לא,EUR,11.5,1.0,14.28,3.8807,0.1,6e-05,1e-06,0.0
209,2188.0,2MX ORGANIC SA,969500HQ6PWNILD1HE63,LEI,Teract SA,FR0014000TB2,ISIN,"חו""ל",צרפת,סחיר,אחר,FR001400BMH7,Diversified Consumer Services,2025-11-16,לא,EUR,11.5,0.25,41.31,3.8807,0.1,0.00016,5e-06,0.0
209,2188.0,ארקו קורפ.,1834,פנימי,Arko Corp,US0412421168,ISIN,"חו""ל","ארה""ב",סחיר,NASDAQ,US0412421085,Retail REITs,2025-12-31,לא,USD,11.5,0.82,1.26,3.306,0.93,4e-05,1e-06,0.0
209,2188.0,LEO HOLDINGS III,7044,פנימי,Local Bounti Corp,US53960E1148,ISIN,"חו""ל","ארה""ב",סחיר,אחר,969743458,Industrial Conglomerates,2028-03-02,לא,USD,11.5,1.0,1.6,3.306,0.66,3e-05,0.0,0.0
209,2188.0,Taboola.com Ltd,984500F5945AFAFFCB30,LEI,Taboola.com Ltd,IL0011754210,ISIN,"חו""ל","ארה""ב",סחיר,NASDAQ,IL0011754137,Commercial Services & Supplies,2026-06-29,לא,USD,11.5,1.0,21.92,3.306,8.5,0.00616,0.000201,0.0
209,2188.0,TALON METALS CORP,9845003F1E9496A9MA60,LEI,WTS TALON,TLO,ISIN,"חו""ל",קנדה,סחיר,אחר,0,Multi-Utilities,2026-06-29,לא,CAD,0.0,1.0,240.53,2.3745,0.0,0.0,0.0,0.0
209,9974.0,"שובל הנדסה ובניין בע""מ",512951518,ח.פ.,שובל הנדסה אפ 1,IL0012159617,ISIN,ישראל,ישראל,סחיר,TASE,IL0012079682,בנייה,2027-01-10,לא,ILS,1023.0,0.01,54117.96,1.0,223.2,120.79128,0.01668,2e-06
209,9974.0,"פאי סיאם בע""מ",513154617,ח.פ.,פאי סיאם   אפ 1,IL0012162827,ISIN,ישראל,ישראל,סחיר,TASE,IL0011865271,מלונאות ותיירות,2028-01-12,לא,ILS,4900.0,0.01,119029.97,1.0,480.1,571.46289,0.078917,9e-06
209,9974.0,"מפעלים פטרוכימיים בישראל בע""מ",520029315,ח.פ.,פטרוכימים אפ 2,IL0011903130,ISIN,ישראל,ישראל,סחיר,TASE,IL0007560159,חיפושי נפט וגז,2026-10-25,לא,ILS,600.0,0.01,36.06,1.0,8.1,0.00292,0.0,0.0
209,9974.0,"בלדי בע""מ",511226136,ח.פ.,בלדי אפ 1,IL0012166620,ISIN,ישראל,ישראל,סחיר,TASE,IL0012125394,מסחר,2028-01-31,לא,ILS,2800.0,0.01,185885.47,1.0,1024.0,1903.46725,0.262864,3.2e-05
209,9974.0,"ביג מרכזי קניות בע""מ",513623314,ח.פ.,ביג אפ 7,IL0012143454,ISIN,ישראל,ישראל,סחיר,TASE,IL0010972607,"נדל""ן מניב בישראל",2026-06-01,לא,ILS,58000.0,0.01,20302.85,1.0,12600.0,2558.15911,0.353275,4.3e-05
209,9974.0,"אפולו פאוור בע""מ",520043928,ח.פ.,אפולו פאוור אפ8,IL0012147414,ISIN,ישראל,ישראל,סחיר,TASE,IL0010821143,קלינטק,2026-03-10,לא,ILS,835.0,0.01,22049.42,1.0,251.6,55.47633,0.007661,0.0
209,9974.0,"זוז פאוור בע""מ",514881564,ח.פ.,זוז אופ 1 (נשר),1205160,ISIN,ישראל,ישראל,סחיר,TASE,IL0011741845,קלינטק,2029-06-30,לא,ILS,1.0,0.01,88019.24,1.0,0.0,0.0,0.0,0.0
209,9974.0,"מפעלים פטרוכימיים בישראל בע""מ",520029315,ח.פ.,פטרוכימים אפ 1,IL0011903056,ISIN,ישראל,ישראל,סחיר,TASE,IL0007560159,חיפושי נפט וגז,2026-10-25,לא,ILS,37.5,0.01,14.4,1.0,134.3,0.01933,2e-06,0.0
209,9974.0,"מגידו י.ק. ישראל בע""מ",510542855,ח.פ.,מגידו אפ 1,1225184,פנימי,ישראל,ישראל,סחיר,TASE,1216605,בנייה,2029-07-12,לא,ILS,850.0,0.01,441689.7,1.0,215.8,953.16636,0.131629,1.6e-05
209,9974.0,"אמות השקעות בע""מ",520026683,ח.פ.,אמות אפ 12,1225036,פנימי,ישראל,ישראל,סחיר,TASE,IL0010972789,"נדל""ן מניב בישראל",2026-12-31,לא,ILS,2800.0,0.01,192652.18,1.0,169.8,327.12341,0.045174,5e-06
209,9974.0,נאוויטס פטרוליום שותפות מוגבלת,550263107,ח.פ.,נאוויטס פט אפ 6,1228824,פנימי,ישראל,ישראל,סחיר,TASE,IL0011419699,חיפושי נפט וגז,2026-08-31,לא,ILS,12000.0,0.01,44680.39,1.0,1609.0,718.90748,0.099279,1.2e-05
209,9974.0,Taboola.com Ltd,984500F5945AFAFFCB30,LEI,Taboola.com Ltd,IL0011754210,ISIN,"חו""ל","ארה""ב",סחיר,NASDAQ,US4576791085,Commercial Services & Supplies,2027-12-31,לא,USD,11.5,1.0,12230.0,3.306,8.5,3.43675,0.000474,0.0
209,9974.0,ארקו קורפ.,1834,פנימי,Arko Corp,US0412421168,ISIN,"חו""ל","ארה""ב",סחיר,NASDAQ,US0412421085,Retail REITs,2025-12-31,לא,USD,11.5,0.82,199961.07,3.306,0.93,6.14796,0.000849,0.0
209,9974.0,LEO HOLDINGS III,7044,פנימי,Local Bounti Corp,US53960E1148,ISIN,"חו""ל","ארה""ב",סחיר,אחר,969743458,Industrial Conglomerates,2028-03-02,לא,USD,11.5,1.0,5771.09,3.306,0.66,0.12592,1.7e-05,0.0
209,9974.0,2MX ORGANIC SA,969500HQ6PWNILD1HE63,LEI,Teract SA,FR0014000TB2,ISIN,"חו""ל",צרפת,סחיר,אחר,FR001400BMH7,Diversified Consumer Services,2025-11-16,לא,EUR,11.5,0.25,148832.21,3.8807,0.1,0.57757,7.9e-05,0.0
209,9974.0,Taboola.com Ltd,984500F5945AFAFFCB30,LEI,Taboola.com Ltd,IL0011754210,ISIN,"חו""ל","ארה""ב",סחיר,NASDAQ,IL0011754137,Commercial Services & Supplies,2026-06-29,לא,USD,11.5,1.0,78973.57,3.306,8.5,22.19236,0.003064,0.0
209,9974.0,TALON METALS CORP,9845003F1E9496A9MA60,LEI,WTS TALON,TLO,ISIN,"חו""ל",קנדה,סחיר,אחר,0,Multi-Utilities,2026-06-29,לא,CAD,0.0,1.0,866529.47,2.3745,0.0,0.0,0.0,0.0
209,9974.0,HOMETOGO SE,2221001IK1TS34BCHL37,LEI,HTGW GR 11.5 31/12/25,LU2290524383,ISIN,"חו""ל",גרמניה,סחיר,FWB,LU2290523658,Wireless Telecommunication Services,2025-12-31,לא,EUR,11.5,1.0,51448.17,3.8807,0.1,0.19965,2.7e-05,0.0
209,9975.0,"סולאיר אנרגיות מתחדשות בע""מ",516046307,ח.פ.,סולאיר אפ 1,IL0012179185,ISIN,ישראל,ישראל,סחיר,TASE,IL0011722878,אנרגיה מתחדשת,2026-08-31,לא,ILS,4152.0,0.01,5143.97,1.0,492.0,25.30833,0.015491,1e-06
209,9975.0,"שובל הנדסה ובניין בע""מ",512951518,ח.פ.,שובל הנדסה אפ 1,IL0012159617,ISIN,ישראל,ישראל,סחיר,TASE,IL0012079682,בנייה,2027-01-10,לא,ILS,1023.0,0.01,10755.41,1.0,223.2,24.00607,0.014693,1e-06
209,9975.0,"זוז פאוור בע""מ",514881564,ח.פ.,זוז אופ 1 (נשר),1205160,ISIN,ישראל,ישראל,סחיר,TASE,IL0011741845,קלינטק,2029-06-30,לא,ILS,1.0,0.01,17492.95,1.0,0.0,0.0,0.0,0.0
209,9975.0,"ביג מרכזי קניות בע""מ",513623314,ח.פ.,ביג אפ 7,IL0012143454,ISIN,ישראל,ישראל,סחיר,TASE,IL0010972607,"נדל""ן מניב בישראל",2026-06-01,לא,ILS,58000.0,0.01,4251.6,1.0,12600.0,535.70104,0.327898,3.8e-05
209,9975.0,"חג'ג' אירופה דיוולופמנט צ.ש בע""מ",515682292,ח.פ.,חגג אירופה אפ 1,IL0012188418,ISIN,ישראל,ישראל,סחיר,TASE,IL0011436354,בנייה,2027-09-01,לא,ILS,950.0,0.01,14157.24,1.0,125.0,17.69656,0.010831,1e-06
209,9975.0,"בלדי בע""מ",511226136,ח.פ.,בלדי אפ 1,IL0012166620,ISIN,ישראל,ישראל,סחיר,TASE,IL0012125394,מסחר,2028-01-31,לא,ILS,2800.0,0.01,36942.89,1.0,1024.0,378.2952,0.231552,2.7e-05
209,9975.0,"קבוצת חג'ג' אפשטיין בע""מ",515387231,ח.פ.,חג'ג' אפ 1,IL0012166547,ISIN,ישראל,ישראל,סחיר,TASE,IL0008230133,בנייה,2027-07-30,לא,ILS,3230.0,0.01,16324.38,1.0,158.2,25.82518,0.015807,1e-06
209,9975.0,"אפולו פאוור בע""מ",520043928,ח.פ.,אפולו פאוור אפ8,IL0012147414,ISIN,ישראל,ישראל,סחיר,TASE,IL0010821143,קלינטק,2026-03-10,לא,ILS,835.0,0.01,4382.1,1.0,251.6,11.02537,0.006748,0.0
209,9975.0,"פאי סיאם בע""מ",513154617,ח.פ.,פאי סיאם   אפ 1,IL0012162827,ISIN,ישראל,ישראל,סחיר,TASE,IL0011865271,מלונאות ותיירות,2028-01-12,לא,ILS,4900.0,0.01,23656.02,1.0,480.1,113.57257,0.069517,8e-06
209,9975.0,"ווישור גלובלטק בע""מ",515559169,ח.פ.,ווישור אפ 1,IL0012292517,ISIN,ישראל,ישראל,סחיר,TASE,IL0011732281,ביטוח,2028-10-01,לא,ILS,1325.0,0.01,19393.52,1.0,162.1,31.4369,0.019242,2e-06
209,9975.0,"מפעלים פטרוכימיים בישראל בע""מ",520029315,ח.פ.,פטרוכימים אפ 1,IL0011903056,ISIN,ישראל,ישראל,סחיר,TASE,IL0007560159,חיפושי נפט וגז,2026-10-25,לא,ILS,37.5,0.01,6575.43,1.0,134.3,8.83081,0.005405,0.0
209,9975.0,"קנדה גלובל (ט.ר) בע""מ",520041286,ח.פ.,קנדה גלובל אפ 1,IL0012181892,ISIN,ישראל,ישראל,סחיר,TASE,IL0001060131,"נדל""ן מניב בחו""ל",2029-02-27,לא,ILS,1675.0,0.01,9973.24,1.0,584.6,58.30355,0.035687,4e-06
209,9975.0,"מגידו י.ק. ישראל בע""מ",510542855,ח.פ.,מגידו אפ 1,1225184,פנימי,ישראל,ישראל,סחיר,TASE,1216605,בנייה,2029-07-12,לא,ILS,850.0,0.01,87781.44,1.0,215.8,189.43234,0.11595,1.3e-05
209,9975.0,נאוויטס פטרוליום שותפות מוגבלת,550263107,ח.פ.,נאוויטס פט אפ 6,1228824,פנימי,ישראל,ישראל,סחיר,TASE,IL0011419699,חיפושי נפט וגז,2026-08-31,לא,ILS,12000.0,0.01,8879.78,1.0,1609.0,142.87572,0.087453,1e-05
209,9975.0,"אמות השקעות בע""מ",520026683,ח.פ.,אמות אפ 12,1225036,פנימי,ישראל,ישראל,סחיר,TASE,IL0010972789,"נדל""ן מניב בישראל",2026-12-31,לא,ILS,2800.0,0.01,38287.71,1.0,169.8,65.01253,0.039793,4e-06
209,9975.0,TALON METALS CORP,9845003F1E9496A9MA60,LEI,WTS TALON,TLO,ISIN,"חו""ל",קנדה,סחיר,אחר,0,Multi-Utilities,2026-06-29,לא,CAD,0.0,1.0,169592.75,2.3745,0.0,0.0,0.0,0.0
209,9975.0,Taboola.com Ltd,984500F5945AFAFFCB30,LEI,Taboola.com Ltd,IL0011754210,ISIN,"חו""ל","ארה""ב",סחיר,NASDAQ,IL0011754137,Commercial Services & Supplies,2026-06-29,לא,USD,11.5,1.0,15456.31,3.306,8.5,4.34338,0.002658,0.0
209,9975.0,ארקו קורפ.,1834,פנימי,Arko Corp,US0412421168,ISIN,"חו""ל","ארה""ב",סחיר,NASDAQ,US0412421085,Retail REITs,2025-12-31,לא,USD,11.5,0.82,39740.27,3.306,0.93,1.22185,0.000747,0.0
209,9975.0,HOMETOGO SE,2221001IK1TS34BCHL37,LEI,HTGW GR 11.5 31/12/25,LU2290524383,ISIN,"חו""ל",גרמניה,סחיר,FWB,LU2290523658,Wireless Telecommunication Services,2025-12-31,לא,EUR,11.5,1.0,10069.17,3.8807,0.1,0.03908,2.3e-05,0.0
209,9975.0,2MX ORGANIC SA,969500HQ6PWNILD1HE63,LEI,Teract SA,FR0014000TB2,ISIN,"חו""ל",צרפת,סחיר,אחר,FR001400BMH7,Diversified Consumer Services,2025-11-16,לא,EUR,11.5,0.25,29128.69,3.8807,0.1,0.11304,6.9e-05,0.0
209,9975.0,Taboola.com Ltd,984500F5945AFAFFCB30,LEI,Taboola.com Ltd,IL0011754210,ISIN,"חו""ל","ארה""ב",סחיר,NASDAQ,US4576791085,Commercial Services & Supplies,2027-12-31,לא,USD,11.5,1.0,2393.59,3.306,8.5,0.67262,0.000411,0.0
209,9975.0,LEO HOLDINGS III,7044,פנימי,Local Bounti Corp,US53960E1148,ISIN,"חו""ל","ארה""ב",סחיר,אחר,969743458,Industrial Conglomerates,2028-03-02,לא,USD,11.5,1.0,1129.49,3.306,0.66,0.02464,1.5e-05,0.0
209,9976.0,"ווישור גלובלטק בע""מ",515559169,ח.פ.,ווישור אפ 1,IL0012292517,ISIN,ישראל,ישראל,סחיר,TASE,IL0011732281,ביטוח,2028-10-01,לא,ILS,1325.0,0.01,14453.93,1.0,162.1,23.42983,0.055023,4e-06
209,9976.0,"פאי סיאם בע""מ",513154617,ח.פ.,פאי סיאם   אפ 1,IL0012162827,ISIN,ישראל,ישראל,סחיר,TASE,IL0011865271,מלונאות ותיירות,2028-01-12,לא,ILS,4900.0,0.01,4612.62,1.0,480.1,22.1452,0.052006,3e-06
209,9976.0,"שובל הנדסה ובניין בע""מ",512951518,ח.פ.,שובל הנדסה אפ 1,IL0012159617,ISIN,ישראל,ישראל,סחיר,TASE,IL0012079682,בנייה,2027-01-10,לא,ILS,1023.0,0.01,2097.17,1.0,223.2,4.68088,0.010992,0.0
209,9976.0,"קבוצת חג'ג' אפשטיין בע""מ",515387231,ח.פ.,חג'ג' אפ 1,IL0012166547,ISIN,ישראל,ישראל,סחיר,TASE,IL0008230133,בנייה,2027-07-30,לא,ILS,3230.0,0.01,12166.52,1.0,158.2,19.24743,0.045201,3e-06
209,9976.0,"סולאיר אנרגיות מתחדשות בע""מ",516046307,ח.פ.,סולאיר אפ 1,IL0012179185,ISIN,ישראל,ישראל,סחיר,TASE,IL0011722878,אנרגיה מתחדשת,2026-08-31,לא,ILS,4152.0,0.01,3833.79,1.0,492.0,18.86223,0.044296,3e-06
209,9976.0,"אפולו פאוור בע""מ",520043928,ח.פ.,אפולו פאוור אפ8,IL0012147414,ISIN,ישראל,ישראל,סחיר,TASE,IL0010821143,קלינטק,2026-03-10,לא,ILS,835.0,0.01,854.45,1.0,251.6,2.14981,0.005048,0.0
209,9976.0,"מפעלים פטרוכימיים בישראל בע""מ",520029315,ח.פ.,פטרוכימים אפ 1,IL0011903056,ISIN,ישראל,ישראל,סחיר,TASE,IL0007560159,חיפושי נפט וגז,2026-10-25,לא,ILS,37.5,0.01,4900.65,1.0,134.3,6.58158,0.015456,1e-06
209,9976.0,"חג'ג' אירופה דיוולופמנט צ.ש בע""מ",515682292,ח.פ.,חגג אירופה אפ 1,IL0012188418,ISIN,ישראל,ישראל,סחיר,TASE,IL0011436354,בנייה,2027-09-01,לא,ILS,950.0,0.01,10551.35,1.0,125.0,13.18919,0.030973,2e-06
209,9976.0,"ביג מרכזי קניות בע""מ",513623314,ח.פ.,ביג אפ 7,IL0012143454,ISIN,ישראל,ישראל,סחיר,TASE,IL0010972607,"נדל""ן מניב בישראל",2026-06-01,לא,ILS,58000.0,0.01,948.21,1.0,12600.0,119.47408,0.280576,2e-05
209,9976.0,"קנדה גלובל (ט.ר) בע""מ",520041286,ח.פ.,קנדה גלובל אפ 1,IL0012181892,ISIN,ישראל,ישראל,סחיר,TASE,IL0001060131,"נדל""ן מניב בחו""ל",2029-02-27,לא,ILS,1675.0,0.01,7433.03,1.0,584.6,43.45347,0.102047,7e-06
209,9976.0,"בלדי בע""מ",511226136,ח.פ.,בלדי אפ 1,IL0012166620,ISIN,ישראל,ישראל,סחיר,TASE,IL0012125394,מסחר,2028-01-31,לא,ILS,2800.0,0.01,7203.39,1.0,1024.0,73.76271,0.173226,1.3e-05
209,9976.0,"זוז פאוור בע""מ",514881564,ח.פ.,זוז אופ 1 (נשר),1205160,ISIN,ישראל,ישראל,סחיר,TASE,IL0011741845,קלינטק,2029-06-30,לא,ILS,1.0,0.01,3410.9,1.0,0.0,0.0,0.0,0.0
209,9976.0,"אמות השקעות בע""מ",520026683,ח.פ.,אמות אפ 12,1225036,פנימי,ישראל,ישראל,סחיר,TASE,IL0010972789,"נדל""ן מניב בישראל",2026-12-31,לא,ILS,2800.0,0.01,7465.61,1.0,169.8,12.67661,0.02977,2e-06
209,9976.0,"מגידו י.ק. ישראל בע""מ",510542855,ח.פ.,מגידו אפ 1,1225184,פנימי,ישראל,ישראל,סחיר,TASE,1216605,בנייה,2029-07-12,לא,ILS,850.0,0.01,17116.26,1.0,215.8,36.93688,0.086743,6e-06
209,9976.0,נאוויטס פטרוליום שותפות מוגבלת,550263107,ח.פ.,נאוויטס פט אפ 6,1228824,פנימי,ישראל,ישראל,סחיר,TASE,IL0011419699,חיפושי נפט וגז,2026-08-31,לא,ILS,12000.0,0.01,1731.44,1.0,1609.0,27.85893,0.065424,4e-06
209,9976.0,Taboola.com Ltd,984500F5945AFAFFCB30,LEI,Taboola.com Ltd,IL0011754210,ISIN,"חו""ל","ארה""ב",סחיר,NASDAQ,IL0011754137,Commercial Services & Supplies,2026-06-29,לא,USD,11.5,1.0,3359.33,3.306,8.5,0.94401,0.002216,0.0
209,9976.0,Taboola.com Ltd,984500F5945AFAFFCB30,LEI,Taboola.com Ltd,IL0011754210,ISIN,"חו""ל","ארה""ב",סחיר,NASDAQ,US4576791085,Commercial Services & Supplies,2027-12-31,לא,USD,11.5,1.0,520.23,3.306,8.5,0.14619,0.000343,0.0
209,9976.0,ארקו קורפ.,1834,פנימי,Arko Corp,US0412421168,ISIN,"חו""ל","ארה""ב",סחיר,NASDAQ,US0412421085,Retail REITs,2025-12-31,לא,USD,11.5,0.82,7748.84,3.306,0.93,0.23824,0.000559,0.0
209,9976.0,HOMETOGO SE,2221001IK1TS34BCHL37,LEI,HTGW GR 11.5 31/12/25,LU2290524383,ISIN,"חו""ל",גרמניה,סחיר,FWB,LU2290523658,Wireless Telecommunication Services,2025-12-31,לא,EUR,11.5,1.0,2188.47,3.8807,0.1,0.00849,1.9e-05,0.0
209,9976.0,LEO HOLDINGS III,7044,פנימי,Local Bounti Corp,US53960E1148,ISIN,"חו""ל","ארה""ב",סחיר,אחר,969743458,Industrial Conglomerates,2028-03-02,לא,USD,11.5,1.0,245.49,3.306,0.66,0.00536,1.2e-05,0.0
209,9976.0,2MX ORGANIC SA,969500HQ6PWNILD1HE63,LEI,Teract SA,FR0014000TB2,ISIN,"חו""ל",צרפת,סחיר,אחר,FR001400BMH7,Diversified Consumer Services,2025-11-16,לא,EUR,11.5,0.25,6330.94,3.8807,0.1,0.02457,5.7e-05,0.0
209,9976.0,TALON METALS CORP,9845003F1E9496A9MA60,LEI,WTS TALON,TLO,ISIN,"חו""ל",קנדה,סחיר,אחר,0,Multi-Utilities,2026-06-29,לא,CAD,0.0,1.0,36859.93,2.3745,0.0,0.0,0.0,0.0
325,325.0,"זוז פאוור בע""מ",514881564,ח.פ.,זוז אופ 1 (נשר),1205160,ISIN,ישראל,ישראל,סחיר,TASE,IL0011741845,קלינטק,2029-06-30,לא,ILS,1.0,0.01,323.72,1.0,0.0,0.0,0.0,0.0
325,325.0,"מפעלים פטרוכימיים בישראל בע""מ",520029315,ח.פ.,פטרוכימים אפ 1,IL0011903056,ISIN,ישראל,ישראל,סחיר,TASE,IL0007560159,חיפושי נפט וגז,2026-10-25,לא,ILS,37.5,0.01,31.92,1.0,134.3,0.04287,0.001554,0.0
325,325.0,"קבוצת חג'ג' אפשטיין בע""מ",515387231,ח.פ.,חג'ג' אפ 1,IL0012166547,ISIN,ישראל,ישראל,סחיר,TASE,IL0008230133,בנייה,2027-07-30,לא,ILS,3230.0,0.01,79.25,1.0,158.2,0.12537,0.004544,0.0
325,325.0,"סולאיר אנרגיות מתחדשות בע""מ",516046307,ח.פ.,סולאיר אפ 1,IL0012179185,ISIN,ישראל,ישראל,סחיר,TASE,IL0011722878,אנרגיה מתחדשת,2026-08-31,לא,ILS,4152.0,0.01,24.97,1.0,492.0,0.12286,0.004453,0.0
325,325.0,"חג'ג' אירופה דיוולופמנט צ.ש בע""מ",515682292,ח.פ.,חגג אירופה אפ 1,IL0012188418,ISIN,ישראל,ישראל,סחיר,TASE,IL0011436354,בנייה,2027-09-01,לא,ILS,950.0,0.01,68.73,1.0,125.0,0.08591,0.003114,0.0
325,325.0,"קנדה גלובל (ט.ר) בע""מ",520041286,ח.פ.,קנדה גלובל אפ 1,IL0012181892,ISIN,ישראל,ישראל,סחיר,TASE,IL0001060131,"נדל""ן מניב בחו""ל",2029-02-27,לא,ILS,1675.0,0.01,48.42,1.0,584.6,0.28305,0.01026,0.0
325,325.0,"פאי סיאם בע""מ",513154617,ח.פ.,פאי סיאם   אפ 1,IL0012162827,ISIN,ישראל,ישראל,סחיר,TASE,IL0011865271,מלונאות ותיירות,2028-01-12,לא,ILS,4900.0,0.01,437.77,1.0,480.1,2.10175,0.076188,3e-06
325,325.0,"בלדי בע""מ",511226136,ח.פ.,בלדי אפ 1,IL0012166620,ISIN,ישראל,ישראל,סחיר,TASE,IL0012125394,מסחר,2028-01-31,לא,ILS,2800.0,0.01,683.66,1.0,1024.0,7.00066,0.253774,1.2e-05
325,325.0,"אפולו פאוור בע""מ",520043928,ח.פ.,אפולו פאוור אפ8,IL0012147414,ISIN,ישראל,ישראל,סחיר,TASE,IL0010821143,קלינטק,2026-03-10,לא,ILS,835.0,0.01,81.09,1.0,251.6,0.20403,0.007396,0.0
325,325.0,"שובל הנדסה ובניין בע""מ",512951518,ח.פ.,שובל הנדסה אפ 1,IL0012159617,ISIN,ישראל,ישראל,סחיר,TASE,IL0012079682,בנייה,2027-01-10,לא,ILS,1023.0,0.01,199.04,1.0,223.2,0.44425,0.016104,0.0
325,325.0,"ווישור גלובלטק בע""מ",515559169,ח.פ.,ווישור אפ 1,IL0012292517,ISIN,ישראל,ישראל,סחיר,TASE,IL0011732281,ביטוח,2028-10-01,לא,ILS,1325.0,0.01,94.15,1.0,162.1,0.15262,0.005532,0.0
325,325.0,"ביג מרכזי קניות בע""מ",513623314,ח.פ.,ביג אפ 7,IL0012143454,ISIN,ישראל,ישראל,סחיר,TASE,IL0010972607,"נדל""ן מניב בישראל",2026-06-01,לא,ILS,58000.0,0.01,75.72,1.0,12600.0,9.54101,0.345861,1.6e-05
325,325.0,נאוויטס פטרוליום שותפות מוגבלת,550263107,ח.פ.,נאוויטס פט אפ 6,1228824,פנימי,ישראל,ישראל,סחיר,TASE,IL0011419699,חיפושי נפט וגז,2026-08-31,לא,ILS,12000.0,0.01,164.33,1.0,1609.0,2.64403,0.095846,4e-06
325,325.0,"אמות השקעות בע""מ",520026683,ח.פ.,אמות אפ 12,1225036,פנימי,ישראל,ישראל,סחיר,TASE,IL0010972789,"נדל""ן מניב בישראל",2026-12-31,לא,ILS,2800.0,0.01,708.54,1.0,169.8,1.20311,0.043612,2e-06
325,325.0,"מגידו י.ק. ישראל בע""מ",510542855,ח.פ.,מגידו אפ 1,1225184,פנימי,ישראל,ישראל,סחיר,TASE,1216605,בנייה,2029-07-12,לא,ILS,850.0,0.01,1624.47,1.0,215.8,3.5056,0.127078,6e-06
325,325.0,Taboola.com Ltd,984500F5945AFAFFCB30,LEI,Taboola.com Ltd,IL0011754210,ISIN,"חו""ל","ארה""ב",סחיר,NASDAQ,US4576791085,Commercial Services & Supplies,2027-12-31,לא,USD,11.5,1.0,49.07,3.306,8.5,0.01379,0.000499,0.0
325,325.0,2MX ORGANIC SA,969500HQ6PWNILD1HE63,LEI,Teract SA,FR0014000TB2,ISIN,"חו""ל",צרפת,סחיר,אחר,FR001400BMH7,Diversified Consumer Services,2025-11-16,לא,EUR,11.5,0.25,597.15,3.8807,0.1,0.00232,8.4e-05,0.0
325,325.0,ארקו קורפ.,1834,פנימי,Arko Corp,US0412421168,ISIN,"חו""ל","ארה""ב",סחיר,NASDAQ,US0412421085,Retail REITs,2025-12-31,לא,USD,11.5,0.82,735.43,3.306,0.93,0.02261,0.000819,0.0
325,325.0,TALON METALS CORP,9845003F1E9496A9MA60,LEI,WTS TALON,TLO,ISIN,"חו""ל",קנדה,סחיר,אחר,0,Multi-Utilities,2026-06-29,לא,CAD,0.0,1.0,3476.71,2.3745,0.0,0.0,0.0,0.0
325,325.0,LEO HOLDINGS III,7044,פנימי,Local Bounti Corp,US53960E1148,ISIN,"חו""ל","ארה""ב",סחיר,אחר,969743458,Industrial Conglomerates,2028-03-02,לא,USD,11.5,1.0,23.15,3.306,0.66,0.00051,1.8e-05,0.0
325,325.0,HOMETOGO SE,2221001IK1TS34BCHL37,LEI,HTGW GR 11.5 31/12/25,LU2290524383,ISIN,"חו""ל",גרמניה,סחיר,FWB,LU2290523658,Wireless Telecommunication Services,2025-12-31,לא,EUR,11.5,1.0,206.42,3.8807,0.1,0.0008,2.9e-05,0.0
325,325.0,Taboola.com Ltd,984500F5945AFAFFCB30,LEI,Taboola.com Ltd,IL0011754210,ISIN,"חו""ל","ארה""ב",סחיר,NASDAQ,IL0011754137,Commercial Services & Supplies,2026-06-29,לא,USD,11.5,1.0,316.86,3.306,8.5,0.08904,0.003227,0.0
347,347.0,"זוז פאוור בע""מ",514881564,ח.פ.,זוז אופ 1 (נשר),1205160,ISIN,ישראל,ישראל,סחיר,TASE,IL0011741845,קלינטק,2029-06-30,לא,ILS,1.0,0.01,1177.93,1.0,0.0,0.0,0.0,0.0
347,347.0,"חג'ג' אירופה דיוולופמנט צ.ש בע""מ",515682292,ח.פ.,חגג אירופה אפ 1,IL0012188418,ISIN,ישראל,ישראל,סחיר,TASE,IL0011436354,בנייה,2027-09-01,לא,ILS,950.0,0.01,3900.85,1.0,125.0,4.87607,0.032397,2e-06
347,347.0,"פאי סיאם בע""מ",513154617,ח.פ.,פאי סיאם   אפ 1,IL0012162827,ISIN,ישראל,ישראל,סחיר,TASE,IL0011865271,מלונאות ותיירות,2028-01-12,לא,ILS,4900.0,0.01,1592.93,1.0,480.1,7.64764,0.050813,3e-06
347,347.0,"ביג מרכזי קניות בע""מ",513623314,ח.פ.,ביג אפ 7,IL0012143454,ISIN,ישראל,ישראל,סחיר,TASE,IL0010972607,"נדל""ן מניב בישראל",2026-06-01,לא,ILS,58000.0,0.01,331.39,1.0,12600.0,41.75479,0.277434,1.9e-05
347,347.0,"אפולו פאוור בע""מ",520043928,ח.פ.,אפולו פאוור אפ8,IL0012147414,ISIN,ישראל,ישראל,סחיר,TASE,IL0010821143,קלינטק,2026-03-10,לא,ILS,835.0,0.01,295.08,1.0,251.6,0.74242,0.004932,0.0
347,347.0,"סולאיר אנרגיות מתחדשות בע""מ",516046307,ח.פ.,סולאיר אפ 1,IL0012179185,ISIN,ישראל,ישראל,סחיר,TASE,IL0011722878,אנרגיה מתחדשת,2026-08-31,לא,ILS,4152.0,0.01,1417.36,1.0,492.0,6.9734,0.046333,2e-06
347,347.0,"בלדי בע""מ",511226136,ח.פ.,בלדי אפ 1,IL0012166620,ISIN,ישראל,ישראל,סחיר,TASE,IL0012125394,מסחר,2028-01-31,לא,ILS,2800.0,0.01,2487.62,1.0,1024.0,25.47327,0.169254,1.2e-05
347,347.0,"ווישור גלובלטק בע""מ",515559169,ח.פ.,ווישור אפ 1,IL0012292517,ISIN,ישראל,ישראל,סחיר,TASE,IL0011732281,ביטוח,2028-10-01,לא,ILS,1325.0,0.01,5343.64,1.0,162.1,8.66205,0.057553,3e-06
347,347.0,"שובל הנדסה ובניין בע""מ",512951518,ח.פ.,שובל הנדסה אפ 1,IL0012159617,ISIN,ישראל,ישראל,סחיר,TASE,IL0012079682,בנייה,2027-01-10,לא,ILS,1023.0,0.01,724.24,1.0,223.2,1.61649,0.01074,0.0
347,347.0,"מפעלים פטרוכימיים בישראל בע""מ",520029315,ח.פ.,פטרוכימים אפ 1,IL0011903056,ISIN,ישראל,ישראל,סחיר,TASE,IL0007560159,חיפושי נפט וגז,2026-10-25,לא,ILS,37.5,0.01,1811.78,1.0,134.3,2.43322,0.016166,1e-06
347,347.0,"קנדה גלובל (ט.ר) בע""מ",520041286,ח.פ.,קנדה גלובל אפ 1,IL0012181892,ISIN,ישראל,ישראל,סחיר,TASE,IL0001060131,"נדל""ן מניב בחו""ל",2029-02-27,לא,ILS,1675.0,0.01,2748.01,1.0,584.6,16.06482,0.106741,7e-06
347,347.0,"קבוצת חג'ג' אפשטיין בע""מ",515387231,ח.פ.,חג'ג' אפ 1,IL0012166547,ISIN,ישראל,ישראל,סחיר,TASE,IL0008230133,בנייה,2027-07-30,לא,ILS,3230.0,0.01,4497.98,1.0,158.2,7.11581,0.047279,3e-06
347,347.0,נאוויטס פטרוליום שותפות מוגבלת,550263107,ח.פ.,נאוויטס פט אפ 6,1228824,פנימי,ישראל,ישראל,סחיר,TASE,IL0011419699,חיפושי נפט וגז,2026-08-31,לא,ILS,12000.0,0.01,597.94,1.0,1609.0,9.62082,0.063924,4e-06
347,347.0,"אמות השקעות בע""מ",520026683,ח.פ.,אמות אפ 12,1225036,פנימי,ישראל,ישראל,סחיר,TASE,IL0010972789,"נדל""ן מניב בישראל",2026-12-31,לא,ILS,2800.0,0.01,2578.18,1.0,169.8,4.37775,0.029087,2e-06
347,347.0,"מגידו י.ק. ישראל בע""מ",510542855,ח.פ.,מגידו אפ 1,1225184,פנימי,ישראל,ישראל,סחיר,TASE,1216605,בנייה,2029-07-12,לא,ILS,850.0,0.01,5910.94,1.0,215.8,12.75581,0.084754,5e-06
347,347.0,TALON METALS CORP,9845003F1E9496A9MA60,LEI,WTS TALON,TLO,ISIN,"חו""ל",קנדה,סחיר,אחר,0,Multi-Utilities,2026-06-29,לא,CAD,0.0,1.0,9986.26,2.3745,0.0,0.0,0.0,0.0
347,347.0,HOMETOGO SE,2221001IK1TS34BCHL37,LEI,HTGW GR 11.5 31/12/25,LU2290524383,ISIN,"חו""ל",גרמניה,סחיר,FWB,LU2290523658,Wireless Telecommunication Services,2025-12-31,לא,EUR,11.5,1.0,592.91,3.8807,0.1,0.0023,1.4e-05,0.0
347,347.0,2MX ORGANIC SA,969500HQ6PWNILD1HE63,LEI,Teract SA,FR0014000TB2,ISIN,"חו""ל",צרפת,סחיר,אחר,FR001400BMH7,Diversified Consumer Services,2025-11-16,לא,EUR,11.5,0.25,1715.21,3.8807,0.1,0.00666,4.3e-05,0.0
347,347.0,Taboola.com Ltd,984500F5945AFAFFCB30,LEI,Taboola.com Ltd,IL0011754210,ISIN,"חו""ל","ארה""ב",סחיר,NASDAQ,US4576791085,Commercial Services & Supplies,2027-12-31,לא,USD,11.5,1.0,140.94,3.306,8.5,0.03961,0.000262,0.0
347,347.0,ארקו קורפ.,1834,פנימי,Arko Corp,US0412421168,ISIN,"חו""ל","ארה""ב",סחיר,NASDAQ,US0412421085,Retail REITs,2025-12-31,לא,USD,11.5,0.82,2675.99,3.306,0.93,0.08227,0.000546,0.0
347,347.0,LEO HOLDINGS III,7044,פנימי,Local Bounti Corp,US53960E1148,ISIN,"חו""ל","ארה""ב",סחיר,אחר,969743458,Industrial Conglomerates,2028-03-02,לא,USD,11.5,1.0,66.51,3.306,0.66,0.00145,8e-06,0.0
347,347.0,Taboola.com Ltd,984500F5945AFAFFCB30,LEI,Taboola.com Ltd,IL0011754210,ISIN,"חו""ל","ארה""ב",סחיר,NASDAQ,IL0011754137,Commercial Services & Supplies,2026-06-29,לא,USD,11.5,1.0,910.12,3.306,8.5,0.25575,0.001699,0.0
389,389.0,"קבוצת חג'ג' אפשטיין בע""מ",515387231,ח.פ.,חג'ג' אפ 1,IL0012166547,ISIN,ישראל,ישראל,סחיר,TASE,IL0008230133,בנייה,2027-07-30,לא,ILS,3230.0,0.01,912.38,1.0,158.2,1.44338,0.030747,1e-06
389,389.0,"סולאיר אנרגיות מתחדשות בע""מ",516046307,ח.פ.,סולאיר אפ 1,IL0012179185,ISIN,ישראל,ישראל,סחיר,TASE,IL0011722878,אנרגיה מתחדשת,2026-08-31,לא,ILS,4152.0,0.01,287.5,1.0,492.0,1.41449,0.030131,1e-06
389,389.0,"ביג מרכזי קניות בע""מ",513623314,ח.פ.,ביג אפ 7,IL0012143454,ISIN,ישראל,ישראל,סחיר,TASE,IL0010972607,"נדל""ן מניב בישראל",2026-06-01,לא,ILS,58000.0,0.01,113.19,1.0,12600.0,14.26164,0.303806,1.7e-05
389,389.0,"קנדה גלובל (ט.ר) בע""מ",520041286,ח.פ.,קנדה גלובל אפ 1,IL0012181892,ISIN,ישראל,ישראל,סחיר,TASE,IL0001060131,"נדל""ן מניב בחו""ל",2029-02-27,לא,ILS,1675.0,0.01,557.41,1.0,584.6,3.25861,0.069416,4e-06
389,389.0,"שובל הנדסה ובניין בע""מ",512951518,ח.פ.,שובל הנדסה אפ 1,IL0012159617,ISIN,ישראל,ישראל,סחיר,TASE,IL0012079682,בנייה,2027-01-10,לא,ILS,1023.0,0.01,269.44,1.0,223.2,0.60138,0.01281,0.0
389,389.0,"בלדי בע""מ",511226136,ח.פ.,בלדי אפ 1,IL0012166620,ISIN,ישראל,ישראל,סחיר,TASE,IL0012125394,מסחר,2028-01-31,לא,ILS,2800.0,0.01,925.46,1.0,1024.0,9.47675,0.201876,1.2e-05
389,389.0,"פאי סיאם בע""מ",513154617,ח.פ.,פאי סיאם   אפ 1,IL0012162827,ISIN,ישראל,ישראל,סחיר,TASE,IL0011865271,מלונאות ותיירות,2028-01-12,לא,ILS,4900.0,0.01,592.61,1.0,480.1,2.84513,0.060607,3e-06
389,389.0,"אפולו פאוור בע""מ",520043928,ח.פ.,אפולו פאוור אפ8,IL0012147414,ISIN,ישראל,ישראל,סחיר,TASE,IL0010821143,קלינטק,2026-03-10,לא,ILS,835.0,0.01,109.78,1.0,251.6,0.2762,0.005883,0.0
389,389.0,"חג'ג' אירופה דיוולופמנט צ.ש בע""מ",515682292,ח.פ.,חגג אירופה אפ 1,IL0012188418,ISIN,ישראל,ישראל,סחיר,TASE,IL0011436354,בנייה,2027-09-01,לא,ILS,950.0,0.01,791.26,1.0,125.0,0.98907,0.021069,1e-06
389,389.0,"מפעלים פטרוכימיים בישראל בע""מ",520029315,ח.פ.,פטרוכימים אפ 1,IL0011903056,ISIN,ישראל,ישראל,סחיר,TASE,IL0007560159,חיפושי נפט וגז,2026-10-25,לא,ILS,37.5,0.01,367.5,1.0,134.3,0.49356,0.010513,0.0
389,389.0,"זוז פאוור בע""מ",514881564,ח.פ.,זוז אופ 1 (נשר),1205160,ISIN,ישראל,ישראל,סחיר,TASE,IL0011741845,קלינטק,2029-06-30,לא,ILS,1.0,0.01,438.22,1.0,0.0,0.0,0.0,0.0
389,389.0,"ווישור גלובלטק בע""מ",515559169,ח.פ.,ווישור אפ 1,IL0012292517,ISIN,ישראל,ישראל,סחיר,TASE,IL0011732281,ביטוח,2028-10-01,לא,ILS,1325.0,0.01,1083.91,1.0,162.1,1.75702,0.037428,2e-06
389,389.0,נאוויטס פטרוליום שותפות מוגבלת,550263107,ח.פ.,נאוויטס פט אפ 6,1228824,פנימי,ישראל,ישראל,סחיר,TASE,IL0011419699,חיפושי נפט וגז,2026-08-31,לא,ILS,12000.0,0.01,222.45,1.0,1609.0,3.57921,0.076245,4e-06
389,389.0,"אמות השקעות בע""מ",520026683,ח.פ.,אמות אפ 12,1225036,פנימי,ישראל,ישראל,סחיר,TASE,IL0010972789,"נדל""ן מניב בישראל",2026-12-31,לא,ILS,2800.0,0.01,959.15,1.0,169.8,1.62864,0.034693,2e-06
389,389.0,"מגידו י.ק. ישראל בע""מ",510542855,ח.פ.,מגידו אפ 1,1225184,פנימי,ישראל,ישראל,סחיר,TASE,1216605,בנייה,2029-07-12,לא,ILS,850.0,0.01,2199.03,1.0,215.8,4.74551,0.10109,6e-06
389,389.0,Taboola.com Ltd,984500F5945AFAFFCB30,LEI,Taboola.com Ltd,IL0011754210,ISIN,"חו""ל","ארה""ב",סחיר,NASDAQ,IL0011754137,Commercial Services & Supplies,2026-06-29,לא,USD,11.5,1.0,422.67,3.306,8.5,0.11878,0.00253,0.0
389,389.0,TALON METALS CORP,9845003F1E9496A9MA60,LEI,WTS TALON,TLO,ISIN,"חו""ל",קנדה,סחיר,אחר,0,Multi-Utilities,2026-06-29,לא,CAD,0.0,1.0,4637.75,2.3745,0.0,0.0,0.0,0.0
389,389.0,ארקו קורפ.,1834,פנימי,Arko Corp,US0412421168,ISIN,"חו""ל","ארה""ב",סחיר,NASDAQ,US0412421085,Retail REITs,2025-12-31,לא,USD,11.5,0.82,995.54,3.306,0.93,0.03061,0.000652,0.0
389,389.0,2MX ORGANIC SA,969500HQ6PWNILD1HE63,LEI,Teract SA,FR0014000TB2,ISIN,"חו""ל",צרפת,סחיר,אחר,FR001400BMH7,Diversified Consumer Services,2025-11-16,לא,EUR,11.5,0.25,796.57,3.8807,0.1,0.00309,6.5e-05,0.0
389,389.0,LEO HOLDINGS III,7044,פנימי,Local Bounti Corp,US53960E1148,ISIN,"חו""ל","ארה""ב",סחיר,אחר,969743458,Industrial Conglomerates,2028-03-02,לא,USD,11.5,1.0,30.89,3.306,0.66,0.00067,1.4e-05,0.0
389,389.0,Taboola.com Ltd,984500F5945AFAFFCB30,LEI,Taboola.com Ltd,IL0011754210,ISIN,"חו""ל","ארה""ב",סחיר,NASDAQ,US4576791085,Commercial Services & Supplies,2027-12-31,לא,USD,11.5,1.0,65.46,3.306,8.5,0.01839,0.000391,0.0
389,389.0,HOMETOGO SE,2221001IK1TS34BCHL37,LEI,HTGW GR 11.5 31/12/25,LU2290524383,ISIN,"חו""ל",גרמניה,סחיר,FWB,LU2290523658,Wireless Telecommunication Services,2025-12-31,לא,EUR,11.5,1.0,275.36,3.8807,0.1,0.00107,2.2e-05,0.0
671,12120.0,"זוז פאוור בע""מ",514881564,ח.פ.,זוז אופ 1 (נשר),1205160,ISIN,ישראל,ישראל,סחיר,TASE,IL0011741845,קלינטק,2029-06-30,לא,ILS,1.0,0.01,192.78,1.0,0.0,0.0,0.0,0.0
671,12120.0,"בלדי בע""מ",511226136,ח.פ.,בלדי אפ 1,IL0012166620,ISIN,ישראל,ישראל,סחיר,TASE,IL0012125394,מסחר,2028-01-31,לא,ILS,2800.0,0.01,407.12,1.0,1024.0,4.16892,0.138482,1.1e-05
671,12120.0,"ביג מרכזי קניות בע""מ",513623314,ח.פ.,ביג אפ 7,IL0012143454,ISIN,ישראל,ישראל,סחיר,TASE,IL0010972607,"נדל""ן מניב בישראל",2026-06-01,לא,ILS,58000.0,0.01,60.3,1.0,12600.0,7.59798,0.252387,1.9e-05
671,12120.0,"אפולו פאוור בע""מ",520043928,ח.פ.,אפולו פאוור אפ8,IL0012147414,ISIN,ישראל,ישראל,סחיר,TASE,IL0010821143,קלינטק,2026-03-10,לא,ILS,835.0,0.01,48.29,1.0,251.6,0.1215,0.004035,0.0
671,12120.0,"מפעלים פטרוכימיים בישראל בע""מ",520029315,ח.פ.,פטרוכימים אפ 1,IL0011903056,ISIN,ישראל,ישראל,סחיר,TASE,IL0007560159,חיפושי נפט וגז,2026-10-25,לא,ILS,37.5,0.01,480.69,1.0,134.3,0.64557,0.021444,1e-06
671,12120.0,"ווישור גלובלטק בע""מ",515559169,ח.פ.,ווישור אפ 1,IL0012292517,ISIN,ישראל,ישראל,סחיר,TASE,IL0011732281,ביטוח,2028-10-01,לא,ILS,1325.0,0.01,1417.74,1.0,162.1,2.29816,0.076339,6e-06
671,12120.0,"פאי סיאם בע""מ",513154617,ח.פ.,פאי סיאם   אפ 1,IL0012162827,ISIN,ישראל,ישראל,סחיר,TASE,IL0011865271,מלונאות ותיירות,2028-01-12,לא,ILS,4900.0,0.01,260.7,1.0,480.1,1.2516,0.041575,3e-06
671,12120.0,"סולאיר אנרגיות מתחדשות בע""מ",516046307,ח.פ.,סולאיר אפ 1,IL0012179185,ISIN,ישראל,ישראל,סחיר,TASE,IL0011722878,אנרגיה מתחדשת,2026-08-31,לא,ILS,4152.0,0.01,376.04,1.0,492.0,1.85014,0.061457,4e-06
671,12120.0,"קנדה גלובל (ט.ר) בע""מ",520041286,ח.פ.,קנדה גלובל אפ 1,IL0012181892,ISIN,ישראל,ישראל,סחיר,TASE,IL0001060131,"נדל""ן מניב בחו""ל",2029-02-27,לא,ILS,1675.0,0.01,729.08,1.0,584.6,4.26222,0.141581,1.1e-05
671,12120.0,"שובל הנדסה ובניין בע""מ",512951518,ח.פ.,שובל הנדסה אפ 1,IL0012159617,ISIN,ישראל,ישראל,סחיר,TASE,IL0012079682,בנייה,2027-01-10,לא,ILS,1023.0,0.01,118.53,1.0,223.2,0.26455,0.008787,0.0
671,12120.0,"קבוצת חג'ג' אפשטיין בע""מ",515387231,ח.פ.,חג'ג' אפ 1,IL0012166547,ISIN,ישראל,ישראל,סחיר,TASE,IL0008230133,בנייה,2027-07-30,לא,ILS,3230.0,0.01,1193.38,1.0,158.2,1.88792,0.062712,5e-06
671,12120.0,"חג'ג' אירופה דיוולופמנט צ.ש בע""מ",515682292,ח.פ.,חגג אירופה אפ 1,IL0012188418,ISIN,ישראל,ישראל,סחיר,TASE,IL0011436354,בנייה,2027-09-01,לא,ILS,950.0,0.01,1034.95,1.0,125.0,1.29369,0.042973,3e-06
671,12120.0,נאוויטס פטרוליום שותפות מוגבלת,550263107,ח.פ.,נאוויטס פט אפ 6,1228824,פנימי,ישראל,ישראל,סחיר,TASE,IL0011419699,חיפושי נפט וגז,2026-08-31,לא,ILS,12000.0,0.01,97.86,1.0,1609.0,1.57453,0.052302,4e-06
671,12120.0,"מגידו י.ק. ישראל בע""מ",510542855,ח.פ.,מגידו אפ 1,1225184,פנימי,ישראל,ישראל,סחיר,TASE,1216605,בנייה,2029-07-12,לא,ILS,850.0,0.01,967.38,1.0,215.8,2.0876,0.069345,5e-06
671,12120.0,"אמות השקעות בע""מ",520026683,ח.פ.,אמות אפ 12,1225036,פנימי,ישראל,ישראל,סחיר,TASE,IL0010972789,"נדל""ן מניב בישראל",2026-12-31,לא,ILS,2800.0,0.01,421.94,1.0,169.8,0.71646,0.023799,1e-06
671,12120.0,Taboola.com Ltd,984500F5945AFAFFCB30,LEI,Taboola.com Ltd,IL0011754210,ISIN,"חו""ל","ארה""ב",סחיר,NASDAQ,US4576791085,Commercial Services & Supplies,2027-12-31,לא,USD,11.5,1.0,32.27,3.306,8.5,0.00907,0.000301,0.0
671,12120.0,HOMETOGO SE,2221001IK1TS34BCHL37,LEI,HTGW GR 11.5 31/12/25,LU2290524383,ISIN,"חו""ל",גרמניה,סחיר,FWB,LU2290523658,Wireless Telecommunication Services,2025-12-31,לא,EUR,11.5,1.0,135.73,3.8807,0.1,0.00053,1.7e-05,0.0
671,12120.0,2MX ORGANIC SA,969500HQ6PWNILD1HE63,LEI,Teract SA,FR0014000TB2,ISIN,"חו""ל",צרפת,סחיר,אחר,FR001400BMH7,Diversified Consumer Services,2025-11-16,לא,EUR,11.5,0.25,392.65,3.8807,0.1,0.00152,5e-05,0.0
671,12120.0,LEO HOLDINGS III,7044,פנימי,Local Bounti Corp,US53960E1148,ISIN,"חו""ל","ארה""ב",סחיר,אחר,969743458,Industrial Conglomerates,2028-03-02,לא,USD,11.5,1.0,15.23,3.306,0.66,0.00033,1e-05,0.0
671,12120.0,ארקו קורפ.,1834,פנימי,Arko Corp,US0412421168,ISIN,"חו""ל","ארה""ב",סחיר,NASDAQ,US0412421085,Retail REITs,2025-12-31,לא,USD,11.5,0.82,437.95,3.306,0.93,0.01347,0.000447,0.0
671,12120.0,Taboola.com Ltd,984500F5945AFAFFCB30,LEI,Taboola.com Ltd,IL0011754210,ISIN,"חו""ל","ארה""ב",סחיר,NASDAQ,IL0011754137,Commercial Services & Supplies,2026-06-29,לא,USD,11.5,1.0,208.35,3.306,8.5,0.05855,0.001944,0.0
671,12120.0,TALON METALS CORP,9845003F1E9496A9MA60,LEI,WTS TALON,TLO,ISIN,"חו""ל",קנדה,סחיר,אחר,0,Multi-Utilities,2026-06-29,לא,CAD,0.0,1.0,2286.11,2.3745,0.0,0.0,0.0,0.0
671,14288.0,"זוז פאוור בע""מ",514881564,ח.פ.,זוז אופ 1 (נשר),1205160,ISIN,ישראל,ישראל,סחיר,TASE,IL0011741845,קלינטק,2029-06-30,לא,ILS,1.0,0.01,3.61,1.0,0.0,0.0,0.0,0.0
671,14288.0,"בלדי בע""מ",511226136,ח.פ.,בלדי אפ 1,IL0012166620,ISIN,ישראל,ישראל,סחיר,TASE,IL0012125394,מסחר,2028-01-31,לא,ILS,2800.0,0.01,7.63,1.0,1024.0,0.07813,0.142119,2.5e-05
671,14288.0,"ווישור גלובלטק בע""מ",515559169,ח.פ.,ווישור אפ 1,IL0012292517,ISIN,ישראל,ישראל,סחיר,TASE,IL0011732281,ביטוח,2028-10-01,לא,ILS,1325.0,0.01,25.11,1.0,162.1,0.04071,0.074051,1.3e-05
671,14288.0,"מפעלים פטרוכימיים בישראל בע""מ",520029315,ח.פ.,פטרוכימים אפ 1,IL0011903056,ISIN,ישראל,ישראל,סחיר,TASE,IL0007560159,חיפושי נפט וגז,2026-10-25,לא,ILS,37.5,0.01,8.51,1.0,134.3,0.01144,0.020809,3e-06
671,14288.0,"קנדה גלובל (ט.ר) בע""מ",520041286,ח.פ.,קנדה גלובל אפ 1,IL0012181892,ISIN,ישראל,ישראל,סחיר,TASE,IL0001060131,"נדל""ן מניב בחו""ל",2029-02-27,לא,ILS,1675.0,0.01,12.91,1.0,584.6,0.0755,0.137335,2.4e-05
671,14288.0,"שובל הנדסה ובניין בע""מ",512951518,ח.פ.,שובל הנדסה אפ 1,IL0012159617,ISIN,ישראל,ישראל,סחיר,TASE,IL0012079682,בנייה,2027-01-10,לא,ILS,1023.0,0.01,2.22,1.0,223.2,0.00496,0.009022,1e-06
671,14288.0,"קבוצת חג'ג' אפשטיין בע""מ",515387231,ח.פ.,חג'ג' אפ 1,IL0012166547,ISIN,ישראל,ישראל,סחיר,TASE,IL0008230133,בנייה,2027-07-30,לא,ILS,3230.0,0.01,21.14,1.0,158.2,0.03344,0.060827,1e-05
671,14288.0,"סולאיר אנרגיות מתחדשות בע""מ",516046307,ח.פ.,סולאיר אפ 1,IL0012179185,ISIN,ישראל,ישראל,סחיר,TASE,IL0011722878,אנרגיה מתחדשת,2026-08-31,לא,ILS,4152.0,0.01,6.66,1.0,492.0,0.03277,0.059608,1e-05
671,14288.0,"אפולו פאוור בע""מ",520043928,ח.פ.,אפולו פאוור אפ8,IL0012147414,ISIN,ישראל,ישראל,סחיר,TASE,IL0010821143,קלינטק,2026-03-10,לא,ILS,835.0,0.01,0.91,1.0,251.6,0.00228,0.004147,0.0
671,14288.0,"פאי סיאם בע""מ",513154617,ח.פ.,פאי סיאם   אפ 1,IL0012162827,ISIN,ישראל,ישראל,סחיר,TASE,IL0011865271,מלונאות ותיירות,2028-01-12,לא,ILS,4900.0,0.01,4.89,1.0,480.1,0.02346,0.042673,7e-06
671,14288.0,"חג'ג' אירופה דיוולופמנט צ.ש בע""מ",515682292,ח.פ.,חגג אירופה אפ 1,IL0012188418,ISIN,ישראל,ישראל,סחיר,TASE,IL0011436354,בנייה,2027-09-01,לא,ILS,950.0,0.01,18.33,1.0,125.0,0.02292,0.041691,7e-06
671,14288.0,"ביג מרכזי קניות בע""מ",513623314,ח.פ.,ביג אפ 7,IL0012143454,ISIN,ישראל,ישראל,סחיר,TASE,IL0010972607,"נדל""ן מניב בישראל",2026-06-01,לא,ILS,58000.0,0.01,1.11,1.0,12600.0,0.14034,0.255278,4.5e-05
671,14288.0,נאוויטס פטרוליום שותפות מוגבלת,550263107,ח.פ.,נאוויטס פט אפ 6,1228824,פנימי,ישראל,ישראל,סחיר,TASE,IL0011419699,חיפושי נפט וגז,2026-08-31,לא,ILS,12000.0,0.01,1.83,1.0,1609.0,0.02951,0.053678,9e-06
671,14288.0,"אמות השקעות בע""מ",520026683,ח.פ.,אמות אפ 12,1225036,פנימי,ישראל,ישראל,סחיר,TASE,IL0010972789,"נדל""ן מניב בישראל",2026-12-31,לא,ILS,2800.0,0.01,7.91,1.0,169.8,0.01343,0.024429,4e-06
671,14288.0,"מגידו י.ק. ישראל בע""מ",510542855,ח.פ.,מגידו אפ 1,1225184,פנימי,ישראל,ישראל,סחיר,TASE,1216605,בנייה,2029-07-12,לא,ILS,850.0,0.01,18.13,1.0,215.8,0.03912,0.071159,1.2e-05
671,14288.0,Taboola.com Ltd,984500F5945AFAFFCB30,LEI,Taboola.com Ltd,IL0011754210,ISIN,"חו""ל","ארה""ב",סחיר,NASDAQ,US4576791085,Commercial Services & Supplies,2027-12-31,לא,USD,11.5,1.0,0.69,3.306,8.5,0.00019,0.000345,0.0
671,14288.0,TALON METALS CORP,9845003F1E9496A9MA60,LEI,WTS TALON,TLO,ISIN,"חו""ל",קנדה,סחיר,אחר,0,Multi-Utilities,2026-06-29,לא,CAD,0.0,1.0,48.71,2.3745,0.0,0.0,0.0,0.0
671,14288.0,HOMETOGO SE,2221001IK1TS34BCHL37,LEI,HTGW GR 11.5 31/12/25,LU2290524383,ISIN,"חו""ל",גרמניה,סחיר,FWB,LU2290523658,Wireless Telecommunication Services,2025-12-31,לא,EUR,11.5,1.0,2.89,3.8807,0.1,1e-05,1.8e-05,0.0
671,14288.0,2MX ORGANIC SA,969500HQ6PWNILD1HE63,LEI,Teract SA,FR0014000TB2,ISIN,"חו""ל",צרפת,סחיר,אחר,FR001400BMH7,Diversified Consumer Services,2025-11-16,לא,EUR,11.5,0.25,8.37,3.8807,0.1,3e-05,5.4e-05,0.0
671,14288.0,ארקו קורפ.,1834,פנימי,Arko Corp,US0412421168,ISIN,"חו""ל","ארה""ב",סחיר,NASDAQ,US0412421085,Retail REITs,2025-12-31,לא,USD,11.5,0.82,8.21,3.306,0.93,0.00025,0.000454,0.0
671,14288.0,Taboola.com Ltd,984500F5945AFAFFCB30,LEI,Taboola.com Ltd,IL0011754210,ISIN,"חו""ל","ארה""ב",סחיר,NASDAQ,IL0011754137,Commercial Services & Supplies,2026-06-29,לא,USD,11.5,1.0,4.44,3.306,8.5,0.00125,0.002273,0.0
671,14288.0,LEO HOLDINGS III,7044,פנימי,Local Bounti Corp,US53960E1148,ISIN,"חו""ל","ארה""ב",סחיר,אחר,969743458,Industrial Conglomerates,2028-03-02,לא,USD,11.5,1.0,0.32,3.306,0.66,1e-05,1.8e-05,0.0
671,15220.0,"ביג מרכזי קניות בע""מ",513623314,ח.פ.,ביג אפ 7,IL0012143454,ISIN,ישראל,ישראל,סחיר,TASE,IL0010972607,"נדל""ן מניב בישראל",2026-06-01,לא,ILS,58000.0,0.01,1.34,1.0,12600.0,0.16932,0.20368,7e-05
671,15220.0,"קבוצת חג'ג' אפשטיין בע""מ",515387231,ח.פ.,חג'ג' אפ 1,IL0012166547,ISIN,ישראל,ישראל,סחיר,TASE,IL0008230133,בנייה,2027-07-30,לא,ILS,3230.0,0.01,49.05,1.0,158.2,0.0776,0.093347,3.2e-05
671,15220.0,"אפולו פאוור בע""מ",520043928,ח.פ.,אפולו פאוור אפ8,IL0012147414,ISIN,ישראל,ישראל,סחיר,TASE,IL0010821143,קלינטק,2026-03-10,לא,ILS,835.0,0.01,0.75,1.0,251.6,0.00189,0.002273,0.0
671,15220.0,"ווישור גלובלטק בע""מ",515559169,ח.פ.,ווישור אפ 1,IL0012292517,ISIN,ישראל,ישראל,סחיר,TASE,IL0011732281,ביטוח,2028-10-01,לא,ILS,1325.0,0.01,58.28,1.0,162.1,0.09447,0.113641,3.9e-05
671,15220.0,"פאי סיאם בע""מ",513154617,ח.פ.,פאי סיאם   אפ 1,IL0012162827,ISIN,ישראל,ישראל,סחיר,TASE,IL0011865271,מלונאות ותיירות,2028-01-12,לא,ILS,4900.0,0.01,4.06,1.0,480.1,0.01951,0.023469,8e-06
671,15220.0,"זוז פאוור בע""מ",514881564,ח.פ.,זוז אופ 1 (נשר),1205160,ISIN,ישראל,ישראל,סחיר,TASE,IL0011741845,קלינטק,2029-06-30,לא,ILS,1.0,0.01,3.0,1.0,0.0,0.0,0.0,0.0
671,15220.0,"קנדה גלובל (ט.ר) בע""מ",520041286,ח.פ.,קנדה גלובל אפ 1,IL0012181892,ISIN,ישראל,ישראל,סחיר,TASE,IL0001060131,"נדל""ן מניב בחו""ל",2029-02-27,לא,ILS,1675.0,0.01,29.97,1.0,584.6,0.1752,0.210754,7.3e-05
671,15220.0,"מפעלים פטרוכימיים בישראל בע""מ",520029315,ח.פ.,פטרוכימים אפ 1,IL0011903056,ISIN,ישראל,ישראל,סחיר,TASE,IL0007560159,חיפושי נפט וגז,2026-10-25,לא,ILS,37.5,0.01,19.76,1.0,134.3,0.02654,0.031925,1.1e-05
671,15220.0,"בלדי בע""מ",511226136,ח.פ.,בלדי אפ 1,IL0012166620,ISIN,ישראל,ישראל,סחיר,TASE,IL0012125394,מסחר,2028-01-31,לא,ILS,2800.0,0.01,6.34,1.0,1024.0,0.06497,0.078154,2.7e-05
671,15220.0,"חג'ג' אירופה דיוולופמנט צ.ש בע""מ",515682292,ח.פ.,חגג אירופה אפ 1,IL0012188418,ISIN,ישראל,ישראל,סחיר,TASE,IL0011436354,בנייה,2027-09-01,לא,ILS,950.0,0.01,42.54,1.0,125.0,0.05318,0.063972,2.2e-05
671,15220.0,"סולאיר אנרגיות מתחדשות בע""מ",516046307,ח.פ.,סולאיר אפ 1,IL0012179185,ISIN,ישראל,ישראל,סחיר,TASE,IL0011722878,אנרגיה מתחדשת,2026-08-31,לא,ILS,4152.0,0.01,15.46,1.0,492.0,0.07605,0.091483,3.1e-05
671,15220.0,"שובל הנדסה ובניין בע""מ",512951518,ח.פ.,שובל הנדסה אפ 1,IL0012159617,ISIN,ישראל,ישראל,סחיר,TASE,IL0012079682,בנייה,2027-01-10,לא,ILS,1023.0,0.01,1.85,1.0,223.2,0.00412,0.004956,1e-06
671,15220.0,"אמות השקעות בע""מ",520026683,ח.פ.,אמות אפ 12,1225036,פנימי,ישראל,ישראל,סחיר,TASE,IL0010972789,"נדל""ן מניב בישראל",2026-12-31,לא,ILS,2800.0,0.01,6.58,1.0,169.8,0.01117,0.013436,4e-06
671,15220.0,"מגידו י.ק. ישראל בע""מ",510542855,ח.פ.,מגידו אפ 1,1225184,פנימי,ישראל,ישראל,סחיר,TASE,1216605,בנייה,2029-07-12,לא,ILS,850.0,0.01,15.08,1.0,215.8,0.03253,0.039131,1.3e-05
671,15220.0,נאוויטס פטרוליום שותפות מוגבלת,550263107,ח.פ.,נאוויטס פט אפ 6,1228824,פנימי,ישראל,ישראל,סחיר,TASE,IL0011419699,חיפושי נפט וגז,2026-08-31,לא,ILS,12000.0,0.01,1.53,1.0,1609.0,0.02454,0.02952,1e-05
671,15220.0,ארקו קורפ.,1834,פנימי,Arko Corp,US0412421168,ISIN,"חו""ל","ארה""ב",סחיר,NASDAQ,US0412421085,Retail REITs,2025-12-31,לא,USD,11.5,0.82,6.83,3.306,0.93,0.00021,0.000252,0.0
671,15221.0,"אפולו פאוור בע""מ",520043928,ח.פ.,אפולו פאוור אפ8,IL0012147414,ISIN,ישראל,ישראל,סחיר,TASE,IL0010821143,קלינטק,2026-03-10,לא,ILS,835.0,0.01,70.49,1.0,251.6,0.17735,0.007689,3e-06
671,15221.0,"ביג מרכזי קניות בע""מ",513623314,ח.פ.,ביג אפ 7,IL0012143454,ISIN,ישראל,ישראל,סחיר,TASE,IL0010972607,"נדל""ן מניב בישראל",2026-06-01,לא,ILS,58000.0,0.01,64.9,1.0,12600.0,8.17799,0.354575,0.000173
671,15221.0,"פאי סיאם בע""מ",513154617,ח.פ.,פאי סיאם   אפ 1,IL0012162827,ISIN,ישראל,ישראל,סחיר,TASE,IL0011865271,מלונאות ותיירות,2028-01-12,לא,ILS,4900.0,0.01,380.52,1.0,480.1,1.82687,0.079208,3.8e-05
671,15221.0,"זוז פאוור בע""מ",514881564,ח.פ.,זוז אופ 1 (נשר),1205160,ISIN,ישראל,ישראל,סחיר,TASE,IL0011741845,קלינטק,2029-06-30,לא,ILS,1.0,0.01,281.38,1.0,0.0,0.0,0.0,0.0
671,15221.0,"שובל הנדסה ובניין בע""מ",512951518,ח.פ.,שובל הנדסה אפ 1,IL0012159617,ISIN,ישראל,ישראל,סחיר,TASE,IL0012079682,בנייה,2027-01-10,לא,ILS,1023.0,0.01,173.01,1.0,223.2,0.38615,0.016742,8e-06
671,15221.0,"בלדי בע""מ",511226136,ח.פ.,בלדי אפ 1,IL0012166620,ISIN,ישראל,ישראל,סחיר,TASE,IL0012125394,מסחר,2028-01-31,לא,ILS,2800.0,0.01,594.24,1.0,1024.0,6.08506,0.263831,0.000129
671,15221.0,"אמות השקעות בע""מ",520026683,ח.פ.,אמות אפ 12,1225036,פנימי,ישראל,ישראל,סחיר,TASE,IL0010972789,"נדל""ן מניב בישראל",2026-12-31,לא,ILS,2800.0,0.01,615.88,1.0,169.8,1.04576,0.045341,2.2e-05
671,15221.0,נאוויטס פטרוליום שותפות מוגבלת,550263107,ח.פ.,נאוויטס פט אפ 6,1228824,פנימי,ישראל,ישראל,סחיר,TASE,IL0011419699,חיפושי נפט וגז,2026-08-31,לא,ILS,12000.0,0.01,142.84,1.0,1609.0,2.29822,0.099644,4.8e-05
671,15221.0,"מגידו י.ק. ישראל בע""מ",510542855,ח.פ.,מגידו אפ 1,1225184,פנימי,ישראל,ישראל,סחיר,TASE,1216605,בנייה,2029-07-12,לא,ILS,850.0,0.01,1412.01,1.0,215.8,3.04711,0.132114,6.4e-05
671,15221.0,ארקו קורפ.,1834,פנימי,Arko Corp,US0412421168,ISIN,"חו""ל","ארה""ב",סחיר,NASDAQ,US0412421085,Retail REITs,2025-12-31,לא,USD,11.5,0.82,639.24,3.306,0.93,0.01965,0.000851,0.0
671,15224.0,"חג'ג' אירופה דיוולופמנט צ.ש בע""מ",515682292,ח.פ.,חגג אירופה אפ 1,IL0012188418,ISIN,ישראל,ישראל,סחיר,TASE,IL0011436354,בנייה,2027-09-01,לא,ILS,950.0,0.01,19.54,1.0,125.0,0.02443,0.041694,7e-06
671,15224.0,"מפעלים פטרוכימיים בישראל בע""מ",520029315,ח.פ.,פטרוכימים אפ 1,IL0011903056,ISIN,ישראל,ישראל,סחיר,TASE,IL0007560159,חיפושי נפט וגז,2026-10-25,לא,ILS,37.5,0.01,9.08,1.0,134.3,0.01219,0.020804,3e-06
671,15224.0,"זוז פאוור בע""מ",514881564,ח.פ.,זוז אופ 1 (נשר),1205160,ISIN,ישראל,ישראל,סחיר,TASE,IL0011741845,קלינטק,2029-06-30,לא,ILS,1.0,0.01,3.85,1.0,0.0,0.0,0.0,0.0
671,15224.0,"קנדה גלובל (ט.ר) בע""מ",520041286,ח.פ.,קנדה גלובל אפ 1,IL0012181892,ISIN,ישראל,ישראל,סחיר,TASE,IL0001060131,"נדל""ן מניב בחו""ל",2029-02-27,לא,ILS,1675.0,0.01,13.77,1.0,584.6,0.08048,0.137354,2.3e-05
671,15224.0,"ביג מרכזי קניות בע""מ",513623314,ח.פ.,ביג אפ 7,IL0012143454,ISIN,ישראל,ישראל,סחיר,TASE,IL0010972607,"נדל""ן מניב בישראל",2026-06-01,לא,ILS,58000.0,0.01,1.19,1.0,12600.0,0.14942,0.255012,4.3e-05
671,15224.0,"שובל הנדסה ובניין בע""מ",512951518,ח.פ.,שובל הנדסה אפ 1,IL0012159617,ISIN,ישראל,ישראל,סחיר,TASE,IL0012079682,בנייה,2027-01-10,לא,ILS,1023.0,0.01,2.36,1.0,223.2,0.00528,0.009011,1e-06
671,15224.0,"קבוצת חג'ג' אפשטיין בע""מ",515387231,ח.פ.,חג'ג' אפ 1,IL0012166547,ISIN,ישראל,ישראל,סחיר,TASE,IL0008230133,בנייה,2027-07-30,לא,ILS,3230.0,0.01,22.53,1.0,158.2,0.03565,0.060843,1e-05
671,15224.0,"בלדי בע""מ",511226136,ח.פ.,בלדי אפ 1,IL0012166620,ISIN,ישראל,ישראל,סחיר,TASE,IL0012125394,מסחר,2028-01-31,לא,ILS,2800.0,0.01,8.12,1.0,1024.0,0.08315,0.141911,2.4e-05
671,15224.0,"ווישור גלובלטק בע""מ",515559169,ח.פ.,ווישור אפ 1,IL0012292517,ISIN,ישראל,ישראל,סחיר,TASE,IL0011732281,ביטוח,2028-10-01,לא,ILS,1325.0,0.01,26.77,1.0,162.1,0.04339,0.074053,1.2e-05
671,15224.0,"אפולו פאוור בע""מ",520043928,ח.פ.,אפולו פאוור אפ8,IL0012147414,ISIN,ישראל,ישראל,סחיר,TASE,IL0010821143,קלינטק,2026-03-10,לא,ILS,835.0,0.01,0.96,1.0,251.6,0.00242,0.00413,0.0
671,15224.0,"פאי סיאם בע""מ",513154617,ח.פ.,פאי סיאם   אפ 1,IL0012162827,ISIN,ישראל,ישראל,סחיר,TASE,IL0011865271,מלונאות ותיירות,2028-01-12,לא,ILS,4900.0,0.01,5.2,1.0,480.1,0.02496,0.042598,7e-06
671,15224.0,"סולאיר אנרגיות מתחדשות בע""מ",516046307,ח.פ.,סולאיר אפ 1,IL0012179185,ISIN,ישראל,ישראל,סחיר,TASE,IL0011722878,אנרגיה מתחדשת,2026-08-31,לא,ILS,4152.0,0.01,7.1,1.0,492.0,0.03493,0.059614,1e-05
671,15224.0,נאוויטס פטרוליום שותפות מוגבלת,550263107,ח.פ.,נאוויטס פט אפ 6,1228824,פנימי,ישראל,ישראל,סחיר,TASE,IL0011419699,חיפושי נפט וגז,2026-08-31,לא,ILS,12000.0,0.01,1.95,1.0,1609.0,0.03141,0.053607,9e-06
671,15224.0,"מגידו י.ק. ישראל בע""מ",510542855,ח.פ.,מגידו אפ 1,1225184,פנימי,ישראל,ישראל,סחיר,TASE,1216605,בנייה,2029-07-12,לא,ILS,850.0,0.01,19.3,1.0,215.8,0.04164,0.071066,1.2e-05
671,15224.0,"אמות השקעות בע""מ",520026683,ח.פ.,אמות אפ 12,1225036,פנימי,ישראל,ישראל,סחיר,TASE,IL0010972789,"נדל""ן מניב בישראל",2026-12-31,לא,ILS,2800.0,0.01,8.42,1.0,169.8,0.01429,0.024388,4e-06
671,15224.0,ארקו קורפ.,1834,פנימי,Arko Corp,US0412421168,ISIN,"חו""ל","ארה""ב",סחיר,NASDAQ,US0412421085,Retail REITs,2025-12-31,לא,USD,11.5,0.82,8.74,3.306,0.93,0.00027,0.00046,0.0
671,15224.0,HOMETOGO SE,2221001IK1TS34BCHL37,LEI,HTGW GR 11.5 31/12/25,LU2290524383,ISIN,"חו""ל",גרמניה,סחיר,FWB,LU2290523658,Wireless Telecommunication Services,2025-12-31,לא,EUR,11.5,1.0,3.91,3.8807,0.1,2e-05,3.4e-05,0.0
671,15224.0,Taboola.com Ltd,984500F5945AFAFFCB30,LEI,Taboola.com Ltd,IL0011754210,ISIN,"חו""ל","ארה""ב",סחיר,NASDAQ,IL0011754137,Commercial Services & Supplies,2026-06-29,לא,USD,11.5,1.0,6.0,3.306,8.5,0.00169,0.002884,0.0
671,15224.0,LEO HOLDINGS III,7044,פנימי,Local Bounti Corp,US53960E1148,ISIN,"חו""ל","ארה""ב",סחיר,אחר,969743458,Industrial Conglomerates,2028-03-02,לא,USD,11.5,1.0,0.44,3.306,0.66,1e-05,1.7e-05,0.0
671,15224.0,TALON METALS CORP,9845003F1E9496A9MA60,LEI,WTS TALON,TLO,ISIN,"חו""ל",קנדה,סחיר,אחר,0,Multi-Utilities,2026-06-29,לא,CAD,0.0,1.0,65.86,2.3745,0.0,0.0,0.0,0.0
671,15224.0,2MX ORGANIC SA,969500HQ6PWNILD1HE63,LEI,Teract SA,FR0014000TB2,ISIN,"חו""ל",צרפת,סחיר,אחר,FR001400BMH7,Diversified Consumer Services,2025-11-16,לא,EUR,11.5,0.25,11.31,3.8807,0.1,4e-05,6.8e-05,0.0
671,15224.0,Taboola.com Ltd,984500F5945AFAFFCB30,LEI,Taboola.com Ltd,IL0011754210,ISIN,"חו""ל","ארה""ב",סחיר,NASDAQ,US4576791085,Commercial Services & Supplies,2027-12-31,לא,USD,11.5,1.0,0.93,3.306,8.5,0.00026,0.000443,0.0
671,7234.0,"זוז פאוור בע""מ",514881564,ח.פ.,זוז אופ 1 (נשר),1205160,ISIN,ישראל,ישראל,סחיר,TASE,IL0011741845,קלינטק,2029-06-30,לא,ILS,1.0,0.01,4661.09,1.0,0.0,0.0,0.0,0.0
671,7234.0,"ביג מרכזי קניות בע""מ",513623314,ח.פ.,ביג אפ 7,IL0012143454,ISIN,ישראל,ישראל,סחיר,TASE,IL0010972607,"נדל""ן מניב בישראל",2026-06-01,לא,ILS,58000.0,0.01,1180.93,1.0,12600.0,148.79788,0.310837,5.2e-05
671,7234.0,"בלדי בע""מ",511226136,ח.פ.,בלדי אפ 1,IL0012166620,ISIN,ישראל,ישראל,סחיר,TASE,IL0012125394,מסחר,2028-01-31,לא,ILS,2800.0,0.01,9843.62,1.0,1024.0,100.79871,0.210568,3.5e-05
671,7234.0,"פאי סיאם בע""מ",513154617,ח.פ.,פאי סיאם   אפ 1,IL0012162827,ISIN,ישראל,ישראל,סחיר,TASE,IL0011865271,מלונאות ותיירות,2028-01-12,לא,ILS,4900.0,0.01,6303.27,1.0,480.1,30.262,0.063217,1e-05
671,7234.0,"חג'ג' אירופה דיוולופמנט צ.ש בע""מ",515682292,ח.פ.,חגג אירופה אפ 1,IL0012188418,ISIN,ישראל,ישראל,סחיר,TASE,IL0011436354,בנייה,2027-09-01,לא,ILS,950.0,0.01,6914.49,1.0,125.0,8.64312,0.018055,3e-06
671,7234.0,"שובל הנדסה ובניין בע""מ",512951518,ח.פ.,שובל הנדסה אפ 1,IL0012159617,ISIN,ישראל,ישראל,סחיר,TASE,IL0012079682,בנייה,2027-01-10,לא,ILS,1023.0,0.01,2865.83,1.0,223.2,6.39654,0.013362,2e-06
671,7234.0,"קנדה גלובל (ט.ר) בע""מ",520041286,ח.פ.,קנדה גלובל אפ 1,IL0012181892,ISIN,ישראל,ישראל,סחיר,TASE,IL0001060131,"נדל""ן מניב בחו""ל",2029-02-27,לא,ILS,1675.0,0.01,4871.0,1.0,584.6,28.47584,0.059485,1e-05
671,7234.0,"ווישור גלובלטק בע""מ",515559169,ח.פ.,ווישור אפ 1,IL0012292517,ISIN,ישראל,ישראל,סחיר,TASE,IL0011732281,ביטוח,2028-10-01,לא,ILS,1325.0,0.01,9471.92,1.0,162.1,15.35399,0.032074,5e-06
671,7234.0,"קבוצת חג'ג' אפשטיין בע""מ",515387231,ח.פ.,חג'ג' אפ 1,IL0012166547,ISIN,ישראל,ישראל,סחיר,TASE,IL0008230133,בנייה,2027-07-30,לא,ILS,3230.0,0.01,7972.94,1.0,158.2,12.61319,0.026348,4e-06
671,7234.0,"אפולו פאוור בע""מ",520043928,ח.פ.,אפולו פאוור אפ8,IL0012147414,ISIN,ישראל,ישראל,סחיר,TASE,IL0010821143,קלינטק,2026-03-10,לא,ILS,835.0,0.01,1167.63,1.0,251.6,2.93777,0.006136,1e-06
671,7234.0,"מפעלים פטרוכימיים בישראל בע""מ",520029315,ח.פ.,פטרוכימים אפ 1,IL0011903056,ISIN,ישראל,ישראל,סחיר,TASE,IL0007560159,חיפושי נפט וגז,2026-10-25,לא,ILS,37.5,0.01,3211.49,1.0,134.3,4.31303,0.009009,1e-06
671,7234.0,"סולאיר אנרגיות מתחדשות בע""מ",516046307,ח.פ.,סולאיר אפ 1,IL0012179185,ISIN,ישראל,ישראל,סחיר,TASE,IL0011722878,אנרגיה מתחדשת,2026-08-31,לא,ILS,4152.0,0.01,2512.35,1.0,492.0,12.36076,0.025821,4e-06
671,7234.0,"מגידו י.ק. ישראל בע""מ",510542855,ח.פ.,מגידו אפ 1,1225184,פנימי,ישראל,ישראל,סחיר,TASE,1216605,בנייה,2029-07-12,לא,ILS,850.0,0.01,23389.82,1.0,215.8,50.47523,0.105442,1.7e-05
671,7234.0,נאוויטס פטרוליום שותפות מוגבלת,550263107,ח.פ.,נאוויטס פט אפ 6,1228824,פנימי,ישראל,ישראל,סחיר,TASE,IL0011419699,חיפושי נפט וגז,2026-08-31,לא,ILS,12000.0,0.01,2366.06,1.0,1609.0,38.06997,0.079528,1.3e-05
671,7234.0,"אמות השקעות בע""מ",520026683,ח.פ.,אמות אפ 12,1225036,פנימי,ישראל,ישראל,סחיר,TASE,IL0010972789,"נדל""ן מניב בישראל",2026-12-31,לא,ILS,2800.0,0.01,10201.96,1.0,169.8,17.32292,0.036187,6e-06
671,7234.0,2MX ORGANIC SA,969500HQ6PWNILD1HE63,LEI,Teract SA,FR0014000TB2,ISIN,"חו""ל",צרפת,סחיר,אחר,FR001400BMH7,Diversified Consumer Services,2025-11-16,לא,EUR,11.5,0.25,8704.6,3.8807,0.1,0.03378,7e-05,0.0
671,7234.0,LEO HOLDINGS III,7044,פנימי,Local Bounti Corp,US53960E1148,ISIN,"חו""ל","ארה""ב",סחיר,אחר,969743458,Industrial Conglomerates,2028-03-02,לא,USD,11.5,1.0,337.53,3.306,0.66,0.00736,1.5e-05,0.0
671,7234.0,ארקו קורפ.,1834,פנימי,Arko Corp,US0412421168,ISIN,"חו""ל","ארה""ב",סחיר,NASDAQ,US0412421085,Retail REITs,2025-12-31,לא,USD,11.5,0.82,10589.0,3.306,0.93,0.32557,0.00068,0.0
671,7234.0,TALON METALS CORP,9845003F1E9496A9MA60,LEI,WTS TALON,TLO,ISIN,"חו""ל",קנדה,סחיר,אחר,0,Multi-Utilities,2026-06-29,לא,CAD,0.0,1.0,50679.85,2.3745,0.0,0.0,0.0,0.0
671,7234.0,Taboola.com Ltd,984500F5945AFAFFCB30,LEI,Taboola.com Ltd,IL0011754210,ISIN,"חו""ל","ארה""ב",סחיר,NASDAQ,IL0011754137,Commercial Services & Supplies,2026-06-29,לא,USD,11.5,1.0,4618.85,3.306,8.5,1.29794,0.002711,0.0
671,7234.0,HOMETOGO SE,2221001IK1TS34BCHL37,LEI,HTGW GR 11.5 31/12/25,LU2290524383,ISIN,"חו""ל",גרמניה,סחיר,FWB,LU2290523658,Wireless Telecommunication Services,2025-12-31,לא,EUR,11.5,1.0,3009.0,3.8807,0.1,0.01168,2.4e-05,0.0
671,7234.0,Taboola.com Ltd,984500F5945AFAFFCB30,LEI,Taboola.com Ltd,IL0011754210,ISIN,"חו""ל","ארה""ב",סחיר,NASDAQ,US4576791085,Commercial Services & Supplies,2027-12-31,לא,USD,11.5,1.0,715.28,3.306,8.5,0.201,0.000419,0.0
671,7235.0,"ווישור גלובלטק בע""מ",515559169,ח.פ.,ווישור אפ 1,IL0012292517,ISIN,ישראל,ישראל,סחיר,TASE,IL0011732281,ביטוח,2028-10-01,לא,ILS,1325.0,0.01,2795.08,1.0,162.1,4.53082,0.04366,7e-06
671,7235.0,"בלדי בע""מ",511226136,ח.פ.,בלדי אפ 1,IL0012166620,ISIN,ישראל,ישראל,סחיר,TASE,IL0012125394,מסחר,2028-01-31,לא,ILS,2800.0,0.01,1944.15,1.0,1024.0,19.90807,0.191842,3.1e-05
671,7235.0,"אפולו פאוור בע""מ",520043928,ח.פ.,אפולו פאוור אפ8,IL0012147414,ISIN,ישראל,ישראל,סחיר,TASE,IL0010821143,קלינטק,2026-03-10,לא,ILS,835.0,0.01,230.61,1.0,251.6,0.58022,0.005591,0.0
671,7235.0,"ביג מרכזי קניות בע""מ",513623314,ח.פ.,ביג אפ 7,IL0012143454,ISIN,ישראל,ישראל,סחיר,TASE,IL0010972607,"נדל""ן מניב בישראל",2026-06-01,לא,ILS,58000.0,0.01,243.56,1.0,12600.0,30.68888,0.29573,4.8e-05
671,7235.0,"פאי סיאם בע""מ",513154617,ח.פ.,פאי סיאם   אפ 1,IL0012162827,ISIN,ישראל,ישראל,סחיר,TASE,IL0011865271,מלונאות ותיירות,2028-01-12,לא,ILS,4900.0,0.01,1244.92,1.0,480.1,5.97684,0.057595,9e-06
671,7235.0,"מפעלים פטרוכימיים בישראל בע""מ",520029315,ח.פ.,פטרוכימים אפ 1,IL0011903056,ISIN,ישראל,ישראל,סחיר,TASE,IL0007560159,חיפושי נפט וגז,2026-10-25,לא,ILS,37.5,0.01,947.68,1.0,134.3,1.27273,0.012264,2e-06
671,7235.0,"שובל הנדסה ובניין בע""מ",512951518,ח.פ.,שובל הנדסה אפ 1,IL0012159617,ISIN,ישראל,ישראל,סחיר,TASE,IL0012079682,בנייה,2027-01-10,לא,ILS,1023.0,0.01,566.01,1.0,223.2,1.26334,0.012174,2e-06
671,7235.0,"סולאיר אנרגיות מתחדשות בע""מ",516046307,ח.פ.,סולאיר אפ 1,IL0012179185,ISIN,ישראל,ישראל,סחיר,TASE,IL0011722878,אנרגיה מתחדשת,2026-08-31,לא,ILS,4152.0,0.01,741.37,1.0,492.0,3.64754,0.035149,5e-06
671,7235.0,"חג'ג' אירופה דיוולופמנט צ.ש בע""מ",515682292,ח.פ.,חגג אירופה אפ 1,IL0012188418,ISIN,ישראל,ישראל,סחיר,TASE,IL0011436354,בנייה,2027-09-01,לא,ILS,950.0,0.01,2040.4,1.0,125.0,2.5505,0.024577,4e-06
671,7235.0,"זוז פאוור בע""מ",514881564,ח.פ.,זוז אופ 1 (נשר),1205160,ISIN,ישראל,ישראל,סחיר,TASE,IL0011741845,קלינטק,2029-06-30,לא,ILS,1.0,0.01,920.58,1.0,0.0,0.0,0.0,0.0
671,7235.0,"קבוצת חג'ג' אפשטיין בע""מ",515387231,ח.פ.,חג'ג' אפ 1,IL0012166547,ISIN,ישראל,ישראל,סחיר,TASE,IL0008230133,בנייה,2027-07-30,לא,ILS,3230.0,0.01,2352.74,1.0,158.2,3.72203,0.035867,5e-06
671,7235.0,"קנדה גלובל (ט.ר) בע""מ",520041286,ח.פ.,קנדה גלובל אפ 1,IL0012181892,ISIN,ישראל,ישראל,סחיר,TASE,IL0001060131,"נדל""ן מניב בחו""ל",2029-02-27,לא,ILS,1675.0,0.01,1437.38,1.0,584.6,8.40295,0.080974,1.3e-05
671,7235.0,נאוויטס פטרוליום שותפות מוגבלת,550263107,ח.פ.,נאוויטס פט אפ 6,1228824,פנימי,ישראל,ישראל,סחיר,TASE,IL0011419699,חיפושי נפט וגז,2026-08-31,לא,ILS,12000.0,0.01,467.31,1.0,1609.0,7.51894,0.072455,1.1e-05
671,7235.0,"אמות השקעות בע""מ",520026683,ח.פ.,אמות אפ 12,1225036,פנימי,ישראל,ישראל,סחיר,TASE,IL0010972789,"נדל""ן מניב בישראל",2026-12-31,לא,ILS,2800.0,0.01,2014.92,1.0,169.8,3.42133,0.032969,5e-06
671,7235.0,"מגידו י.ק. ישראל בע""מ",510542855,ח.פ.,מגידו אפ 1,1225184,פנימי,ישראל,ישראל,סחיר,TASE,1216605,בנייה,2029-07-12,לא,ILS,850.0,0.01,4619.56,1.0,215.8,9.96902,0.096065,1.5e-05
671,7235.0,Taboola.com Ltd,984500F5945AFAFFCB30,LEI,Taboola.com Ltd,IL0011754210,ISIN,"חו""ל","ארה""ב",סחיר,NASDAQ,US4576791085,Commercial Services & Supplies,2027-12-31,לא,USD,11.5,1.0,117.71,3.306,8.5,0.03308,0.000318,0.0
671,7235.0,Taboola.com Ltd,984500F5945AFAFFCB30,LEI,Taboola.com Ltd,IL0011754210,ISIN,"חו""ל","ארה""ב",סחיר,NASDAQ,IL0011754137,Commercial Services & Supplies,2026-06-29,לא,USD,11.5,1.0,760.08,3.306,8.5,0.21359,0.002058,0.0
671,7235.0,ארקו קורפ.,1834,פנימי,Arko Corp,US0412421168,ISIN,"חו""ל","ארה""ב",סחיר,NASDAQ,US0412421085,Retail REITs,2025-12-31,לא,USD,11.5,0.82,2091.36,3.306,0.93,0.0643,0.000619,0.0
671,7235.0,2MX ORGANIC SA,969500HQ6PWNILD1HE63,LEI,Teract SA,FR0014000TB2,ISIN,"חו""ל",צרפת,סחיר,אחר,FR001400BMH7,Diversified Consumer Services,2025-11-16,לא,EUR,11.5,0.25,1432.44,3.8807,0.1,0.00556,5.3e-05,0.0
671,7235.0,TALON METALS CORP,9845003F1E9496A9MA60,LEI,WTS TALON,TLO,ISIN,"חו""ל",קנדה,סחיר,אחר,0,Multi-Utilities,2026-06-29,לא,CAD,0.0,1.0,8339.94,2.3745,0.0,0.0,0.0,0.0
671,7235.0,LEO HOLDINGS III,7044,פנימי,Local Bounti Corp,US53960E1148,ISIN,"חו""ל","ארה""ב",סחיר,אחר,969743458,Industrial Conglomerates,2028-03-02,לא,USD,11.5,1.0,55.54,3.306,0.66,0.00121,1.1e-05,0.0
671,7235.0,HOMETOGO SE,2221001IK1TS34BCHL37,LEI,HTGW GR 11.5 31/12/25,LU2290524383,ISIN,"חו""ל",גרמניה,סחיר,FWB,LU2290523658,Wireless Telecommunication Services,2025-12-31,לא,EUR,11.5,1.0,495.16,3.8807,0.1,0.00192,1.8e-05,0.0
671,7236.0,"בלדי בע""מ",511226136,ח.פ.,בלדי אפ 1,IL0012166620,ISIN,ישראל,ישראל,סחיר,TASE,IL0012125394,מסחר,2028-01-31,לא,ILS,2800.0,0.01,372.95,1.0,1024.0,3.81904,0.21639,1.8e-05
671,7236.0,"מפעלים פטרוכימיים בישראל בע""מ",520029315,ח.פ.,פטרוכימים אפ 1,IL0011903056,ISIN,ישראל,ישראל,סחיר,TASE,IL0007560159,חיפושי נפט וגז,2026-10-25,לא,ILS,37.5,0.01,105.48,1.0,134.3,0.14166,0.008026,0.0
671,7236.0,"חג'ג' אירופה דיוולופמנט צ.ש בע""מ",515682292,ח.פ.,חגג אירופה אפ 1,IL0012188418,ISIN,ישראל,ישראל,סחיר,TASE,IL0011436354,בנייה,2027-09-01,לא,ILS,950.0,0.01,227.1,1.0,125.0,0.28387,0.016084,1e-06
671,7236.0,"קנדה גלובל (ט.ר) בע""מ",520041286,ח.פ.,קנדה גלובל אפ 1,IL0012181892,ISIN,ישראל,ישראל,סחיר,TASE,IL0001060131,"נדל""ן מניב בחו""ל",2029-02-27,לא,ILS,1675.0,0.01,159.98,1.0,584.6,0.93526,0.052992,4e-06
671,7236.0,"זוז פאוור בע""מ",514881564,ח.פ.,זוז אופ 1 (נשר),1205160,ISIN,ישראל,ישראל,סחיר,TASE,IL0011741845,קלינטק,2029-06-30,לא,ILS,1.0,0.01,176.6,1.0,0.0,0.0,0.0,0.0
671,7236.0,"אפולו פאוור בע""מ",520043928,ח.פ.,אפולו פאוור אפ8,IL0012147414,ISIN,ישראל,ישראל,סחיר,TASE,IL0010821143,קלינטק,2026-03-10,לא,ILS,835.0,0.01,44.24,1.0,251.6,0.11131,0.006306,0.0
671,7236.0,"ביג מרכזי קניות בע""מ",513623314,ח.פ.,ביג אפ 7,IL0012143454,ISIN,ישראל,ישראל,סחיר,TASE,IL0010972607,"נדל""ן מניב בישראל",2026-06-01,לא,ILS,58000.0,0.01,44.2,1.0,12600.0,5.57038,0.315622,2.6e-05
671,7236.0,"סולאיר אנרגיות מתחדשות בע""מ",516046307,ח.פ.,סולאיר אפ 1,IL0012179185,ISIN,ישראל,ישראל,סחיר,TASE,IL0011722878,אנרגיה מתחדשת,2026-08-31,לא,ILS,4152.0,0.01,82.52,1.0,492.0,0.40598,0.023003,1e-06
671,7236.0,"שובל הנדסה ובניין בע""מ",512951518,ח.פ.,שובל הנדסה אפ 1,IL0012159617,ISIN,ישראל,ישראל,סחיר,TASE,IL0012079682,בנייה,2027-01-10,לא,ILS,1023.0,0.01,108.58,1.0,223.2,0.24235,0.013731,1e-06
671,7236.0,"ווישור גלובלטק בע""מ",515559169,ח.פ.,ווישור אפ 1,IL0012292517,ISIN,ישראל,ישראל,סחיר,TASE,IL0011732281,ביטוח,2028-10-01,לא,ILS,1325.0,0.01,311.1,1.0,162.1,0.50429,0.028573,2e-06
671,7236.0,"קבוצת חג'ג' אפשטיין בע""מ",515387231,ח.פ.,חג'ג' אפ 1,IL0012166547,ISIN,ישראל,ישראל,סחיר,TASE,IL0008230133,בנייה,2027-07-30,לא,ILS,3230.0,0.01,261.86,1.0,158.2,0.41427,0.023472,1e-06
671,7236.0,"פאי סיאם בע""מ",513154617,ח.פ.,פאי סיאם   אפ 1,IL0012162827,ISIN,ישראל,ישראל,סחיר,TASE,IL0011865271,מלונאות ותיירות,2028-01-12,לא,ILS,4900.0,0.01,238.82,1.0,480.1,1.14656,0.064965,5e-06
671,7236.0,"מגידו י.ק. ישראל בע""מ",510542855,ח.פ.,מגידו אפ 1,1225184,פנימי,ישראל,ישראל,סחיר,TASE,1216605,בנייה,2029-07-12,לא,ILS,850.0,0.01,886.19,1.0,215.8,1.91239,0.108357,9e-06
671,7236.0,נאוויטס פטרוליום שותפות מוגבלת,550263107,ח.פ.,נאוויטס פט אפ 6,1228824,פנימי,ישראל,ישראל,סחיר,TASE,IL0011419699,חיפושי נפט וגז,2026-08-31,לא,ILS,12000.0,0.01,89.64,1.0,1609.0,1.44239,0.081727,6e-06
671,7236.0,"אמות השקעות בע""מ",520026683,ח.פ.,אמות אפ 12,1225036,פנימי,ישראל,ישראל,סחיר,TASE,IL0010972789,"נדל""ן מניב בישראל",2026-12-31,לא,ILS,2800.0,0.01,386.53,1.0,169.8,0.65633,0.037188,3e-06
671,7236.0,LEO HOLDINGS III,7044,פנימי,Local Bounti Corp,US53960E1148,ISIN,"חו""ל","ארה""ב",סחיר,אחר,969743458,Industrial Conglomerates,2028-03-02,לא,USD,11.5,1.0,10.97,3.306,0.66,0.00024,1.3e-05,0.0
671,7236.0,ארקו קורפ.,1834,פנימי,Arko Corp,US0412421168,ISIN,"חו""ל","ארה""ב",סחיר,NASDAQ,US0412421085,Retail REITs,2025-12-31,לא,USD,11.5,0.82,401.19,3.306,0.93,0.01234,0.000699,0.0
671,7236.0,Taboola.com Ltd,984500F5945AFAFFCB30,LEI,Taboola.com Ltd,IL0011754210,ISIN,"חו""ל","ארה""ב",סחיר,NASDAQ,IL0011754137,Commercial Services & Supplies,2026-06-29,לא,USD,11.5,1.0,150.13,3.306,8.5,0.04219,0.00239,0.0
671,7236.0,HOMETOGO SE,2221001IK1TS34BCHL37,LEI,HTGW GR 11.5 31/12/25,LU2290524383,ISIN,"חו""ל",גרמניה,סחיר,FWB,LU2290523658,Wireless Telecommunication Services,2025-12-31,לא,EUR,11.5,1.0,97.8,3.8807,0.1,0.00038,2.1e-05,0.0
671,7236.0,Taboola.com Ltd,984500F5945AFAFFCB30,LEI,Taboola.com Ltd,IL0011754210,ISIN,"חו""ל","ארה""ב",סחיר,NASDAQ,US4576791085,Commercial Services & Supplies,2027-12-31,לא,USD,11.5,1.0,23.25,3.306,8.5,0.00653,0.000369,0.0
671,7236.0,2MX ORGANIC SA,969500HQ6PWNILD1HE63,LEI,Teract SA,FR0014000TB2,ISIN,"חו""ל",צרפת,סחיר,אחר,FR001400BMH7,Diversified Consumer Services,2025-11-16,לא,EUR,11.5,0.25,282.93,3.8807,0.1,0.0011,6.2e-05,0.0
671,7236.0,TALON METALS CORP,9845003F1E9496A9MA60,LEI,WTS TALON,TLO,ISIN,"חו""ל",קנדה,סחיר,אחר,0,Multi-Utilities,2026-06-29,לא,CAD,0.0,1.0,1647.29,2.3745,0.0,0.0,0.0,0.0
671,8318.0,"בלדי בע""מ",511226136,ח.פ.,בלדי אפ 1,IL0012166620,ISIN,ישראל,ישראל,סחיר,TASE,IL0012125394,מסחר,2028-01-31,לא,ILS,2800.0,0.01,8724.07,1.0,1024.0,89.3345,0.262587,5.9e-05
671,8318.0,"ביג מרכזי קניות בע""מ",513623314,ח.פ.,ביג אפ 7,IL0012143454,ISIN,ישראל,ישראל,סחיר,TASE,IL0010972607,"נדל""ן מניב בישראל",2026-06-01,לא,ILS,58000.0,0.01,952.86,1.0,12600.0,120.06083,0.352903,7.9e-05
671,8318.0,"אפולו פאוור בע""מ",520043928,ח.פ.,אפולו פאוור אפ8,IL0012147414,ISIN,ישראל,ישראל,סחיר,TASE,IL0010821143,קלינטק,2026-03-10,לא,ILS,835.0,0.01,1034.83,1.0,251.6,2.60364,0.007653,1e-06
671,8318.0,"פאי סיאם בע""מ",513154617,ח.פ.,פאי סיאם   אפ 1,IL0012162827,ISIN,ישראל,ישראל,סחיר,TASE,IL0011865271,מלונאות ותיירות,2028-01-12,לא,ILS,4900.0,0.01,5586.38,1.0,480.1,26.82019,0.078834,1.7e-05
671,8318.0,"זוז פאוור בע""מ",514881564,ח.פ.,זוז אופ 1 (נשר),1205160,ISIN,ישראל,ישראל,סחיר,TASE,IL0011741845,קלינטק,2029-06-30,לא,ILS,1.0,0.01,4130.96,1.0,0.0,0.0,0.0,0.0
671,8318.0,"שובל הנדסה ובניין בע""מ",512951518,ח.פ.,שובל הנדסה אפ 1,IL0012159617,ISIN,ישראל,ישראל,סחיר,TASE,IL0012079682,בנייה,2027-01-10,לא,ILS,1023.0,0.01,2539.89,1.0,223.2,5.66904,0.016663,3e-06
671,8318.0,"אמות השקעות בע""מ",520026683,ח.פ.,אמות אפ 12,1225036,פנימי,ישראל,ישראל,סחיר,TASE,IL0010972789,"נדל""ן מניב בישראל",2026-12-31,לא,ILS,2800.0,0.01,9041.65,1.0,169.8,15.35272,0.045127,1e-05
671,8318.0,"מגידו י.ק. ישראל בע""מ",510542855,ח.פ.,מגידו אפ 1,1225184,פנימי,ישראל,ישראל,סחיר,TASE,1216605,בנייה,2029-07-12,לא,ILS,850.0,0.01,20729.61,1.0,215.8,44.73449,0.131491,2.9e-05
671,8318.0,נאוויטס פטרוליום שותפות מוגבלת,550263107,ח.פ.,נאוויטס פט אפ 6,1228824,פנימי,ישראל,ישראל,סחיר,TASE,IL0011419699,חיפושי נפט וגז,2026-08-31,לא,ILS,12000.0,0.01,2096.96,1.0,1609.0,33.74013,0.099174,2.2e-05
671,8318.0,ארקו קורפ.,1834,פנימי,Arko Corp,US0412421168,ISIN,"חו""ל","ארה""ב",סחיר,NASDAQ,US0412421085,Retail REITs,2025-12-31,לא,USD,11.5,0.82,9384.68,3.306,0.93,0.28854,0.000848,0.0
671,8318.0,TALON METALS CORP,9845003F1E9496A9MA60,LEI,WTS TALON,TLO,ISIN,"חו""ל",קנדה,סחיר,אחר,0,Multi-Utilities,2026-06-29,לא,CAD,0.0,1.0,52403.25,2.3745,0.0,0.0,0.0,0.0
671,8318.0,Taboola.com Ltd,984500F5945AFAFFCB30,LEI,Taboola.com Ltd,IL0011754210,ISIN,"חו""ל","ארה""ב",סחיר,NASDAQ,IL0011754137,Commercial Services & Supplies,2026-06-29,לא,USD,11.5,1.0,4775.92,3.306,8.5,1.34208,0.003944,0.0
671,8318.0,2MX ORGANIC SA,969500HQ6PWNILD1HE63,LEI,Teract SA,FR0014000TB2,ISIN,"חו""ל",צרפת,סחיר,אחר,FR001400BMH7,Diversified Consumer Services,2025-11-16,לא,EUR,11.5,0.25,9000.61,3.8807,0.1,0.03493,0.000102,0.0
671,8318.0,HOMETOGO SE,2221001IK1TS34BCHL37,LEI,HTGW GR 11.5 31/12/25,LU2290524383,ISIN,"חו""ל",גרמניה,סחיר,FWB,LU2290523658,Wireless Telecommunication Services,2025-12-31,לא,EUR,11.5,1.0,3111.32,3.8807,0.1,0.01207,3.5e-05,0.0
671,8318.0,LEO HOLDINGS III,7044,פנימי,Local Bounti Corp,US53960E1148,ISIN,"חו""ל","ארה""ב",סחיר,אחר,969743458,Industrial Conglomerates,2028-03-02,לא,USD,11.5,1.0,349.01,3.306,0.66,0.00762,2.2e-05,0.0
671,8318.0,Taboola.com Ltd,984500F5945AFAFFCB30,LEI,Taboola.com Ltd,IL0011754210,ISIN,"חו""ל","ארה""ב",סחיר,NASDAQ,US4576791085,Commercial Services & Supplies,2027-12-31,לא,USD,11.5,1.0,739.61,3.306,8.5,0.20784,0.00061,0.0
671,8319.0,"קבוצת חג'ג' אפשטיין בע""מ",515387231,ח.פ.,חג'ג' אפ 1,IL0012166547,ISIN,ישראל,ישראל,סחיר,TASE,IL0008230133,בנייה,2027-07-30,לא,ILS,3230.0,0.01,103.58,1.0,158.2,0.16386,0.132644,1.8e-05
671,8319.0,"מפעלים פטרוכימיים בישראל בע""מ",520029315,ח.פ.,פטרוכימים אפ 1,IL0011903056,ISIN,ישראל,ישראל,סחיר,TASE,IL0007560159,חיפושי נפט וגז,2026-10-25,לא,ILS,37.5,0.01,41.72,1.0,134.3,0.05603,0.045356,6e-06
671,8319.0,"ביג מרכזי קניות בע""מ",513623314,ח.פ.,ביג אפ 7,IL0012143454,ISIN,ישראל,ישראל,סחיר,TASE,IL0010972607,"נדל""ן מניב בישראל",2026-06-01,לא,ILS,58000.0,0.01,1.37,1.0,12600.0,0.17317,0.140181,1.9e-05
671,8319.0,"סולאיר אנרגיות מתחדשות בע""מ",516046307,ח.פ.,סולאיר אפ 1,IL0012179185,ISIN,ישראל,ישראל,סחיר,TASE,IL0011722878,אנרגיה מתחדשת,2026-08-31,לא,ILS,4152.0,0.01,32.64,1.0,492.0,0.16058,0.129989,1.8e-05
671,8319.0,"ווישור גלובלטק בע""מ",515559169,ח.פ.,ווישור אפ 1,IL0012292517,ISIN,ישראל,ישראל,סחיר,TASE,IL0011732281,ביטוח,2028-10-01,לא,ILS,1325.0,0.01,123.05,1.0,162.1,0.19947,0.161471,2.2e-05
671,8319.0,"חג'ג' אירופה דיוולופמנט צ.ש בע""מ",515682292,ח.פ.,חגג אירופה אפ 1,IL0012188418,ISIN,ישראל,ישראל,סחיר,TASE,IL0011436354,בנייה,2027-09-01,לא,ILS,950.0,0.01,89.83,1.0,125.0,0.11228,0.09089,1.2e-05
671,8319.0,"קנדה גלובל (ט.ר) בע""מ",520041286,ח.פ.,קנדה גלובל אפ 1,IL0012181892,ISIN,ישראל,ישראל,סחיר,TASE,IL0001060131,"נדל""ן מניב בחו""ל",2029-02-27,לא,ILS,1675.0,0.01,63.28,1.0,584.6,0.36994,0.299466,4.1e-05
209,13335.0,,,,,,,,,,,,,,,,,,,,,,,
209,14286.0,,,,,,,,,,,,,,,,,,,,,,,
209,15219.0,,,,,,,,,,,,,,,,,,,,,,,
209,2189.0,,,,,,,,,,,,,,,,,,,,,,,
209,2201.0,,,,,,,,,,,,,,,,,,,,,,,
209,9979.0,,,,,,,,,,,,,,,,,,,,,,,
209,9984.0,,,,,,,,,,,,,,,,,,,,,,,
209,9987.0,,,,,,,,,,,,,,,,,,,,,,,
671,13465.0,,,,,,,,,,,,,,,,,,,,,,,
671,14082.0,,,,,,,,,,,,,,,,,,,,,,,
671,14287.0,,,,,,,,,,,,,,,,,,,,,,,
671,15222.0,,,,,,,,,,,,,,,,,,,,,,,
671,15223.0,,,,,,,,,,,,,,,,,,,,,,,
671,2202.0,,,,,,,,,,,,,,,,,,,,,,,
671,8320.0,,,,,,,,,,,,,,,,,,,,,,,
סיום מידע טבלה,,,,,,,,,,,,,,,,,,,,,,,,
