מספר קופה/קרן/ח.פ. עבור חברת ביטוח,מספר מסלול,שם מנפיק,מספר מנפיק,סוג מספר מזהה מנפיק,שם נייר ערך,מספר נייר ערך,סוג מספר נייר ערך,"ישראל/חו""ל",מדינה לפי חשיפה כלכלית,זירת מסחר,נכס בסיס,בעל עניין/צד קשור,מטבע פעילות,ערך נקוב (יחידות),שער חליפין,שער נייר הערך,"שווי הוגן (באלפי ש""ח)",שיעור מנכסי אפיק ההשקעה,שיעור מסך נכסי ההשקעה
209,12119.0,"מסלקה חו""ל",K6Q0W1PS1L1O4IQL9C32,LEI,NKY INDEX,NKZ520257,ISIN,"חו""ל",יפן,CME,מניות לרבות מדדי מניות,לא,JPY,0.0,0.022332,4499000.0,0.00601,1e-06,0.0
209,12119.0,"מסלקה חו""ל",K6Q0W1PS1L1O4IQL9C32,LEI,NIFTY ILS INDEX,JGSV52024,ISIN,"חו""ל",הודו,CME,מניות לרבות מדדי מניות,לא,USD,0.0,3.306,2476150.0,-8e-05,0.0,0.0
209,12119.0,"מסלקה חו""ל",K6Q0W1PS1L1O4IQL9C32,LEI,NASDAQ 100 STOCK INDX,NQZ520254,ISIN,"חו""ל","ארה""ב",CME,מניות לרבות מדדי מניות,לא,USD,37.17,3.306,2490175.0,1016.2704,0.313926,9e-05
209,12119.0,"מסלקה חו""ל",K6Q0W1PS1L1O4IQL9C32,LEI,KOSPI2 INDEX,KSZ520253,ISIN,"חו""ל",דרום קוריאה,CME,מניות לרבות מדדי מניות,לא,KRW,0.0,0.002354,47585.0,0.00198,0.0,0.0
209,12119.0,"מסלקה חו""ל",K6Q0W1PS1L1O4IQL9C32,LEI,S&P/TSX 60 INDEX,PTZ520256,ISIN,"חו""ל",קנדה,CME,מניות לרבות מדדי מניות,לא,CAD,0.0,2.3745,177280.0,0.00037,0.0,0.0
209,12119.0,"מסלקה חו""ל",K6Q0W1PS1L1O4IQL9C32,LEI,MINI S&P500 INDEX,MEZ520252,ISIN,"חו""ל","ארה""ב",CME,מניות לרבות מדדי מניות,לא,USD,54.97,3.306,673875.0,709.01435,0.219014,6.2e-05
209,12119.0,"מסלקה חו""ל",K6Q0W1PS1L1O4IQL9C32,LEI,AS51 INDEX,XPZ520255,ISIN,"חו""ל",אוסטרליה,CME,מניות לרבות מדדי מניות,לא,AUD,0.0,2.1849,887300.0,-2e-05,0.0,0.0
209,12119.0,"מסלקה חו""ל",K6Q0W1PS1L1O4IQL9C32,LEI,RTY Index,RTSZ52028,ISIN,"חו""ל","ארה""ב",CME,מניות לרבות מדדי מניות,לא,USD,0.0,3.306,245550.0,-0.00019,0.0,0.0
209,12119.0,"מסלקה חו""ל",K6Q0W1PS1L1O4IQL9C32,LEI,DAX INDEX,GXZ520257,ISIN,"חו""ל",גרמניה,CME,מניות לרבות מדדי מניות,לא,EUR,0.0,3.8807,2401100.0,0.00043,0.0,0.0
209,12119.0,"מסלקה חו""ל",K6Q0W1PS1L1O4IQL9C32,LEI,FTSE 100 INDEX,ZZ5202556,ISIN,"חו""ל",בריטניה,CME,מניות לרבות מדדי מניות,לא,GBP,0.0,4.4409,940750.0,-0.00034,0.0,0.0
209,12119.0,"מסלקה חו""ל",K6Q0W1PS1L1O4IQL9C32,LEI,INDEX CAC 40,CFV520254,ISIN,"חו""ל",צרפת,CME,מניות לרבות מדדי מניות,לא,EUR,0.0,3.8807,789500.0,-0.00027,0.0,0.0
209,12119.0,"מסלקה חו""ל",K6Q0W1PS1L1O4IQL9C32,LEI,FTCRTWRP INDEX,TWTV52027,ISIN,"חו""ל",סינגפור,CME,מניות לרבות מדדי מניות,לא,USD,0.0,3.306,213825.0,0.0,0.0,0.0
209,12119.0,EUX - EUREX,2115,פנימי,SX5E Index,VGZ5 INDEX,טיקר,"חו""ל",בריטניה,CME,מניות לרבות מדדי מניות,לא,EUR,100.56,3.8807,554100.0,468.11919,0.144602,4.1e-05
209,12119.0,"מסלקה חו""ל",K6Q0W1PS1L1O4IQL9C32,LEI,MINI S&P500 INDEX,ESZ5 INDEX,טיקר,"חו""ל","ארה""ב",CME,מניות לרבות מדדי מניות,לא,USD,14.42,3.306,673875.0,158.82763,0.049061,1.4e-05
209,12119.0,"מסלקה חו""ל",K6Q0W1PS1L1O4IQL9C32,LEI,DOW JONES INDUS. AVG,DMZ5 INDEX,טיקר,"חו""ל","ארה""ב",CME,מניות לרבות מדדי מניות,לא,USD,14.48,3.306,4668900.0,102.70935,0.031727,9e-06
209,12119.0,"מסלקה חו""ל",K6Q0W1PS1L1O4IQL9C32,LEI,SX7E,CAZ5 INDEX,טיקר,"חו""ל",בריטניה,CME,מניות לרבות מדדי מניות,לא,EUR,84.75,3.8807,23250.0,15.30569,0.004727,1e-06
209,12119.0,"מסלקה חו""ל",K6Q0W1PS1L1O4IQL9C32,LEI,UXY1 COMDTY,UXYZ5 INDEX,טיקר,"חו""ל","ארה""ב",CME,"ריבית ואג""ח",לא,USD,29.92,3.306,11507.8,105.07783,0.032458,9e-06
209,12119.0,"מסלקה חו""ל",K6Q0W1PS1L1O4IQL9C32,LEI,MSCI EM,MESZ5 INDEX,טיקר,"חו""ל","ארה""ב",CME,מניות לרבות מדדי מניות,לא,USD,18.79,3.306,135970.0,21.06928,0.006508,1e-06
209,12119.0,"מסלקה חו""ל",K6Q0W1PS1L1O4IQL9C32,LEI,NASDAQ 100 STOCK INDX,NQZ5 INDEX,טיקר,"חו""ל","ארה""ב",CME,מניות לרבות מדדי מניות,לא,USD,25.71,3.306,2490175.0,640.88329,0.197969,5.7e-05
209,13335.0,"מסלקה חו""ל",K6Q0W1PS1L1O4IQL9C32,LEI,MINI S&P500 INDEX,ESZ5 INDEX,טיקר,"חו""ל","ארה""ב",CME,מניות לרבות מדדי מניות,לא,USD,-204.79,3.306,673875.0,-1976.26992,1.0,-9.1e-05
209,14285.0,"מסלקה חו""ל",K6Q0W1PS1L1O4IQL9C32,LEI,NASDAQ 100 STOCK INDX,NQZ520254,ISIN,"חו""ל","ארה""ב",CME,מניות לרבות מדדי מניות,לא,USD,0.83,3.306,2490175.0,22.4833,0.321837,0.000489
209,14285.0,"מסלקה חו""ל",K6Q0W1PS1L1O4IQL9C32,LEI,MINI S&P500 INDEX,MEZ520252,ISIN,"חו""ל","ארה""ב",CME,מניות לרבות מדדי מניות,לא,USD,1.21,3.306,673875.0,15.68574,0.224534,0.000341
209,14285.0,"מסלקה חו""ל",K6Q0W1PS1L1O4IQL9C32,LEI,SX7E,CAZ5 INDEX,טיקר,"חו""ל",בריטניה,CME,מניות לרבות מדדי מניות,לא,EUR,1.88,3.8807,23250.0,0.33861,0.004847,7e-06
209,14285.0,"מסלקה חו""ל",K6Q0W1PS1L1O4IQL9C32,LEI,MSCI EM,MESZ5 INDEX,טיקר,"חו""ל","ארה""ב",CME,מניות לרבות מדדי מניות,לא,USD,0.42,3.306,135970.0,0.46612,0.006672,1e-05
209,14285.0,"מסלקה חו""ל",K6Q0W1PS1L1O4IQL9C32,LEI,MINI S&P500 INDEX,ESZ5 INDEX,טיקר,"חו""ל","ארה""ב",CME,מניות לרבות מדדי מניות,לא,USD,0.32,3.306,673875.0,3.5138,0.050298,7.6e-05
209,14285.0,"מסלקה חו""ל",K6Q0W1PS1L1O4IQL9C32,LEI,UXY1 COMDTY,UXYZ5 INDEX,טיקר,"חו""ל","ארה""ב",CME,"ריבית ואג""ח",לא,USD,0.16,3.306,11507.8,0.56437,0.008078,1.2e-05
209,14285.0,"מסלקה חו""ל",K6Q0W1PS1L1O4IQL9C32,LEI,DOW JONES INDUS. AVG,DMZ5 INDEX,טיקר,"חו""ל","ארה""ב",CME,מניות לרבות מדדי מניות,לא,USD,0.32,3.306,4668900.0,2.27227,0.032526,4.9e-05
209,14285.0,EUX - EUREX,2115,פנימי,SX5E Index,VGZ5 INDEX,טיקר,"חו""ל",בריטניה,CME,מניות לרבות מדדי מניות,לא,EUR,2.22,3.8807,554100.0,10.35636,0.148245,0.000225
209,14285.0,"מסלקה חו""ל",K6Q0W1PS1L1O4IQL9C32,LEI,NASDAQ 100 STOCK INDX,NQZ5 INDEX,טיקר,"חו""ל","ארה""ב",CME,מניות לרבות מדדי מניות,לא,USD,0.57,3.306,2490175.0,14.17848,0.202958,0.000308
209,14286.0,"מסלקה חו""ל",K6Q0W1PS1L1O4IQL9C32,LEI,NASDAQ 100 STOCK INDX,NQZ5 INDEX,טיקר,"חו""ל","ארה""ב",CME,מניות לרבות מדדי מניות,לא,USD,0.59,3.306,2490175.0,21.46888,-4.588828,0.000183
209,14286.0,"מסלקה חו""ל",K6Q0W1PS1L1O4IQL9C32,LEI,MINI S&P500 INDEX,ESZ5 INDEX,טיקר,"חו""ל","ארה""ב",CME,מניות לרבות מדדי מניות,לא,USD,-4.77,3.306,673875.0,-29.72481,6.353477,-0.000253
209,14286.0,"מסלקה חו""ל",K6Q0W1PS1L1O4IQL9C32,LEI,TOPIX INDEX (TOKYO),TPZ5 INDEX,טיקר,"חו""ל",יפן,CME,מניות לרבות מדדי מניות,לא,JPY,0.42,0.022332,314100.0,2.92553,-0.625312,2.4e-05
209,14286.0,"מסלקה חו""ל",K6Q0W1PS1L1O4IQL9C32,LEI,SXXP INDEX,SXOZ5 INDEX,טיקר,"חו""ל",גרמניה,CME,מניות לרבות מדדי מניות,לא,EUR,7.3,3.8807,55950.0,0.65189,-0.139337,5e-06
209,15217.0,"מסלקה חו""ל",K6Q0W1PS1L1O4IQL9C32,LEI,UXY1 COMDTY,UXYZ5 INDEX,טיקר,"חו""ל","ארה""ב",CME,"ריבית ואג""ח",לא,USD,0.09,3.306,11507.8,0.32095,1.0,1.8e-05
209,15219.0,"מסלקה חו""ל",K6Q0W1PS1L1O4IQL9C32,LEI,NASDAQ 100 STOCK INDX,NQZ5 INDEX,טיקר,"חו""ל","ארה""ב",CME,מניות לרבות מדדי מניות,לא,USD,0.84,3.306,2490175.0,30.41889,-0.090717,3.5e-05
209,15219.0,"מסלקה חו""ל",K6Q0W1PS1L1O4IQL9C32,LEI,MID INDEX,FAWZ5 INDEX,טיקר,"חו""ל",אמריקה הדרומית,CME,מניות לרבות מדדי מניות,לא,USD,50.92,3.306,328620.0,-365.73374,1.090717,-0.000425
209,2187.0,"מסלקה חו""ל",K6Q0W1PS1L1O4IQL9C32,LEI,NKY INDEX,NKZ520257,ISIN,"חו""ל",יפן,CME,מניות לרבות מדדי מניות,לא,JPY,1.04,0.022332,4499000.0,36.30459,0.001516,2e-06
209,2187.0,"מסלקה חו""ל",K6Q0W1PS1L1O4IQL9C32,LEI,S&P/TSX 60 INDEX,PTZ520256,ISIN,"חו""ל",קנדה,CME,מניות לרבות מדדי מניות,לא,CAD,0.15,2.3745,177280.0,2.23838,9.3e-05,0.0
209,2187.0,"מסלקה חו""ל",K6Q0W1PS1L1O4IQL9C32,LEI,NIFTY ILS INDEX,JGSV52024,ISIN,"חו""ל",הודו,CME,מניות לרבות מדדי מניות,לא,USD,1.4,3.306,2476150.0,-0.50508,-2.1e-05,0.0
209,2187.0,"מסלקה חו""ל",K6Q0W1PS1L1O4IQL9C32,LEI,NASDAQ 100 STOCK INDX,NQZ520254,ISIN,"חו""ל","ארה""ב",CME,מניות לרבות מדדי מניות,לא,USD,283.4,3.306,2490175.0,7748.72392,0.323673,0.000583
209,2187.0,"מסלקה חו""ל",K6Q0W1PS1L1O4IQL9C32,LEI,AS51 INDEX,XPZ520255,ISIN,"חו""ל",אוסטרליה,CME,מניות לרבות מדדי מניות,לא,AUD,0.13,2.1849,887300.0,-0.13036,-5e-06,0.0
209,2187.0,"מסלקה חו""ל",K6Q0W1PS1L1O4IQL9C32,LEI,INDEX CAC 40,CFV520254,ISIN,"חו""ל",צרפת,CME,מניות לרבות מדדי מניות,לא,EUR,-0.41,3.8807,789500.0,-1.61593,-6.7e-05,0.0
209,2187.0,"מסלקה חו""ל",K6Q0W1PS1L1O4IQL9C32,LEI,FTSE 100 INDEX,ZZ5202556,ISIN,"חו""ל",בריטניה,CME,מניות לרבות מדדי מניות,לא,GBP,-0.31,4.4409,940750.0,-2.05699,-8.5e-05,0.0
209,2187.0,"מסלקה חו""ל",K6Q0W1PS1L1O4IQL9C32,LEI,FTCRTWRP INDEX,TWTV52027,ISIN,"חו""ל",סינגפור,CME,מניות לרבות מדדי מניות,לא,USD,0.15,3.306,213825.0,0.01211,0.0,0.0
209,2187.0,"מסלקה חו""ל",K6Q0W1PS1L1O4IQL9C32,LEI,DAX INDEX,GXZ520257,ISIN,"חו""ל",גרמניה,CME,מניות לרבות מדדי מניות,לא,EUR,0.06,3.8807,2401100.0,2.59573,0.000108,0.0
209,2187.0,"מסלקה חו""ל",K6Q0W1PS1L1O4IQL9C32,LEI,KOSPI2 INDEX,KSZ520253,ISIN,"חו""ל",דרום קוריאה,CME,מניות לרבות מדדי מניות,לא,KRW,0.5,0.002354,47585.0,11.93565,0.000498,0.0
209,2187.0,"מסלקה חו""ל",K6Q0W1PS1L1O4IQL9C32,LEI,MINI S&P500 INDEX,MEZ520252,ISIN,"חו""ל","ארה""ב",CME,מניות לרבות מדדי מניות,לא,USD,419.89,3.306,673875.0,5413.93554,0.226146,0.000407
209,2187.0,"מסלקה חו""ל",K6Q0W1PS1L1O4IQL9C32,LEI,RTY Index,RTSZ52028,ISIN,"חו""ל","ארה""ב",CME,מניות לרבות מדדי מניות,לא,USD,-0.23,3.306,245550.0,-1.16615,-4.8e-05,0.0
209,2187.0,"מסלקה חו""ל",K6Q0W1PS1L1O4IQL9C32,LEI,MSCI EM,MESZ5 INDEX,טיקר,"חו""ל","ארה""ב",CME,מניות לרבות מדדי מניות,לא,USD,143.29,3.306,135970.0,160.68157,0.006711,1.2e-05
209,2187.0,"מסלקה חו""ל",K6Q0W1PS1L1O4IQL9C32,LEI,SX7E,CAZ5 INDEX,טיקר,"חו""ל",בריטניה,CME,מניות לרבות מדדי מניות,לא,EUR,646.37,3.8807,23250.0,116.72646,0.004875,8e-06
209,2187.0,EUX - EUREX,2115,פנימי,SX5E Index,VGZ5 INDEX,טיקר,"חו""ל",בריטניה,CME,מניות לרבות מדדי מניות,לא,EUR,766.94,3.8807,554100.0,3570.03724,0.149124,0.000268
209,2187.0,"מסלקה חו""ל",K6Q0W1PS1L1O4IQL9C32,LEI,DOW JONES INDUS. AVG,DMZ5 INDEX,טיקר,"חו""ל","ארה""ב",CME,מניות לרבות מדדי מניות,לא,USD,110.43,3.306,4668900.0,783.29667,0.032719,5.9e-05
209,2187.0,"מסלקה חו""ל",K6Q0W1PS1L1O4IQL9C32,LEI,MINI S&P500 INDEX,ESZ5 INDEX,טיקר,"חו""ל","ארה""ב",CME,מניות לרבות מדדי מניות,לא,USD,109.99,3.306,673875.0,1211.27386,0.050596,9.1e-05
209,2187.0,"מסלקה חו""ל",K6Q0W1PS1L1O4IQL9C32,LEI,NASDAQ 100 STOCK INDX,NQZ5 INDEX,טיקר,"חו""ל","ארה""ב",CME,מניות לרבות מדדי מניות,לא,USD,196.06,3.306,2490175.0,4887.59533,0.204161,0.000368
209,2188.0,"מסלקה חו""ל",K6Q0W1PS1L1O4IQL9C32,LEI,FTSE 100 INDEX,ZZ5202556,ISIN,"חו""ל",בריטניה,CME,מניות לרבות מדדי מניות,לא,GBP,0.0,4.4409,940750.0,-0.01171,-0.000549,0.0
209,2188.0,"מסלקה חו""ל",K6Q0W1PS1L1O4IQL9C32,LEI,NASDAQ 100 STOCK INDX,NQZ520254,ISIN,"חו""ל","ארה""ב",CME,מניות לרבות מדדי מניות,לא,USD,0.21,3.306,2490175.0,5.58741,0.262282,2.7e-05
209,2188.0,"מסלקה חו""ל",K6Q0W1PS1L1O4IQL9C32,LEI,KOSPI2 INDEX,KSZ520253,ISIN,"חו""ל",דרום קוריאה,CME,מניות לרבות מדדי מניות,לא,KRW,0.0,0.002354,47585.0,0.06797,0.00319,0.0
209,2188.0,"מסלקה חו""ל",K6Q0W1PS1L1O4IQL9C32,LEI,NIFTY ILS INDEX,JGSV52024,ISIN,"חו""ל",הודו,CME,מניות לרבות מדדי מניות,לא,USD,0.01,3.306,2476150.0,-0.00288,-0.000135,0.0
209,2188.0,"מסלקה חו""ל",K6Q0W1PS1L1O4IQL9C32,LEI,AS51 INDEX,XPZ520255,ISIN,"חו""ל",אוסטרליה,CME,מניות לרבות מדדי מניות,לא,AUD,0.0,2.1849,887300.0,-0.00074,-3.4e-05,0.0
209,2188.0,"מסלקה חו""ל",K6Q0W1PS1L1O4IQL9C32,LEI,S&P/TSX 60 INDEX,PTZ520256,ISIN,"חו""ל",קנדה,CME,מניות לרבות מדדי מניות,לא,CAD,0.0,2.3745,177280.0,0.01275,0.000598,0.0
209,2188.0,"מסלקה חו""ל",K6Q0W1PS1L1O4IQL9C32,LEI,RTY Index,RTSZ52028,ISIN,"חו""ל","ארה""ב",CME,מניות לרבות מדדי מניות,לא,USD,0.0,3.306,245550.0,-0.00664,-0.000311,0.0
209,2188.0,"מסלקה חו""ל",K6Q0W1PS1L1O4IQL9C32,LEI,DAX INDEX,GXZ520257,ISIN,"חו""ל",גרמניה,CME,מניות לרבות מדדי מניות,לא,EUR,0.0,3.8807,2401100.0,0.01478,0.000693,0.0
209,2188.0,"מסלקה חו""ל",K6Q0W1PS1L1O4IQL9C32,LEI,FTCRTWRP INDEX,TWTV52027,ISIN,"חו""ל",סינגפור,CME,מניות לרבות מדדי מניות,לא,USD,0.0,3.306,213825.0,7e-05,3e-06,0.0
209,2188.0,"מסלקה חו""ל",K6Q0W1PS1L1O4IQL9C32,LEI,INDEX CAC 40,CFV520254,ISIN,"חו""ל",צרפת,CME,מניות לרבות מדדי מניות,לא,EUR,0.0,3.8807,789500.0,-0.0092,-0.000431,0.0
209,2188.0,"מסלקה חו""ל",K6Q0W1PS1L1O4IQL9C32,LEI,MINI S&P500 INDEX,MEZ520252,ISIN,"חו""ל","ארה""ב",CME,מניות לרבות מדדי מניות,לא,USD,0.3,3.306,673875.0,3.94337,0.185108,1.8e-05
209,2188.0,"מסלקה חו""ל",K6Q0W1PS1L1O4IQL9C32,LEI,NKY INDEX,NKZ520257,ISIN,"חו""ל",יפן,CME,מניות לרבות מדדי מניות,לא,JPY,0.01,0.022332,4499000.0,0.20674,0.009704,1e-06
209,2188.0,"מסלקה חו""ל",K6Q0W1PS1L1O4IQL9C32,LEI,MSCI EM,MESZ5 INDEX,טיקר,"חו""ל","ארה""ב",CME,מניות לרבות מדדי מניות,לא,USD,0.1,3.306,135970.0,0.11604,0.005447,0.0
209,2188.0,"מסלקה חו""ל",K6Q0W1PS1L1O4IQL9C32,LEI,MINI S&P500 INDEX,ESZ5 INDEX,טיקר,"חו""ל","ארה""ב",CME,מניות לרבות מדדי מניות,לא,USD,0.08,3.306,673875.0,0.87474,0.041061,4e-06
209,2188.0,EUX - EUREX,2115,פנימי,SX5E Index,VGZ5 INDEX,טיקר,"חו""ל",בריטניה,CME,מניות לרבות מדדי מניות,לא,EUR,0.55,3.8807,554100.0,2.57817,0.121023,1.2e-05
209,2188.0,"מסלקה חו""ל",K6Q0W1PS1L1O4IQL9C32,LEI,NASDAQ 100 STOCK INDX,NQZ5 INDEX,טיקר,"חו""ל","ארה""ב",CME,מניות לרבות מדדי מניות,לא,USD,0.14,3.306,2490175.0,3.52966,0.165688,1.7e-05
209,2188.0,"מסלקה חו""ל",K6Q0W1PS1L1O4IQL9C32,LEI,UXY1 COMDTY,UXYZ5 INDEX,טיקר,"חו""ל","ארה""ב",CME,"ריבית ואג""ח",לא,USD,1.07,3.306,11507.8,3.75251,0.176149,1.8e-05
209,2188.0,"מסלקה חו""ל",K6Q0W1PS1L1O4IQL9C32,LEI,SX7E,CAZ5 INDEX,טיקר,"חו""ל",בריטניה,CME,מניות לרבות מדדי מניות,לא,EUR,0.47,3.8807,23250.0,0.0843,0.003957,0.0
209,2188.0,"מסלקה חו""ל",K6Q0W1PS1L1O4IQL9C32,LEI,DOW JONES INDUS. AVG,DMZ5 INDEX,טיקר,"חו""ל","ארה""ב",CME,מניות לרבות מדדי מניות,לא,USD,0.08,3.306,4668900.0,0.56567,0.026553,2e-06
209,9974.0,"מסלקה חו""ל",K6Q0W1PS1L1O4IQL9C32,LEI,NASDAQ 100 STOCK INDX,NQZ520254,ISIN,"חו""ל","ארה""ב",CME,מניות לרבות מדדי מניות,לא,USD,737.51,3.306,2490175.0,20164.17548,0.245295,0.000343
209,9974.0,"מסלקה חו""ל",K6Q0W1PS1L1O4IQL9C32,LEI,MINI S&P500 INDEX,MEZ520252,ISIN,"חו""ל","ארה""ב",CME,מניות לרבות מדדי מניות,לא,USD,1090.67,3.306,673875.0,14067.77501,0.171132,0.000239
209,9974.0,"מסלקה חו""ל",K6Q0W1PS1L1O4IQL9C32,LEI,NASDAQ 100 STOCK INDX,NQZ5 INDEX,טיקר,"חו""ל","ארה""ב",CME,מניות לרבות מדדי מניות,לא,USD,1085.93,3.306,2490175.0,27337.71331,0.332559,0.000466
209,9974.0,"מסלקה חו""ל",K6Q0W1PS1L1O4IQL9C32,LEI,SXXP INDEX,SXOZ5 INDEX,טיקר,"חו""ל",גרמניה,CME,מניות לרבות מדדי מניות,לא,EUR,292.96,3.8807,55950.0,26.14849,0.000318,0.0
209,9974.0,"מסלקה חו""ל",K6Q0W1PS1L1O4IQL9C32,LEI,TOPIX INDEX (TOKYO),TPZ5 INDEX,טיקר,"חו""ל",יפן,CME,מניות לרבות מדדי מניות,לא,JPY,16.94,0.022332,314100.0,117.34919,0.001427,2e-06
209,9974.0,EUX - EUREX,2115,פנימי,SX5E Index,VGZ5 INDEX,טיקר,"חו""ל",בריטניה,CME,מניות לרבות מדדי מניות,לא,EUR,1995.33,3.8807,554100.0,9288.1137,0.112988,0.000157
209,9974.0,"מסלקה חו""ל",K6Q0W1PS1L1O4IQL9C32,LEI,DOW JONES INDUS. AVG,DMZ5 INDEX,טיקר,"חו""ל","ארה""ב",CME,מניות לרבות מדדי מניות,לא,USD,287.3,3.306,4668900.0,2037.89149,0.02479,3.4e-05
209,9974.0,"מסלקה חו""ל",K6Q0W1PS1L1O4IQL9C32,LEI,SX7E,CAZ5 INDEX,טיקר,"חו""ל",בריטניה,CME,מניות לרבות מדדי מניות,לא,EUR,1681.64,3.8807,23250.0,303.68551,0.003694,5e-06
209,9974.0,"מסלקה חו""ל",K6Q0W1PS1L1O4IQL9C32,LEI,MSCI EM,MESZ5 INDEX,טיקר,"חו""ל","ארה""ב",CME,מניות לרבות מדדי מניות,לא,USD,372.8,3.306,135970.0,418.0429,0.005085,7e-06
209,9974.0,"מסלקה חו""ל",K6Q0W1PS1L1O4IQL9C32,LEI,MINI S&P500 INDEX,ESZ5 INDEX,טיקר,"חו""ל","ארה""ב",CME,מניות לרבות מדדי מניות,לא,USD,733.55,3.306,673875.0,8442.74693,0.102705,0.000144
209,9975.0,"מסלקה חו""ל",K6Q0W1PS1L1O4IQL9C32,LEI,INDEX CAC 40,CFV520254,ISIN,"חו""ל",צרפת,CME,מניות לרבות מדדי מניות,לא,EUR,0.0,3.8807,789500.0,-0.00106,0.0,0.0
209,9975.0,"מסלקה חו""ל",K6Q0W1PS1L1O4IQL9C32,LEI,NIFTY ILS INDEX,JGSV52024,ISIN,"חו""ל",הודו,CME,מניות לרבות מדדי מניות,לא,USD,0.0,3.306,2476150.0,-0.00033,0.0,0.0
209,9975.0,"מסלקה חו""ל",K6Q0W1PS1L1O4IQL9C32,LEI,NKY INDEX,NKZ520257,ISIN,"חו""ל",יפן,CME,מניות לרבות מדדי מניות,לא,JPY,0.0,0.022332,4499000.0,0.0237,1e-06,0.0
209,9975.0,"מסלקה חו""ל",K6Q0W1PS1L1O4IQL9C32,LEI,S&P/TSX 60 INDEX,PTZ520256,ISIN,"חו""ל",קנדה,CME,מניות לרבות מדדי מניות,לא,CAD,0.0,2.3745,177280.0,0.00146,0.0,0.0
209,9975.0,"מסלקה חו""ל",K6Q0W1PS1L1O4IQL9C32,LEI,AS51 INDEX,XPZ520255,ISIN,"חו""ל",אוסטרליה,CME,מניות לרבות מדדי מניות,לא,AUD,0.0,2.1849,887300.0,-9e-05,0.0,0.0
209,9975.0,"מסלקה חו""ל",K6Q0W1PS1L1O4IQL9C32,LEI,FTCRTWRP INDEX,TWTV52027,ISIN,"חו""ל",סינגפור,CME,מניות לרבות מדדי מניות,לא,USD,0.0,3.306,213825.0,1e-05,0.0,0.0
209,9975.0,"מסלקה חו""ל",K6Q0W1PS1L1O4IQL9C32,LEI,MINI S&P500 INDEX,MEZ520252,ISIN,"חו""ל","ארה""ב",CME,מניות לרבות מדדי מניות,לא,USD,213.46,3.306,673875.0,2753.27798,0.221725,0.0002
209,9975.0,"מסלקה חו""ל",K6Q0W1PS1L1O4IQL9C32,LEI,DAX INDEX,GXZ520257,ISIN,"חו""ל",גרמניה,CME,מניות לרבות מדדי מניות,לא,EUR,0.0,3.8807,2401100.0,0.00169,0.0,0.0
209,9975.0,"מסלקה חו""ל",K6Q0W1PS1L1O4IQL9C32,LEI,KOSPI2 INDEX,KSZ520253,ISIN,"חו""ל",דרום קוריאה,CME,מניות לרבות מדדי מניות,לא,KRW,0.0,0.002354,47585.0,0.00779,0.0,0.0
209,9975.0,"מסלקה חו""ל",K6Q0W1PS1L1O4IQL9C32,LEI,RTY Index,RTSZ52028,ISIN,"חו""ל","ארה""ב",CME,מניות לרבות מדדי מניות,לא,USD,0.0,3.306,245550.0,-0.00076,0.0,0.0
209,9975.0,"מסלקה חו""ל",K6Q0W1PS1L1O4IQL9C32,LEI,FTSE 100 INDEX,ZZ5202556,ISIN,"חו""ל",בריטניה,CME,מניות לרבות מדדי מניות,לא,GBP,0.0,4.4409,940750.0,-0.00134,0.0,0.0
209,9975.0,"מסלקה חו""ל",K6Q0W1PS1L1O4IQL9C32,LEI,NASDAQ 100 STOCK INDX,NQZ520254,ISIN,"חו""ל","ארה""ב",CME,מניות לרבות מדדי מניות,לא,USD,144.34,3.306,2490175.0,3946.42904,0.317811,0.000287
209,9975.0,"מסלקה חו""ל",K6Q0W1PS1L1O4IQL9C32,LEI,MSCI EM,MESZ5 INDEX,טיקר,"חו""ל","ארה""ב",CME,מניות לרבות מדדי מניות,לא,USD,72.96,3.306,135970.0,81.81724,0.006588,5e-06
209,9975.0,"מסלקה חו""ל",K6Q0W1PS1L1O4IQL9C32,LEI,SXXP INDEX,SXOZ5 INDEX,טיקר,"חו""ל",גרמניה,CME,מניות לרבות מדדי מניות,לא,EUR,160.73,3.8807,55950.0,14.34617,0.001155,1e-06
209,9975.0,"מסלקה חו""ל",K6Q0W1PS1L1O4IQL9C32,LEI,MINI S&P500 INDEX,ESZ5 INDEX,טיקר,"חו""ל","ארה""ב",CME,מניות לרבות מדדי מניות,לא,USD,25.91,3.306,673875.0,274.44566,0.022103,2.1e-05
209,9975.0,"מסלקה חו""ל",K6Q0W1PS1L1O4IQL9C32,LEI,SX7E,CAZ5 INDEX,טיקר,"חו""ל",בריטניה,CME,מניות לרבות מדדי מניות,לא,EUR,329.12,3.8807,23250.0,59.43579,0.004786,4e-06
209,9975.0,"מסלקה חו""ל",K6Q0W1PS1L1O4IQL9C32,LEI,NASDAQ 100 STOCK INDX,NQZ5 INDEX,טיקר,"חו""ל","ארה""ב",CME,מניות לרבות מדדי מניות,לא,USD,112.9,3.306,2490175.0,2961.17767,0.238467,0.000215
209,9975.0,"מסלקה חו""ל",K6Q0W1PS1L1O4IQL9C32,LEI,UXY1 COMDTY,UXYZ5 INDEX,טיקר,"חו""ל","ארה""ב",CME,"ריבית ואג""ח",לא,USD,12.94,3.306,11507.8,45.46617,0.003661,3e-06
209,9975.0,EUX - EUREX,2115,פנימי,SX5E Index,VGZ5 INDEX,טיקר,"חו""ל",בריטניה,CME,מניות לרבות מדדי מניות,לא,EUR,390.51,3.8807,554100.0,1817.8225,0.146392,0.000132
209,9975.0,"מסלקה חו""ל",K6Q0W1PS1L1O4IQL9C32,LEI,DOW JONES INDUS. AVG,DMZ5 INDEX,טיקר,"חו""ל","ארה""ב",CME,מניות לרבות מדדי מניות,לא,USD,56.23,3.306,4668900.0,398.84579,0.032119,2.9e-05
209,9975.0,"מסלקה חו""ל",K6Q0W1PS1L1O4IQL9C32,LEI,TOPIX INDEX (TOKYO),TPZ5 INDEX,טיקר,"חו""ל",יפן,CME,מניות לרבות מדדי מניות,לא,JPY,9.3,0.022332,314100.0,64.38271,0.005184,4e-06
209,9976.0,"מסלקה חו""ל",K6Q0W1PS1L1O4IQL9C32,LEI,DAX INDEX,GXZ520257,ISIN,"חו""ל",גרמניה,CME,מניות לרבות מדדי מניות,לא,EUR,0.0,3.8807,2401100.0,0.0004,0.0,0.0
209,9976.0,"מסלקה חו""ל",K6Q0W1PS1L1O4IQL9C32,LEI,INDEX CAC 40,CFV520254,ISIN,"חו""ל",צרפת,CME,מניות לרבות מדדי מניות,לא,EUR,0.0,3.8807,789500.0,-0.00025,0.0,0.0
209,9976.0,"מסלקה חו""ל",K6Q0W1PS1L1O4IQL9C32,LEI,NIFTY ILS INDEX,JGSV52024,ISIN,"חו""ל",הודו,CME,מניות לרבות מדדי מניות,לא,USD,0.0,3.306,2476150.0,-8e-05,0.0,0.0
209,9976.0,"מסלקה חו""ל",K6Q0W1PS1L1O4IQL9C32,LEI,RTY Index,RTSZ52028,ISIN,"חו""ל","ארה""ב",CME,מניות לרבות מדדי מניות,לא,USD,0.0,3.306,245550.0,-0.00018,0.0,0.0
209,9976.0,"מסלקה חו""ל",K6Q0W1PS1L1O4IQL9C32,LEI,S&P/TSX 60 INDEX,PTZ520256,ISIN,"חו""ל",קנדה,CME,מניות לרבות מדדי מניות,לא,CAD,0.0,2.3745,177280.0,0.00034,0.0,0.0
209,9976.0,"מסלקה חו""ל",K6Q0W1PS1L1O4IQL9C32,LEI,AS51 INDEX,XPZ520255,ISIN,"חו""ל",אוסטרליה,CME,מניות לרבות מדדי מניות,לא,AUD,0.0,2.1849,887300.0,-2e-05,0.0,0.0
209,9976.0,"מסלקה חו""ל",K6Q0W1PS1L1O4IQL9C32,LEI,NASDAQ 100 STOCK INDX,NQZ520254,ISIN,"חו""ל","ארה""ב",CME,מניות לרבות מדדי מניות,לא,USD,31.37,3.306,2490175.0,857.73188,0.293875,0.000152
209,9976.0,"מסלקה חו""ל",K6Q0W1PS1L1O4IQL9C32,LEI,FTSE 100 INDEX,ZZ5202556,ISIN,"חו""ל",בריטניה,CME,מניות לרבות מדדי מניות,לא,GBP,0.0,4.4409,940750.0,-0.00031,0.0,0.0
209,9976.0,"מסלקה חו""ל",K6Q0W1PS1L1O4IQL9C32,LEI,MINI S&P500 INDEX,MEZ520252,ISIN,"חו""ל","ארה""ב",CME,מניות לרבות מדדי מניות,לא,USD,46.39,3.306,673875.0,598.40798,0.205025,0.000105
209,9976.0,"מסלקה חו""ל",K6Q0W1PS1L1O4IQL9C32,LEI,FTCRTWRP INDEX,TWTV52027,ISIN,"חו""ל",סינגפור,CME,מניות לרבות מדדי מניות,לא,USD,0.0,3.306,213825.0,0.0,0.0,0.0
209,9976.0,"מסלקה חו""ל",K6Q0W1PS1L1O4IQL9C32,LEI,NKY INDEX,NKZ520257,ISIN,"חו""ל",יפן,CME,מניות לרבות מדדי מניות,לא,JPY,0.0,0.022332,4499000.0,0.00554,1e-06,0.0
209,9976.0,"מסלקה חו""ל",K6Q0W1PS1L1O4IQL9C32,LEI,KOSPI2 INDEX,KSZ520253,ISIN,"חו""ל",דרום קוריאה,CME,מניות לרבות מדדי מניות,לא,KRW,0.0,0.002354,47585.0,0.00182,0.0,0.0
209,9976.0,"מסלקה חו""ל",K6Q0W1PS1L1O4IQL9C32,LEI,MSCI EM,MESZ5 INDEX,טיקר,"חו""ל","ארה""ב",CME,מניות לרבות מדדי מניות,לא,USD,15.86,3.306,135970.0,17.78247,0.006092,3e-06
209,9976.0,"מסלקה חו""ל",K6Q0W1PS1L1O4IQL9C32,LEI,TOPIX INDEX (TOKYO),TPZ5 INDEX,טיקר,"חו""ל",יפן,CME,מניות לרבות מדדי מניות,לא,JPY,3.79,0.022332,314100.0,26.26172,0.008997,4e-06
209,9976.0,"מסלקה חו""ל",K6Q0W1PS1L1O4IQL9C32,LEI,SXXP INDEX,SXOZ5 INDEX,טיקר,"חו""ל",גרמניה,CME,מניות לרבות מדדי מניות,לא,EUR,65.56,3.8807,55950.0,5.8518,0.002004,1e-06
209,9976.0,EUX - EUREX,2115,פנימי,SX5E Index,VGZ5 INDEX,טיקר,"חו""ל",בריטניה,CME,מניות לרבות מדדי מניות,לא,EUR,84.87,3.8807,554100.0,395.09245,0.135366,6.9e-05
209,9976.0,"מסלקה חו""ל",K6Q0W1PS1L1O4IQL9C32,LEI,DOW JONES INDUS. AVG,DMZ5 INDEX,טיקר,"חו""ל","ארה""ב",CME,מניות לרבות מדדי מניות,לא,USD,12.22,3.306,4668900.0,86.68666,0.0297,1.5e-05
209,9976.0,"מסלקה חו""ל",K6Q0W1PS1L1O4IQL9C32,LEI,SX7E,CAZ5 INDEX,טיקר,"חו""ל",בריטניה,CME,מניות לרבות מדדי מניות,לא,EUR,71.53,3.8807,23250.0,12.918,0.004425,2e-06
209,9976.0,"מסלקה חו""ל",K6Q0W1PS1L1O4IQL9C32,LEI,UXY1 COMDTY,UXYZ5 INDEX,טיקר,"חו""ל","ארה""ב",CME,"ריבית ואג""ח",לא,USD,50.46,3.306,11507.8,177.21658,0.060717,3.1e-05
209,9976.0,"מסלקה חו""ל",K6Q0W1PS1L1O4IQL9C32,LEI,MINI S&P500 INDEX,ESZ5 INDEX,טיקר,"חו""ל","ארה""ב",CME,מניות לרבות מדדי מניות,לא,USD,2.94,3.306,673875.0,7.10666,0.002436,1e-06
209,9976.0,"מסלקה חו""ל",K6Q0W1PS1L1O4IQL9C32,LEI,NASDAQ 100 STOCK INDX,NQZ5 INDEX,טיקר,"חו""ל","ארה""ב",CME,מניות לרבות מדדי מניות,לא,USD,27.03,3.306,2490175.0,733.62568,0.251353,0.00013
209,9984.0,"מסלקה חו""ל",K6Q0W1PS1L1O4IQL9C32,LEI,MINI S&P500 INDEX,ESZ5 INDEX,טיקר,"חו""ל","ארה""ב",CME,מניות לרבות מדדי מניות,לא,USD,-18.05,3.306,673875.0,-261.03854,-1.211149,-0.000252
209,9984.0,"מסלקה חו""ל",K6Q0W1PS1L1O4IQL9C32,LEI,UXY1 COMDTY,UXYZ5 INDEX,טיקר,"חו""ל","ארה""ב",CME,"ריבית ואג""ח",לא,USD,1.22,3.306,11507.8,4.29015,0.019905,4e-06
209,9984.0,"מסלקה חו""ל",K6Q0W1PS1L1O4IQL9C32,LEI,NASDAQ 100 STOCK INDX,NQZ5 INDEX,טיקר,"חו""ל","ארה""ב",CME,מניות לרבות מדדי מניות,לא,USD,11.2,3.306,2490175.0,404.82135,1.878264,0.000391
209,9984.0,"מסלקה חו""ל",K6Q0W1PS1L1O4IQL9C32,LEI,SXXP INDEX,SXOZ5 INDEX,טיקר,"חו""ל",גרמניה,CME,מניות לרבות מדדי מניות,לא,EUR,137.72,3.8807,55950.0,12.29208,0.057032,1.1e-05
209,9984.0,"מסלקה חו""ל",K6Q0W1PS1L1O4IQL9C32,LEI,TOPIX INDEX (TOKYO),TPZ5 INDEX,טיקר,"חו""ל",יפן,CME,מניות לרבות מדדי מניות,לא,JPY,7.96,0.022332,314100.0,55.1644,0.255948,5.3e-05
325,325.0,"מסלקה חו""ל",K6Q0W1PS1L1O4IQL9C32,LEI,NASDAQ 100 STOCK INDX,NQZ520254,ISIN,"חו""ל","ארה""ב",CME,מניות לרבות מדדי מניות,לא,USD,2.96,3.306,2490175.0,80.90321,0.284897,0.000141
325,325.0,"מסלקה חו""ל",K6Q0W1PS1L1O4IQL9C32,LEI,MINI S&P500 INDEX,MEZ520252,ISIN,"חו""ל","ארה""ב",CME,מניות לרבות מדדי מניות,לא,USD,4.37,3.306,673875.0,56.44308,0.198761,9.8e-05
325,325.0,"מסלקה חו""ל",K6Q0W1PS1L1O4IQL9C32,LEI,SX7E,CAZ5 INDEX,טיקר,"חו""ל",בריטניה,CME,מניות לרבות מדדי מניות,לא,EUR,6.75,3.8807,23250.0,1.21845,0.00429,2e-06
325,325.0,"מסלקה חו""ל",K6Q0W1PS1L1O4IQL9C32,LEI,MSCI EM,MESZ5 INDEX,טיקר,"חו""ל","ארה""ב",CME,מניות לרבות מדדי מניות,לא,USD,1.5,3.306,135970.0,1.67728,0.005906,2e-06
325,325.0,"מסלקה חו""ל",K6Q0W1PS1L1O4IQL9C32,LEI,UXY1 COMDTY,UXYZ5 INDEX,טיקר,"חו""ל","ארה""ב",CME,"ריבית ואג""ח",לא,USD,9.86,3.306,11507.8,34.62437,0.121928,6e-05
325,325.0,"מסלקה חו""ל",K6Q0W1PS1L1O4IQL9C32,LEI,NASDAQ 100 STOCK INDX,NQZ5 INDEX,טיקר,"חו""ל","ארה""ב",CME,מניות לרבות מדדי מניות,לא,USD,2.05,3.306,2490175.0,51.01939,0.179663,8.9e-05
325,325.0,"מסלקה חו""ל",K6Q0W1PS1L1O4IQL9C32,LEI,DOW JONES INDUS. AVG,DMZ5 INDEX,טיקר,"חו""ל","ארה""ב",CME,מניות לרבות מדדי מניות,לא,USD,1.15,3.306,4668900.0,8.17648,0.028793,1.4e-05
325,325.0,EUX - EUREX,2115,פנימי,SX5E Index,VGZ5 INDEX,טיקר,"חו""ל",בריטניה,CME,מניות לרבות מדדי מניות,לא,EUR,8.01,3.8807,554100.0,37.266,0.131231,6.5e-05
325,325.0,"מסלקה חו""ל",K6Q0W1PS1L1O4IQL9C32,LEI,MINI S&P500 INDEX,ESZ5 INDEX,טיקר,"חו""ל","ארה""ב",CME,מניות לרבות מדדי מניות,לא,USD,1.15,3.306,673875.0,12.64394,0.044525,2.2e-05
347,347.0,"מסלקה חו""ל",K6Q0W1PS1L1O4IQL9C32,LEI,NASDAQ 100 STOCK INDX,NQZ520254,ISIN,"חו""ל","ארה""ב",CME,מניות לרבות מדדי מניות,לא,USD,8.5,3.306,2490175.0,232.31538,0.304265,0.000115
347,347.0,"מסלקה חו""ל",K6Q0W1PS1L1O4IQL9C32,LEI,RTY Index,RTSZ52028,ISIN,"חו""ל","ארה""ב",CME,מניות לרבות מדדי מניות,לא,USD,-0.01,3.306,245550.0,-0.04466,-5.8e-05,0.0
347,347.0,"מסלקה חו""ל",K6Q0W1PS1L1O4IQL9C32,LEI,NIFTY ILS INDEX,JGSV52024,ISIN,"חו""ל",הודו,CME,מניות לרבות מדדי מניות,לא,USD,0.05,3.306,2476150.0,-0.01935,-2.4e-05,0.0
347,347.0,"מסלקה חו""ל",K6Q0W1PS1L1O4IQL9C32,LEI,INDEX CAC 40,CFV520254,ISIN,"חו""ל",צרפת,CME,מניות לרבות מדדי מניות,לא,EUR,-0.02,3.8807,789500.0,-0.06189,-8e-05,0.0
347,347.0,"מסלקה חו""ל",K6Q0W1PS1L1O4IQL9C32,LEI,MINI S&P500 INDEX,MEZ520252,ISIN,"חו""ל","ארה""ב",CME,מניות לרבות מדדי מניות,לא,USD,12.61,3.306,673875.0,162.38194,0.212669,8.1e-05
347,347.0,"מסלקה חו""ל",K6Q0W1PS1L1O4IQL9C32,LEI,FTCRTWRP INDEX,TWTV52027,ISIN,"חו""ל",סינגפור,CME,מניות לרבות מדדי מניות,לא,USD,0.0,3.306,213825.0,0.00047,0.0,0.0
347,347.0,"מסלקה חו""ל",K6Q0W1PS1L1O4IQL9C32,LEI,S&P/TSX 60 INDEX,PTZ520256,ISIN,"חו""ל",קנדה,CME,מניות לרבות מדדי מניות,לא,CAD,0.0,2.3745,177280.0,0.08573,0.000111,0.0
347,347.0,"מסלקה חו""ל",K6Q0W1PS1L1O4IQL9C32,LEI,AS51 INDEX,XPZ520255,ISIN,"חו""ל",אוסטרליה,CME,מניות לרבות מדדי מניות,לא,AUD,0.0,2.1849,887300.0,-0.00499,-6e-06,0.0
347,347.0,"מסלקה חו""ל",K6Q0W1PS1L1O4IQL9C32,LEI,NKY INDEX,NKZ520257,ISIN,"חו""ל",יפן,CME,מניות לרבות מדדי מניות,לא,JPY,0.04,0.022332,4499000.0,1.39047,0.00182,0.0
347,347.0,"מסלקה חו""ל",K6Q0W1PS1L1O4IQL9C32,LEI,KOSPI2 INDEX,KSZ520253,ISIN,"חו""ל",דרום קוריאה,CME,מניות לרבות מדדי מניות,לא,KRW,0.02,0.002354,47585.0,0.45714,0.000598,0.0
347,347.0,"מסלקה חו""ל",K6Q0W1PS1L1O4IQL9C32,LEI,FTSE 100 INDEX,ZZ5202556,ISIN,"חו""ל",בריטניה,CME,מניות לרבות מדדי מניות,לא,GBP,-0.01,4.4409,940750.0,-0.07879,-0.000102,0.0
347,347.0,"מסלקה חו""ל",K6Q0W1PS1L1O4IQL9C32,LEI,DAX INDEX,GXZ520257,ISIN,"חו""ל",גרמניה,CME,מניות לרבות מדדי מניות,לא,EUR,0.0,3.8807,2401100.0,0.09942,0.000129,0.0
347,347.0,"מסלקה חו""ל",K6Q0W1PS1L1O4IQL9C32,LEI,MSCI EM,MESZ5 INDEX,טיקר,"חו""ל","ארה""ב",CME,מניות לרבות מדדי מניות,לא,USD,4.3,3.306,135970.0,4.81771,0.006309,2e-06
347,347.0,EUX - EUREX,2115,פנימי,SX5E Index,VGZ5 INDEX,טיקר,"חו""ל",בריטניה,CME,מניות לרבות מדדי מניות,לא,EUR,22.99,3.8807,554100.0,107.04023,0.14019,5.3e-05
347,347.0,"מסלקה חו""ל",K6Q0W1PS1L1O4IQL9C32,LEI,DOW JONES INDUS. AVG,DMZ5 INDEX,טיקר,"חו""ל","ארה""ב",CME,מניות לרבות מדדי מניות,לא,USD,3.31,3.306,4668900.0,23.48554,0.030758,1.1e-05
347,347.0,"מסלקה חו""ל",K6Q0W1PS1L1O4IQL9C32,LEI,MINI S&P500 INDEX,ESZ5 INDEX,טיקר,"חו""ל","ארה""ב",CME,מניות לרבות מדדי מניות,לא,USD,3.3,3.306,673875.0,36.31756,0.047564,1.7e-05
347,347.0,"מסלקה חו""ל",K6Q0W1PS1L1O4IQL9C32,LEI,UXY1 COMDTY,UXYZ5 INDEX,טיקר,"חו""ל","ארה""ב",CME,"ריבית ואג""ח",לא,USD,12.9,3.306,11507.8,45.30519,0.059335,2.2e-05
347,347.0,"מסלקה חו""ל",K6Q0W1PS1L1O4IQL9C32,LEI,NASDAQ 100 STOCK INDX,NQZ5 INDEX,טיקר,"חו""ל","ארה""ב",CME,מניות לרבות מדדי מניות,לא,USD,5.88,3.306,2490175.0,146.54451,0.191929,7.3e-05
347,347.0,"מסלקה חו""ל",K6Q0W1PS1L1O4IQL9C32,LEI,SX7E,CAZ5 INDEX,טיקר,"חו""ל",בריטניה,CME,מניות לרבות מדדי מניות,לא,EUR,19.38,3.8807,23250.0,3.49981,0.004582,1e-06
389,389.0,"מסלקה חו""ל",K6Q0W1PS1L1O4IQL9C32,LEI,NASDAQ 100 STOCK INDX,NQZ520254,ISIN,"חו""ל","ארה""ב",CME,מניות לרבות מדדי מניות,לא,USD,3.95,3.306,2490175.0,107.92072,0.276052,0.000137
389,389.0,"מסלקה חו""ל",K6Q0W1PS1L1O4IQL9C32,LEI,MINI S&P500 INDEX,MEZ520252,ISIN,"חו""ל","ארה""ב",CME,מניות לרבות מדדי מניות,לא,USD,5.84,3.306,673875.0,75.29216,0.19259,9.5e-05
389,389.0,"מסלקה חו""ל",K6Q0W1PS1L1O4IQL9C32,LEI,UXY1 COMDTY,UXYZ5 INDEX,טיקר,"חו""ל","ארה""ב",CME,"ריבית ואג""ח",לא,USD,16.61,3.306,11507.8,58.32518,0.149191,7.4e-05
389,389.0,"מסלקה חו""ל",K6Q0W1PS1L1O4IQL9C32,LEI,MINI S&P500 INDEX,ESZ5 INDEX,טיקר,"חו""ל","ארה""ב",CME,מניות לרבות מדדי מניות,לא,USD,1.53,3.306,673875.0,16.86636,0.043142,2.1e-05
389,389.0,"מסלקה חו""ל",K6Q0W1PS1L1O4IQL9C32,LEI,DOW JONES INDUS. AVG,DMZ5 INDEX,טיקר,"חו""ל","ארה""ב",CME,מניות לרבות מדדי מניות,לא,USD,1.54,3.306,4668900.0,10.907,0.027899,1.3e-05
389,389.0,"מסלקה חו""ל",K6Q0W1PS1L1O4IQL9C32,LEI,NASDAQ 100 STOCK INDX,NQZ5 INDEX,טיקר,"חו""ל","ארה""ב",CME,מניות לרבות מדדי מניות,לא,USD,2.73,3.306,2490175.0,68.05725,0.174085,8.6e-05
389,389.0,EUX - EUREX,2115,פנימי,SX5E Index,VGZ5 INDEX,טיקר,"חו""ל",בריטניה,CME,מניות לרבות מדדי מניות,לא,EUR,10.68,3.8807,554100.0,49.71092,0.127156,6.3e-05
389,389.0,"מסלקה חו""ל",K6Q0W1PS1L1O4IQL9C32,LEI,MSCI EM,MESZ5 INDEX,טיקר,"חו""ל","ארה""ב",CME,מניות לרבות מדדי מניות,לא,USD,2.0,3.306,135970.0,2.23741,0.005723,2e-06
389,389.0,"מסלקה חו""ל",K6Q0W1PS1L1O4IQL9C32,LEI,SX7E,CAZ5 INDEX,טיקר,"חו""ל",בריטניה,CME,מניות לרבות מדדי מניות,לא,EUR,9.0,3.8807,23250.0,1.62536,0.004157,2e-06
671,12120.0,"מסלקה חו""ל",K6Q0W1PS1L1O4IQL9C32,LEI,FTCRTWRP INDEX,TWTV52027,ISIN,"חו""ל",סינגפור,CME,מניות לרבות מדדי מניות,לא,USD,0.0,3.306,213825.0,8e-05,0.0,0.0
671,12120.0,"מסלקה חו""ל",K6Q0W1PS1L1O4IQL9C32,LEI,INDEX CAC 40,CFV520254,ISIN,"חו""ל",צרפת,CME,מניות לרבות מדדי מניות,לא,EUR,0.0,3.8807,789500.0,-0.0108,-5.3e-05,0.0
671,12120.0,"מסלקה חו""ל",K6Q0W1PS1L1O4IQL9C32,LEI,KOSPI2 INDEX,KSZ520253,ISIN,"חו""ל",דרום קוריאה,CME,מניות לרבות מדדי מניות,לא,KRW,0.0,0.002354,47585.0,0.07979,0.000398,0.0
671,12120.0,"מסלקה חו""ל",K6Q0W1PS1L1O4IQL9C32,LEI,S&P/TSX 60 INDEX,PTZ520256,ISIN,"חו""ל",קנדה,CME,מניות לרבות מדדי מניות,לא,CAD,0.0,2.3745,177280.0,0.01496,7.4e-05,0.0
671,12120.0,"מסלקה חו""ל",K6Q0W1PS1L1O4IQL9C32,LEI,FTSE 100 INDEX,ZZ5202556,ISIN,"חו""ל",בריטניה,CME,מניות לרבות מדדי מניות,לא,GBP,0.0,4.4409,940750.0,-0.01375,-6.8e-05,0.0
671,12120.0,"מסלקה חו""ל",K6Q0W1PS1L1O4IQL9C32,LEI,NIFTY ILS INDEX,JGSV52024,ISIN,"חו""ל",הודו,CME,מניות לרבות מדדי מניות,לא,USD,0.01,3.306,2476150.0,-0.00338,-1.6e-05,0.0
671,12120.0,"מסלקה חו""ל",K6Q0W1PS1L1O4IQL9C32,LEI,DAX INDEX,GXZ520257,ISIN,"חו""ל",גרמניה,CME,מניות לרבות מדדי מניות,לא,EUR,0.0,3.8807,2401100.0,0.01735,8.6e-05,0.0
671,12120.0,"מסלקה חו""ל",K6Q0W1PS1L1O4IQL9C32,LEI,RTY Index,RTSZ52028,ISIN,"חו""ל","ארה""ב",CME,מניות לרבות מדדי מניות,לא,USD,0.0,3.306,245550.0,-0.0078,-3.8e-05,0.0
671,12120.0,"מסלקה חו""ל",K6Q0W1PS1L1O4IQL9C32,LEI,MINI S&P500 INDEX,MEZ520252,ISIN,"חו""ל","ארה""ב",CME,מניות לרבות מדדי מניות,לא,USD,2.87,3.306,673875.0,37.15929,0.185779,9.8e-05
671,12120.0,"מסלקה חו""ל",K6Q0W1PS1L1O4IQL9C32,LEI,AS51 INDEX,XPZ520255,ISIN,"חו""ל",אוסטרליה,CME,מניות לרבות מדדי מניות,לא,AUD,0.0,2.1849,887300.0,-0.00087,-4e-06,0.0
671,12120.0,"מסלקה חו""ל",K6Q0W1PS1L1O4IQL9C32,LEI,NKY INDEX,NKZ520257,ISIN,"חו""ל",יפן,CME,מניות לרבות מדדי מניות,לא,JPY,0.01,0.022332,4499000.0,0.24269,0.001213,0.0
671,12120.0,"מסלקה חו""ל",K6Q0W1PS1L1O4IQL9C32,LEI,NASDAQ 100 STOCK INDX,NQZ520254,ISIN,"חו""ל","ארה""ב",CME,מניות לרבות מדדי מניות,לא,USD,1.95,3.306,2490175.0,53.18647,0.26591,0.00014
671,12120.0,"מסלקה חו""ל",K6Q0W1PS1L1O4IQL9C32,LEI,UXY1 COMDTY,UXYZ5 INDEX,טיקר,"חו""ל","ארה""ב",CME,"ריבית ואג""ח",לא,USD,10.17,3.306,11507.8,35.70626,0.178516,9.5e-05
671,12120.0,"מסלקה חו""ל",K6Q0W1PS1L1O4IQL9C32,LEI,SX7E,CAZ5 INDEX,טיקר,"חו""ל",בריטניה,CME,מניות לרבות מדדי מניות,לא,EUR,4.44,3.8807,23250.0,0.80119,0.004005,2e-06
671,12120.0,EUX - EUREX,2115,פנימי,SX5E Index,VGZ5 INDEX,טיקר,"חו""ל",בריטניה,CME,מניות לרבות מדדי מניות,לא,EUR,5.26,3.8807,554100.0,24.50424,0.122509,6.5e-05
671,12120.0,"מסלקה חו""ל",K6Q0W1PS1L1O4IQL9C32,LEI,MSCI EM,MESZ5 INDEX,טיקר,"חו""ל","ארה""ב",CME,מניות לרבות מדדי מניות,לא,USD,0.98,3.306,135970.0,1.1029,0.005514,2e-06
671,12120.0,"מסלקה חו""ל",K6Q0W1PS1L1O4IQL9C32,LEI,DOW JONES INDUS. AVG,DMZ5 INDEX,טיקר,"חו""ל","ארה""ב",CME,מניות לרבות מדדי מניות,לא,USD,0.76,3.306,4668900.0,5.37644,0.026879,1.4e-05
671,12120.0,"מסלקה חו""ל",K6Q0W1PS1L1O4IQL9C32,LEI,MINI S&P500 INDEX,ESZ5 INDEX,טיקר,"חו""ל","ארה""ב",CME,מניות לרבות מדדי מניות,לא,USD,0.75,3.306,673875.0,8.31401,0.041566,2.2e-05
671,12120.0,"מסלקה חו""ל",K6Q0W1PS1L1O4IQL9C32,LEI,NASDAQ 100 STOCK INDX,NQZ5 INDEX,טיקר,"חו""ל","ארה""ב",CME,מניות לרבות מדדי מניות,לא,USD,1.35,3.306,2490175.0,33.54777,0.167724,8.9e-05
671,13465.0,"מסלקה חו""ל",K6Q0W1PS1L1O4IQL9C32,LEI,MINI S&P500 INDEX,ESZ5 INDEX,טיקר,"חו""ל","ארה""ב",CME,מניות לרבות מדדי מניות,לא,USD,-30.14,3.306,673875.0,-290.86501,1.0,-0.000124
671,14287.0,"מסלקה חו""ל",K6Q0W1PS1L1O4IQL9C32,LEI,MINI S&P500 INDEX,ESZ5 INDEX,טיקר,"חו""ל","ארה""ב",CME,מניות לרבות מדדי מניות,לא,USD,-0.37,3.306,673875.0,-2.40658,14.607465,-0.000235
671,14287.0,"מסלקה חו""ל",K6Q0W1PS1L1O4IQL9C32,LEI,NASDAQ 100 STOCK INDX,NQZ5 INDEX,טיקר,"חו""ל","ארה""ב",CME,מניות לרבות מדדי מניות,לא,USD,0.05,3.306,2490175.0,1.92162,-11.663854,0.000189
671,14287.0,"מסלקה חו""ל",K6Q0W1PS1L1O4IQL9C32,LEI,TOPIX INDEX (TOKYO),TPZ5 INDEX,טיקר,"חו""ל",יפן,CME,מניות לרבות מדדי מניות,לא,JPY,0.04,0.022332,314100.0,0.26186,-1.589438,2.5e-05
671,14287.0,"מסלקה חו""ל",K6Q0W1PS1L1O4IQL9C32,LEI,SXXP INDEX,SXOZ5 INDEX,טיקר,"חו""ל",גרמניה,CME,מניות לרבות מדדי מניות,לא,EUR,0.65,3.8807,55950.0,0.05835,-0.354172,5e-06
671,14288.0,"מסלקה חו""ל",K6Q0W1PS1L1O4IQL9C32,LEI,MINI S&P500 INDEX,MEZ520252,ISIN,"חו""ל","ארה""ב",CME,מניות לרבות מדדי מניות,לא,USD,0.06,3.306,673875.0,0.79079,0.214349,0.000258
671,14288.0,"מסלקה חו""ל",K6Q0W1PS1L1O4IQL9C32,LEI,NASDAQ 100 STOCK INDX,NQZ520254,ISIN,"חו""ל","ארה""ב",CME,מניות לרבות מדדי מניות,לא,USD,0.04,3.306,2490175.0,1.13349,0.30724,0.000371
671,14288.0,"מסלקה חו""ל",K6Q0W1PS1L1O4IQL9C32,LEI,SX7E,CAZ5 INDEX,טיקר,"חו""ל",בריטניה,CME,מניות לרבות מדדי מניות,לא,EUR,0.09,3.8807,23250.0,0.01707,0.004626,5e-06
671,14288.0,"מסלקה חו""ל",K6Q0W1PS1L1O4IQL9C32,LEI,UXY1 COMDTY,UXYZ5 INDEX,טיקר,"חו""ל","ארה""ב",CME,"ריבית ואג""ח",לא,USD,0.06,3.306,11507.8,0.19577,0.053064,6.4e-05
671,14288.0,EUX - EUREX,2115,פנימי,SX5E Index,VGZ5 INDEX,טיקר,"חו""ל",בריטניה,CME,מניות לרבות מדדי מניות,לא,EUR,0.11,3.8807,554100.0,0.52211,0.141521,0.00017
671,14288.0,"מסלקה חו""ל",K6Q0W1PS1L1O4IQL9C32,LEI,NASDAQ 100 STOCK INDX,NQZ5 INDEX,טיקר,"חו""ל","ארה""ב",CME,מניות לרבות מדדי מניות,לא,USD,0.03,3.306,2490175.0,0.71481,0.193754,0.000234
671,14288.0,"מסלקה חו""ל",K6Q0W1PS1L1O4IQL9C32,LEI,MSCI EM,MESZ5 INDEX,טיקר,"חו""ל","ארה""ב",CME,מניות לרבות מדדי מניות,לא,USD,0.02,3.306,135970.0,0.0235,0.006369,7e-06
671,14288.0,"מסלקה חו""ל",K6Q0W1PS1L1O4IQL9C32,LEI,MINI S&P500 INDEX,ESZ5 INDEX,טיקר,"חו""ל","ארה""ב",CME,מניות לרבות מדדי מניות,לא,USD,0.02,3.306,673875.0,0.17715,0.048017,5.8e-05
671,14288.0,"מסלקה חו""ל",K6Q0W1PS1L1O4IQL9C32,LEI,DOW JONES INDUS. AVG,DMZ5 INDEX,טיקר,"חו""ל","ארה""ב",CME,מניות לרבות מדדי מניות,לא,USD,0.02,3.306,4668900.0,0.11456,0.031052,3.7e-05
671,15220.0,"מסלקה חו""ל",K6Q0W1PS1L1O4IQL9C32,LEI,UXY1 COMDTY,UXYZ5 INDEX,טיקר,"חו""ל","ארה""ב",CME,"ריבית ואג""ח",לא,USD,0.04,3.306,11507.8,0.12982,1.0,5.4e-05
671,15223.0,"מסלקה חו""ל",K6Q0W1PS1L1O4IQL9C32,LEI,NASDAQ 100 STOCK INDX,NQZ5 INDEX,טיקר,"חו""ל","ארה""ב",CME,מניות לרבות מדדי מניות,לא,USD,0.14,3.306,2490175.0,4.97112,-0.090717,4.7e-05
671,15223.0,"מסלקה חו""ל",K6Q0W1PS1L1O4IQL9C32,LEI,MID INDEX,FAWZ5 INDEX,טיקר,"חו""ל",אמריקה הדרומית,CME,מניות לרבות מדדי מניות,לא,USD,8.32,3.306,328620.0,-59.76895,1.090717,-0.000576
671,15224.0,"מסלקה חו""ל",K6Q0W1PS1L1O4IQL9C32,LEI,NASDAQ 100 STOCK INDX,NQZ520254,ISIN,"חו""ל","ארה""ב",CME,מניות לרבות מדדי מניות,לא,USD,0.05,3.306,2490175.0,1.53264,0.312172,0.000447
671,15224.0,"מסלקה חו""ל",K6Q0W1PS1L1O4IQL9C32,LEI,MINI S&P500 INDEX,MEZ520252,ISIN,"חו""ל","ארה""ב",CME,מניות לרבות מדדי מניות,לא,USD,0.08,3.306,673875.0,1.06927,0.217792,0.000312
671,15224.0,"מסלקה חו""ל",K6Q0W1PS1L1O4IQL9C32,LEI,UXY1 COMDTY,UXYZ5 INDEX,טיקר,"חו""ל","ארה""ב",CME,"ריבית ואג""ח",לא,USD,0.05,3.306,11507.8,0.18589,0.037862,5.4e-05
671,15224.0,"מסלקה חו""ל",K6Q0W1PS1L1O4IQL9C32,LEI,DOW JONES INDUS. AVG,DMZ5 INDEX,טיקר,"חו""ל","ארה""ב",CME,מניות לרבות מדדי מניות,לא,USD,0.02,3.306,4668900.0,0.1549,0.03155,4.5e-05
671,15224.0,EUX - EUREX,2115,פנימי,SX5E Index,VGZ5 INDEX,טיקר,"חו""ל",בריטניה,CME,מניות לרבות מדדי מניות,לא,EUR,0.15,3.8807,554100.0,0.70598,0.143796,0.000206
671,15224.0,"מסלקה חו""ל",K6Q0W1PS1L1O4IQL9C32,LEI,MSCI EM,MESZ5 INDEX,טיקר,"חו""ל","ארה""ב",CME,מניות לרבות מדדי מניות,לא,USD,0.03,3.306,135970.0,0.03177,0.006471,9e-06
671,15224.0,"מסלקה חו""ל",K6Q0W1PS1L1O4IQL9C32,LEI,NASDAQ 100 STOCK INDX,NQZ5 INDEX,טיקר,"חו""ל","ארה""ב",CME,מניות לרבות מדדי מניות,לא,USD,0.04,3.306,2490175.0,0.96652,0.196864,0.000282
671,15224.0,"מסלקה חו""ל",K6Q0W1PS1L1O4IQL9C32,LEI,SX7E,CAZ5 INDEX,טיקר,"חו""ל",בריטניה,CME,מניות לרבות מדדי מניות,לא,EUR,0.13,3.8807,23250.0,0.02308,0.004701,6e-06
671,15224.0,"מסלקה חו""ל",K6Q0W1PS1L1O4IQL9C32,LEI,MINI S&P500 INDEX,ESZ5 INDEX,טיקר,"חו""ל","ארה""ב",CME,מניות לרבות מדדי מניות,לא,USD,0.02,3.306,673875.0,0.23953,0.048788,7e-05
671,7234.0,"מסלקה חו""ל",K6Q0W1PS1L1O4IQL9C32,LEI,NASDAQ 100 STOCK INDX,NQZ520254,ISIN,"חו""ל","ארה""ב",CME,מניות לרבות מדדי מניות,לא,USD,43.13,3.306,2490175.0,1179.32224,0.31779,0.000417
671,7234.0,"מסלקה חו""ל",K6Q0W1PS1L1O4IQL9C32,LEI,MINI S&P500 INDEX,MEZ520252,ISIN,"חו""ל","ארה""ב",CME,מניות לרבות מדדי מניות,לא,USD,63.79,3.306,673875.0,822.76808,0.22171,0.000291
671,7234.0,"מסלקה חו""ל",K6Q0W1PS1L1O4IQL9C32,LEI,MSCI EM,MESZ5 INDEX,טיקר,"חו""ל","ארה""ב",CME,מניות לרבות מדדי מניות,לא,USD,21.8,3.306,135970.0,24.44966,0.006588,8e-06
671,7234.0,EUX - EUREX,2115,פנימי,SX5E Index,VGZ5 INDEX,טיקר,"חו""ל",בריטניה,CME,מניות לרבות מדדי מניות,לא,EUR,116.7,3.8807,554100.0,543.22475,0.146381,0.000192
671,7234.0,"מסלקה חו""ל",K6Q0W1PS1L1O4IQL9C32,LEI,DOW JONES INDUS. AVG,DMZ5 INDEX,טיקר,"חו""ל","ארה""ב",CME,מניות לרבות מדדי מניות,לא,USD,16.8,3.306,4668900.0,119.18815,0.032117,4.2e-05
671,7234.0,"מסלקה חו""ל",K6Q0W1PS1L1O4IQL9C32,LEI,UXY1 COMDTY,UXYZ5 INDEX,טיקר,"חו""ל","ארה""ב",CME,"ריבית ואג""ח",לא,USD,21.72,3.306,11507.8,76.27386,0.020553,2.7e-05
671,7234.0,"מסלקה חו""ל",K6Q0W1PS1L1O4IQL9C32,LEI,NASDAQ 100 STOCK INDX,NQZ5 INDEX,טיקר,"חו""ל","ארה""ב",CME,מניות לרבות מדדי מניות,לא,USD,29.83,3.306,2490175.0,743.70729,0.200405,0.000263
671,7234.0,"מסלקה חו""ל",K6Q0W1PS1L1O4IQL9C32,LEI,SX7E,CAZ5 INDEX,טיקר,"חו""ל",בריטניה,CME,מניות לרבות מדדי מניות,לא,EUR,98.35,3.8807,23250.0,17.76136,0.004786,6e-06
671,7234.0,"מסלקה חו""ל",K6Q0W1PS1L1O4IQL9C32,LEI,MINI S&P500 INDEX,ESZ5 INDEX,טיקר,"חו""ל","ארה""ב",CME,מניות לרבות מדדי מניות,לא,USD,16.74,3.306,673875.0,184.3101,0.049665,6.5e-05
671,7235.0,"מסלקה חו""ל",K6Q0W1PS1L1O4IQL9C32,LEI,MINI S&P500 INDEX,MEZ520252,ISIN,"חו""ל","ארה""ב",CME,מניות לרבות מדדי מניות,לא,USD,10.5,3.306,673875.0,135.3957,0.212542,0.000214
671,7235.0,"מסלקה חו""ל",K6Q0W1PS1L1O4IQL9C32,LEI,NASDAQ 100 STOCK INDX,NQZ520254,ISIN,"חו""ל","ארה""ב",CME,מניות לרבות מדדי מניות,לא,USD,7.09,3.306,2490175.0,194.07068,0.304649,0.000307
671,7235.0,"מסלקה חו""ל",K6Q0W1PS1L1O4IQL9C32,LEI,MSCI EM,MESZ5 INDEX,טיקר,"חו""ל","ארה""ב",CME,מניות לרבות מדדי מניות,לא,USD,3.59,3.306,135970.0,4.02347,0.006316,6e-06
671,7235.0,"מסלקה חו""ל",K6Q0W1PS1L1O4IQL9C32,LEI,UXY1 COMDTY,UXYZ5 INDEX,טיקר,"חו""ל","ארה""ב",CME,"ריבית ואג""ח",לא,USD,11.07,3.306,11507.8,38.89202,0.061052,6.1e-05
671,7235.0,"מסלקה חו""ל",K6Q0W1PS1L1O4IQL9C32,LEI,MINI S&P500 INDEX,ESZ5 INDEX,טיקר,"חו""ל","ארה""ב",CME,מניות לרבות מדדי מניות,לא,USD,2.75,3.306,673875.0,30.33029,0.047612,4.8e-05
671,7235.0,EUX - EUREX,2115,פנימי,SX5E Index,VGZ5 INDEX,טיקר,"חו""ל",בריטניה,CME,מניות לרבות מדדי מניות,לא,EUR,19.2,3.8807,554100.0,89.39371,0.140329,0.000141
671,7235.0,"מסלקה חו""ל",K6Q0W1PS1L1O4IQL9C32,LEI,DOW JONES INDUS. AVG,DMZ5 INDEX,טיקר,"חו""ל","ארה""ב",CME,מניות לרבות מדדי מניות,לא,USD,2.77,3.306,4668900.0,19.61374,0.030789,3.1e-05
671,7235.0,"מסלקה חו""ל",K6Q0W1PS1L1O4IQL9C32,LEI,NASDAQ 100 STOCK INDX,NQZ5 INDEX,טיקר,"חו""ל","ארה""ב",CME,מניות לרבות מדדי מניות,לא,USD,4.91,3.306,2490175.0,122.38536,0.192119,0.000194
671,7235.0,"מסלקה חו""ל",K6Q0W1PS1L1O4IQL9C32,LEI,SX7E,CAZ5 INDEX,טיקר,"חו""ל",בריטניה,CME,מניות לרבות מדדי מניות,לא,EUR,16.19,3.8807,23250.0,2.92283,0.004588,4e-06
671,7236.0,"מסלקה חו""ל",K6Q0W1PS1L1O4IQL9C32,LEI,NASDAQ 100 STOCK INDX,NQZ520254,ISIN,"חו""ל","ארה""ב",CME,מניות לרבות מדדי מניות,לא,USD,1.4,3.306,2490175.0,38.33243,0.283081,0.000183
671,7236.0,"מסלקה חו""ל",K6Q0W1PS1L1O4IQL9C32,LEI,MINI S&P500 INDEX,MEZ520252,ISIN,"חו""ל","ארה""ב",CME,מניות לרבות מדדי מניות,לא,USD,2.07,3.306,673875.0,26.74307,0.197494,0.000128
671,7236.0,EUX - EUREX,2115,פנימי,SX5E Index,VGZ5 INDEX,טיקר,"חו""ל",בריטניה,CME,מניות לרבות מדדי מניות,לא,EUR,3.79,3.8807,554100.0,17.65686,0.130394,8.4e-05
671,7236.0,"מסלקה חו""ל",K6Q0W1PS1L1O4IQL9C32,LEI,DOW JONES INDUS. AVG,DMZ5 INDEX,טיקר,"חו""ל","ארה""ב",CME,מניות לרבות מדדי מניות,לא,USD,0.55,3.306,4668900.0,3.87406,0.028609,1.8e-05
671,7236.0,"מסלקה חו""ל",K6Q0W1PS1L1O4IQL9C32,LEI,SX7E,CAZ5 INDEX,טיקר,"חו""ל",בריטניה,CME,מניות לרבות מדדי מניות,לא,EUR,3.2,3.8807,23250.0,0.57731,0.004263,2e-06
671,7236.0,"מסלקה חו""ל",K6Q0W1PS1L1O4IQL9C32,LEI,UXY1 COMDTY,UXYZ5 INDEX,טיקר,"חו""ל","ארה""ב",CME,"ריבית ואג""ח",לא,USD,4.92,3.306,11507.8,17.26858,0.127527,8.3e-05
671,7236.0,"מסלקה חו""ל",K6Q0W1PS1L1O4IQL9C32,LEI,MSCI EM,MESZ5 INDEX,טיקר,"חו""ל","ארה""ב",CME,מניות לרבות מדדי מניות,לא,USD,0.71,3.306,135970.0,0.79471,0.005868,3e-06
671,7236.0,"מסלקה חו""ל",K6Q0W1PS1L1O4IQL9C32,LEI,MINI S&P500 INDEX,ESZ5 INDEX,טיקר,"חו""ל","ארה""ב",CME,מניות לרבות מדדי מניות,לא,USD,0.54,3.306,673875.0,5.99077,0.044241,2.8e-05
671,7236.0,"מסלקה חו""ל",K6Q0W1PS1L1O4IQL9C32,LEI,NASDAQ 100 STOCK INDX,NQZ5 INDEX,טיקר,"חו""ל","ארה""ב",CME,מניות לרבות מדדי מניות,לא,USD,0.97,3.306,2490175.0,24.1733,0.178517,0.000116
671,8318.0,"מסלקה חו""ל",K6Q0W1PS1L1O4IQL9C32,LEI,DAX INDEX,GXZ520257,ISIN,"חו""ל",גרמניה,CME,מניות לרבות מדדי מניות,לא,EUR,0.01,3.8807,2401100.0,0.28791,7.6e-05,0.0
671,8318.0,"מסלקה חו""ל",K6Q0W1PS1L1O4IQL9C32,LEI,AS51 INDEX,XPZ520255,ISIN,"חו""ל",אוסטרליה,CME,מניות לרבות מדדי מניות,לא,AUD,0.01,2.1849,887300.0,-0.01446,-3e-06,0.0
671,8318.0,"מסלקה חו""ל",K6Q0W1PS1L1O4IQL9C32,LEI,INDEX CAC 40,CFV520254,ISIN,"חו""ל",צרפת,CME,מניות לרבות מדדי מניות,לא,EUR,-0.05,3.8807,789500.0,-0.17924,-4.7e-05,0.0
671,8318.0,"מסלקה חו""ל",K6Q0W1PS1L1O4IQL9C32,LEI,NASDAQ 100 STOCK INDX,NQZ520254,ISIN,"חו""ל","ארה""ב",CME,מניות לרבות מדדי מניות,לא,USD,44.59,3.306,2490175.0,1219.2368,0.323904,0.000805
671,8318.0,"מסלקה חו""ל",K6Q0W1PS1L1O4IQL9C32,LEI,NKY INDEX,NKZ520257,ISIN,"חו""ל",יפן,CME,מניות לרבות מדדי מניות,לא,JPY,0.11,0.022332,4499000.0,4.02685,0.001069,2e-06
671,8318.0,"מסלקה חו""ל",K6Q0W1PS1L1O4IQL9C32,LEI,NIFTY ILS INDEX,JGSV52024,ISIN,"חו""ל",הודו,CME,מניות לרבות מדדי מניות,לא,USD,0.16,3.306,2476150.0,-0.05602,-1.4e-05,0.0
671,8318.0,"מסלקה חו""ל",K6Q0W1PS1L1O4IQL9C32,LEI,FTCRTWRP INDEX,TWTV52027,ISIN,"חו""ל",סינגפור,CME,מניות לרבות מדדי מניות,לא,USD,0.02,3.306,213825.0,0.00134,0.0,0.0
671,8318.0,"מסלקה חו""ל",K6Q0W1PS1L1O4IQL9C32,LEI,RTY Index,RTSZ52028,ISIN,"חו""ל","ארה""ב",CME,מניות לרבות מדדי מניות,לא,USD,-0.03,3.306,245550.0,-0.12935,-3.4e-05,0.0
671,8318.0,"מסלקה חו""ל",K6Q0W1PS1L1O4IQL9C32,LEI,KOSPI2 INDEX,KSZ520253,ISIN,"חו""ל",דרום קוריאה,CME,מניות לרבות מדדי מניות,לא,KRW,0.06,0.002354,47585.0,1.32389,0.000351,0.0
671,8318.0,"מסלקה חו""ל",K6Q0W1PS1L1O4IQL9C32,LEI,FTSE 100 INDEX,ZZ5202556,ISIN,"חו""ל",בריטניה,CME,מניות לרבות מדדי מניות,לא,GBP,-0.03,4.4409,940750.0,-0.22816,-6e-05,0.0
671,8318.0,"מסלקה חו""ל",K6Q0W1PS1L1O4IQL9C32,LEI,MINI S&P500 INDEX,MEZ520252,ISIN,"חו""ל","ארה""ב",CME,מניות לרבות מדדי מניות,לא,USD,66.04,3.306,673875.0,851.4964,0.22621,0.000561
671,8318.0,"מסלקה חו""ל",K6Q0W1PS1L1O4IQL9C32,LEI,S&P/TSX 60 INDEX,PTZ520256,ISIN,"חו""ל",קנדה,CME,מניות לרבות מדדי מניות,לא,CAD,0.02,2.3745,177280.0,0.24828,6.5e-05,0.0
671,8318.0,"מסלקה חו""ל",K6Q0W1PS1L1O4IQL9C32,LEI,SX7E,CAZ5 INDEX,טיקר,"חו""ל",בריטניה,CME,מניות לרבות מדדי מניות,לא,EUR,101.7,3.8807,23250.0,18.36534,0.004878,1.2e-05
671,8318.0,"מסלקה חו""ל",K6Q0W1PS1L1O4IQL9C32,LEI,MINI S&P500 INDEX,ESZ5 INDEX,טיקר,"חו""ל","ארה""ב",CME,מניות לרבות מדדי מניות,לא,USD,17.3,3.306,673875.0,190.57768,0.050629,0.000125
671,8318.0,EUX - EUREX,2115,פנימי,SX5E Index,VGZ5 INDEX,טיקר,"חו""ל",בריטניה,CME,מניות לרבות מדדי מניות,לא,EUR,120.66,3.8807,554100.0,561.69744,0.149221,0.00037
671,8318.0,"מסלקה חו""ל",K6Q0W1PS1L1O4IQL9C32,LEI,NASDAQ 100 STOCK INDX,NQZ5 INDEX,טיקר,"חו""ל","ארה""ב",CME,מניות לרבות מדדי מניות,לא,USD,30.85,3.306,2490175.0,768.99752,0.204293,0.000507
671,8318.0,"מסלקה חו""ל",K6Q0W1PS1L1O4IQL9C32,LEI,MSCI EM,MESZ5 INDEX,טיקר,"חו""ל","ארה""ב",CME,מניות לרבות מדדי מניות,לא,USD,22.55,3.306,135970.0,25.28109,0.006716,1.6e-05
671,8318.0,"מסלקה חו""ל",K6Q0W1PS1L1O4IQL9C32,LEI,DOW JONES INDUS. AVG,DMZ5 INDEX,טיקר,"חו""ל","ארה""ב",CME,מניות לרבות מדדי מניות,לא,USD,17.37,3.306,4668900.0,123.24122,0.03274,8.1e-05
671,8319.0,"מסלקה חו""ל",K6Q0W1PS1L1O4IQL9C32,LEI,UXY1 COMDTY,UXYZ5 INDEX,טיקר,"חו""ל","ארה""ב",CME,"ריבית ואג""ח",לא,USD,0.29,3.306,11507.8,1.02103,1.0,0.000114
209,15218.0,,,,,,,,,,,,,,,,,,
209,2189.0,,,,,,,,,,,,,,,,,,
209,2201.0,,,,,,,,,,,,,,,,,,
209,9979.0,,,,,,,,,,,,,,,,,,
209,9987.0,,,,,,,,,,,,,,,,,,
671,14082.0,,,,,,,,,,,,,,,,,,
671,15221.0,,,,,,,,,,,,,,,,,,
671,15222.0,,,,,,,,,,,,,,,,,,
671,2202.0,,,,,,,,,,,,,,,,,,
671,8320.0,,,,,,,,,,,,,,,,,,
סיום מידע טבלה,,,,,,,,,,,,,,,,,,,
