מספר קופה/קרן/ח.פ. עבור חברת ביטוח,מספר מסלול,שם מנפיק,מספר מנפיק,סוג מספר מזהה מנפיק,שם נייר ערך ,מספר נייר ערך,סוג מספר נייר ערך,מאפיין עיקרי,"ישראל/חו""ל",מדינה לפי חשיפה כלכלית,סטאטוס סחירות,זירת מסחר,סיווג הקרן,בעל עניין/צד קשור,מטבע פעילות,ערך נקוב (יחידות),שער חליפין,שער נייר הערך,"שווי הוגן (באלפי ש""ח)",שיעור מערך נקוב מונפק,שיעור מנכסי אפיק ההשקעה,שיעור מסך נכסי ההשקעה
170,2002,Nomura Asset Management UK Ltd,5493000T0Y0IDUR33L28,LEI,NOMURA-US HIGH YLD BD-I USD,IE00B3RW8498,ISIN,"אג""ח קונצרני","חו""ל","ארה""ב",סחיר,אחר,Bond/Fixed Income Funds,לא,USD,67171.077791086,3.306,43065.06,95633.53793,0.620%,3.383%,0.172%
170,2002,UBAM,222100EBRBRHM6KWLU25,LEI,UBAM-GLB HI YLD SO EX DU-ICU,LU2051741416,ISIN,"אג""ח קונצרני","חו""ל","ארה""ב",סחיר,אחר,Bond/Fixed Income Funds,לא,USD,158386.348200572,3.306,12321.0,64515.86917,1.475%,2.282%,0.116%
170,2002,Schroder Investment Management,FDQ3U0BX0ZTSLH0GBR19,LEI,SCHRODER ISF EU HIGH YD-IZEU,LU1496798478,ISIN,"אג""ח קונצרני","חו""ל","ארה""ב",סחיר,אחר,Bond/Fixed Income Funds,לא,EUR,62972.885429143,3.8807,19648.95,48017.88325,0.440%,1.699%,0.087%
170,2002,Invesco,549300HQ8IBAX0TXDL49,LEI,INVESCO US SENIOR LOAN-G,LU0564079282,ISIN,"אג""ח קונצרני","חו""ל","ארה""ב",סחיר,אחר,Bond/Fixed Income Funds,לא,USD,54385.673779714,3.306,19478.0,35021.25653,0.181%,1.239%,0.063%
170,2002,Credit Suisse,54930077MN2BBHNFZQ03,LEI,UBSNV LX GBL SEN LN FN-MBUSD,LU0635707705,ISIN,"אג""ח קונצרני","חו""ל","ארה""ב",סחיר,אחר,Bond/Fixed Income Funds,לא,USD,12785.404011371,3.306,188977.0,79877.82953,0.726%,2.826%,0.144%
170,2002,CIFC Asset Management,549300NEMRCSGL23FU27,LEI,CIFCLF5 KY Equity,KYG2139S1194,ISIN,"אג""ח קונצרני","חו""ל","ארה""ב",סחיר,אחר,Bond/Fixed Income Funds,לא,USD,8587.211649429,3.306,177135.055,50287.44063,0.001%,1.779%,0.091%
170,2002,Neuberger,54930003X66WAS12MV11,LEI,NB CLO INCOME-USDI4ACC,IE000VVY08O6,ISIN,"אג""ח קונצרני","חו""ל","ארה""ב",סחיר,אחר,Bond/Fixed Income Funds,לא,USD,896886.55005143,3.306,1180.0,34988.26183,0.688%,1.238%,0.063%
170,2002,ICG EUROPN SENIOR LOAN-AEURA,549300OGASR5WRKJ8R68,LEI,ICG EUROPN SENIOR LOAN-AEURA,IE00BYXGJT42,ISIN,"אג""ח קונצרני","חו""ל",אירלנד,סחיר,אחר,Bond/Fixed Income Funds,לא,EUR,91596.924260572,3.8807,13688.0,48655.38998,1.703%,1.721%,0.088%
170,2002,Pimco,51AMXMBYJTZWXA4L4L83,LEI,PIMCO GIS-EMERGING MKT INS A,IE0030759645,ISIN,"אג""ח קונצרני","חו""ל",Emerging Markets - Asia,סחיר,אחר,Bond/Fixed Income Funds,לא,USD,351121.542998858,3.306,6152.0,71412.89716,0.389%,2.526%,0.129%
170,2002,MONEDA,549300H8QJOIP08BIM28,LEI,MON LUX SIC-LAT CORP CF-IUA,LU2240476817,ISIN,"אג""ח קונצרני","חו""ל",לוכסמבורג,סחיר,אחר,Bond/Fixed Income Funds,לא,USD,52095.7506732,3.306,12139.0,20906.82389,2.111%,0.740%,0.038%
170,2002,Marketfield Gerge Town SPC,549300TUMDQAY0LJ6X75,LEI,ION GEORG TOWN FND OFFS SP-I,KYG582251891,ISIN,מניות,"חו""ל","ארה""ב",סחיר,אחר,Equity Funds,לא,USD,809.146443051,3.306,153831.0,4115.03792,2.380%,0.146%,0.007%
170,2002,KBI Global Energy Transition Fund,635400UCQYVGO94KDT51,LEI,KBI GLB ENRG TRANS FUND-AUSA,IE00BNGJJ156,ISIN,מניות,"חו""ל","ארה""ב",סחיר,אחר,Equity Funds,לא,USD,798686.761003876,3.306,1118.6,29536.16802,0.905%,1.045%,0.053%
170,2002,TRIGON,529900TCN22XTOQUBM95,LEI,TRIGON-NEW EUROPE-A EUR,LU1687402393,ISIN,מניות,"חו""ל","Emerging Markets - Euope, Middle East & Africa",סחיר,אחר,Equity Funds,לא,EUR,23725.085214065,3.8807,24269.0,22344.4533,1.184%,0.791%,0.040%
170,2002,BlackRock Asset Management Ireland Ltd,549300KVUUD24TDB4E13,LEI,ISHR EU EX-UK IND-D ACC E,IE00BD0NCR01,ISIN,מניות,"חו""ל",אירופה,סחיר,אחר,Equity Funds,לא,EUR,4686102.68480398,3.8807,1869.7,340011.65141,3.033%,12.029%,0.613%
170,2002,Artemis,QXLNS35572JXFT415E26,LEI,ARTEMIS UK SELECT FUND-INS A,GB00B2PLJG05,ISIN,מניות,"חו""ל",בריטניה,סחיר,אחר,Equity Funds,לא,GBP,599475.499255115,4.4409,1310.29,34882.68116,0.201%,1.234%,0.063%
170,2002,Tokio Marine Asset Management,5299009QN2NZ191KLS29,LEI,TOKIO MARINE-JPN EQ FOCUS-G,IE00B4100S42,ISIN,מניות,"חו""ל",יפן,סחיר,אחר,Equity Funds,לא,USD,19549.714653301,3.306,25961.58,16779.32136,2.749%,0.594%,0.030%
170,2002,Sparx,635400BTSWMY84SXPB33,LEI,SPARX JAPAN FUND PLC-JPYIE,IE00BF29SZ08,ISIN,מניות,"חו""ל",יפן,סחיר,אחר,Equity Funds,לא,JPY,77429.540440905,0.022332,2172400.0,37564.19574,0.915%,1.329%,0.068%
170,2002,AMUNDI,529900SQFJZNLOBO8Z15,LEI,AMUNDI-EMER MKT EQ F-QI8USD,LU0906530919,ISIN,מניות,"חו""ל",Emerging Markets - Asia,סחיר,אחר,Equity Funds,לא,USD,8128.371029304,3.306,157890.0,42428.82387,0.396%,1.501%,0.076%
170,2002,ASHOKA INDIA OPPORT FD-D USD,213800M3HXZ3RG189568,LEI,AWI-ASH WO INDIA OPP FD-DUSD,IE00BH3N4915,ISIN,מניות,"חו""ל",הודו,סחיר,אחר,Equity Funds,לא,USD,22581.727943921,3.306,26009.0,19417.06904,0.273%,0.687%,0.035%
170,2002,JO Hambro Capital Management,549300Z6XIGO3AQS2G83,LEI,PP IN SEICAV-JOHCM GLMKO-AGB,IE00B4M6CN00,ISIN,מניות,"חו""ל",Emerging Markets - Asia,סחיר,אחר,Equity Funds,לא,USD,3565495.6449719,3.306,153.5,18093.8564,1.611%,0.640%,0.033%
170,2002,Investec Global Strategy,213800E93ELJ4W3LRN82,LEI,NTYONGSF-GL NA R - I ACC USD,LU0345781172,ISIN,מניות,"חו""ל",גלובלי,סחיר,אחר,Commodity Funds,לא,USD,248956.824950728,3.306,2383.0,19613.3116,0.708%,0.694%,0.035%
170,2002,BlueBox Global Technology Fund,549300Q3ZDD326K9N105,LEI,BLUEBOX GLOBAL TEC FD-I USDA,LU1793346666,ISIN,מניות,"חו""ל","ארה""ב",סחיר,אחר,Equity Funds,לא,USD,2549.713229246,3.306,229896.0,19378.74293,0.294%,0.686%,0.035%
170,2002,THREADNEEDLE,549300L2D2ETS27INO14,LEI,CTLX GBL TECH IU USD,LU0444972805,ISIN,מניות,"חו""ל","ארה""ב",סחיר,אחר,Equity Funds,לא,USD,202569.256008323,3.306,3109.04,20821.0531,0.528%,0.737%,0.038%
170,2002,Janus Henderson,213800AV3O5CVAEQM982,LEI,JAN HND HRZN BIOTECH-GU2 USD,LU2900274973,ISIN,מניות,"חו""ל","ארה""ב",סחיר,אחר,Equity Funds,לא,USD,326834.328575596,3.306,2488.0,26883.19554,1.305%,0.951%,0.048%
170,2002,Pimco,J1L21SK0XQM5UHF1OK52,LEI,PIMCO-EMRG LCL BD-USDINS-ACC,IE00B29K0P99,ISIN,"אג""ח קונצרני","חו""ל",אירלנד,סחיר,אחר,Bond/Fixed Income Funds,לא,USD,839638.472388573,3.306,1717.0,47661.25504,0.299%,1.686%,0.086%
170,2002,Bradesco Global Funds,549300Y3UTFF23YFKX17,LEI,BRADESCO GL-BRAZ FIX IN-ZUSD,LU0678340976,ISIN,"אג""ח קונצרני","חו""ל",ברזיל,סחיר,אחר,Bond/Fixed Income Funds,לא,USD,40073.654364,3.306,10305.42,13652.98124,1.766%,0.483%,0.025%
170,2002,JPM,2711006,"מספר תאגיד או שותפות בחו""ל",JP Morgan Liquidity Dollar,X9X9USD02A31,ISIN,אחר,"חו""ל","ארה""ב",סחיר,אחר,Currency Funds,לא,USD,91927537.133599,3.306,100.0,303912.43776,0.000%,10.752%,0.548%
170,2002,Bny Mellon,5493002R50XIFVT6GZ76,LEI,קרן כספית בחול דולר בוני,X9X9USD02H26,ISIN,אחר,"חו""ל","ארה""ב",סחיר,אחר,Currency Funds,לא,USD,183855074.302629,3.306,100.0,607824.87563,0.000%,21.504%,1.096%
170,2002,HSBC,2138003LGUAH7HJRAX59,LEI,HSBC USD Liquidity CLS F,X9X9USD057B8,ISIN,אחר,"חו""ל","ארה""ב",סחיר,אחר,Currency Funds,לא,USD,137891305.583744,3.306,100.0,455868.65625,0.000%,16.128%,0.822%
170,2002,State Street,549300RXPU93JTVN0I93,LEI,State Street USD LIQ LVNAV,X9X9USD02K21,ISIN,אחר,"חו""ל","ארה""ב",סחיר,אחר,Currency Funds,לא,USD,45963768.9705211,3.306,100.0,151956.22021,0.000%,5.376%,0.274%
170,2002,Goldman Sachs,549300NHQGC72RX55X16,LEI,GS EURO LIQ RES-INST ACC T,IE00B96CNN65,ISIN,אחר,"חו""ל",אירלנד,סחיר,אחר,Currency Funds,לא,EUR,1042.948128459,3.8807,1051358.0,42552.33568,0.041%,1.505%,0.077%
170,2002,JPM,2711006,"מספר תאגיד או שותפות בחו""ל",JP Morgan Liquidity GBP,X9X9GBP00L41,ISIN,אחר,"חו""ל",בריטניה,סחיר,אחר,Currency Funds,לא,GBP,443074.824790402,4.4409,100.0,1967.65098,0.000%,0.070%,0.004%
170,9654,Nomura Asset Management UK Ltd,5493000T0Y0IDUR33L28,LEI,NOMURA-US HIGH YLD BD-I USD,IE00B3RW8498,ISIN,"אג""ח קונצרני","חו""ל","ארה""ב",סחיר,אחר,Bond/Fixed Income Funds,לא,USD,63690.829439622,3.306,43065.06,90678.60087,0.588%,4.496%,0.251%
170,9654,UBAM,222100EBRBRHM6KWLU25,LEI,UBAM-GLB HI YLD SO EX DU-ICU,LU2051741416,ISIN,"אג""ח קונצרני","חו""ל","ארה""ב",סחיר,אחר,Bond/Fixed Income Funds,לא,USD,150180.080780928,3.306,12321.0,61173.19171,1.399%,3.033%,0.170%
170,9654,Schroder Investment Management,FDQ3U0BX0ZTSLH0GBR19,LEI,SCHRODER ISF EU HIGH YD-IZEU,LU1496798478,ISIN,"אג""ח קונצרני","חו""ל","ארה""ב",סחיר,אחר,Bond/Fixed Income Funds,לא,EUR,59710.152599646,3.8807,19648.95,45529.99465,0.417%,2.257%,0.126%
170,9654,Invesco,549300HQ8IBAX0TXDL49,LEI,INVESCO US SENIOR LOAN-G,LU0564079282,ISIN,"אג""ח קונצרני","חו""ל","ארה""ב",סחיר,אחר,Bond/Fixed Income Funds,לא,USD,51567.859063331,3.306,19478.0,33206.74537,0.172%,1.646%,0.092%
170,9654,Credit Suisse,54930077MN2BBHNFZQ03,LEI,UBSNV LX GBL SEN LN FN-MBUSD,LU0635707705,ISIN,"אג""ח קונצרני","חו""ל","ארה""ב",סחיר,אחר,Bond/Fixed Income Funds,לא,USD,12122.970376292,3.306,188977.0,75739.22266,0.688%,3.755%,0.210%
170,9654,CIFC Asset Management,549300NEMRCSGL23FU27,LEI,CIFCLF5 KY Equity,KYG2139S1194,ISIN,"אג""ח קונצרני","חו""ל","ארה""ב",סחיר,אחר,Bond/Fixed Income Funds,לא,USD,8142.293536315,3.306,177135.055,47681.96238,0.001%,2.364%,0.132%
170,9654,Neuberger,54930003X66WAS12MV11,LEI,NB CLO INCOME-USDI4ACC,IE000VVY08O6,ISIN,"אג""ח קונצרני","חו""ל","ארה""ב",סחיר,אחר,Bond/Fixed Income Funds,לא,USD,850417.324904048,3.306,1180.0,33175.46018,0.653%,1.645%,0.092%
170,9654,ICG EUROPN SENIOR LOAN-AEURA,549300OGASR5WRKJ8R68,LEI,ICG EUROPN SENIOR LOAN-AEURA,IE00BYXGJT42,ISIN,"אג""ח קונצרני","חו""ל",אירלנד,סחיר,אחר,Bond/Fixed Income Funds,לא,EUR,86851.13105403,3.8807,13688.0,46134.47106,1.615%,2.287%,0.128%
170,9654,Pimco,51AMXMBYJTZWXA4L4L83,LEI,PIMCO GIS-EMERGING MKT INS A,IE0030759645,ISIN,"אג""ח קונצרני","חו""ל",Emerging Markets - Asia,סחיר,אחר,Bond/Fixed Income Funds,לא,USD,332929.335707117,3.306,6152.0,67712.87289,0.369%,3.357%,0.188%
170,9654,MONEDA,549300H8QJOIP08BIM28,LEI,MON LUX SIC-LAT CORP CF-IUA,LU2240476817,ISIN,"אג""ח קונצרני","חו""ל",לוכסמבורג,סחיר,אחר,Bond/Fixed Income Funds,לא,USD,49396.58078698,3.306,12139.0,19823.60561,2.001%,0.983%,0.055%
170,9654,Marketfield Gerge Town SPC,549300TUMDQAY0LJ6X75,LEI,ION GEORG TOWN FND OFFS SP-I,KYG582251891,ISIN,מניות,"חו""ל","ארה""ב",סחיר,אחר,Equity Funds,לא,USD,638.435641387,3.306,153831.0,3246.86204,1.878%,0.161%,0.009%
170,9654,KBI Global Energy Transition Fund,635400UCQYVGO94KDT51,LEI,KBI GLB ENRG TRANS FUND-AUSA,IE00BNGJJ156,ISIN,מניות,"חו""ל","ארה""ב",סחיר,אחר,Equity Funds,לא,USD,630182.705377971,3.306,1118.6,23304.73369,0.714%,1.155%,0.065%
170,9654,TRIGON,529900TCN22XTOQUBM95,LEI,TRIGON-NEW EUROPE-A EUR,LU1687402393,ISIN,מניות,"חו""ל","Emerging Markets - Euope, Middle East & Africa",סחיר,אחר,Equity Funds,לא,EUR,18719.652203487,3.8807,24269.0,17630.30104,0.934%,0.874%,0.049%
170,9654,BlackRock Asset Management Ireland Ltd,549300KVUUD24TDB4E13,LEI,ISHR EU EX-UK IND-D ACC E,IE00BD0NCR01,ISIN,מניות,"חו""ל",אירופה,סחיר,אחר,Equity Funds,לא,EUR,3697445.62170653,3.8807,1869.7,268277.21806,2.393%,13.301%,0.743%
170,9654,Artemis,QXLNS35572JXFT415E26,LEI,ARTEMIS UK SELECT FUND-INS A,GB00B2PLJG05,ISIN,מניות,"חו""ל",בריטניה,סחיר,אחר,Equity Funds,לא,GBP,473000.317988951,4.4409,1310.29,27523.25875,0.159%,1.365%,0.076%
170,9654,Tokio Marine Asset Management,5299009QN2NZ191KLS29,LEI,TOKIO MARINE-JPN EQ FOCUS-G,IE00B4100S42,ISIN,מניות,"חו""ל",יפן,סחיר,אחר,Equity Funds,לא,USD,15425.186282166,3.306,25961.58,13239.28059,2.169%,0.656%,0.037%
170,9654,Sparx,635400BTSWMY84SXPB33,LEI,SPARX JAPAN FUND PLC-JPYIE,IE00BF29SZ08,ISIN,מניות,"חו""ל",יפן,סחיר,אחר,Equity Funds,לא,JPY,61093.734932944,0.022332,2172400.0,29639.03705,0.722%,1.469%,0.082%
170,9654,AMUNDI,529900SQFJZNLOBO8Z15,LEI,AMUNDI-EMER MKT EQ F-QI8USD,LU0906530919,ISIN,מניות,"חו""ל",Emerging Markets - Asia,סחיר,אחר,Equity Funds,לא,USD,6413.476591404,3.306,157890.0,33477.34346,0.312%,1.660%,0.093%
170,9654,ASHOKA INDIA OPPORT FD-D USD,213800M3HXZ3RG189568,LEI,AWI-ASH WO INDIA OPP FD-DUSD,IE00BH3N4915,ISIN,מניות,"חו""ל",הודו,סחיר,אחר,Equity Funds,לא,USD,17817.516331337,3.306,26009.0,15320.52576,0.216%,0.760%,0.042%
170,9654,JO Hambro Capital Management,549300Z6XIGO3AQS2G83,LEI,PP IN SEICAV-JOHCM GLMKO-AGB,IE00B4M6CN00,ISIN,מניות,"חו""ל",Emerging Markets - Asia,סחיר,אחר,Equity Funds,לא,USD,2813260.21823325,3.306,153.5,14276.47976,1.271%,0.708%,0.040%
170,9654,Investec Global Strategy,213800E93ELJ4W3LRN82,LEI,NTYONGSF-GL NA R - I ACC USD,LU0345781172,ISIN,מניות,"חו""ל",גלובלי,סחיר,אחר,Commodity Funds,לא,USD,196432.810871393,3.306,2383.0,15475.36578,0.558%,0.767%,0.043%
170,9654,BlueBox Global Technology Fund,549300Q3ZDD326K9N105,LEI,BLUEBOX GLOBAL TEC FD-I USDA,LU1793346666,ISIN,מניות,"חו""ל","ארה""ב",סחיר,אחר,Equity Funds,לא,USD,2011.783917295,3.306,229896.0,15290.28555,0.232%,0.758%,0.042%
170,9654,THREADNEEDLE,549300L2D2ETS27INO14,LEI,CTLX GBL TECH IU USD,LU0444972805,ISIN,מניות,"חו""ל","ארה""ב",סחיר,אחר,Equity Funds,לא,USD,159831.92411663,3.306,3109.04,16428.30233,0.417%,0.814%,0.046%
170,9654,Janus Henderson,213800AV3O5CVAEQM982,LEI,JAN HND HRZN BIOTECH-GU2 USD,LU2900274973,ISIN,מניות,"חו""ל","ארה""ב",סחיר,אחר,Equity Funds,לא,USD,257879.999329502,3.306,2488.0,21211.47579,1.029%,1.052%,0.059%
170,9654,Pimco,J1L21SK0XQM5UHF1OK52,LEI,PIMCO-EMRG LCL BD-USDINS-ACC,IE00B29K0P99,ISIN,"אג""ח קונצרני","חו""ל",אירלנד,סחיר,אחר,Bond/Fixed Income Funds,לא,USD,796135.367995279,3.306,1717.0,45191.84395,0.284%,2.241%,0.125%
170,9654,Bradesco Global Funds,549300Y3UTFF23YFKX17,LEI,BRADESCO GL-BRAZ FIX IN-ZUSD,LU0678340976,ISIN,"אג""ח קונצרני","חו""ל",ברזיל,סחיר,אחר,Bond/Fixed Income Funds,לא,USD,37997.369836138,3.306,10305.42,12945.59695,1.675%,0.642%,0.036%
170,9654,JPM,2711006,"מספר תאגיד או שותפות בחו""ל",JP Morgan Liquidity Dollar,X9X9USD02A31,ISIN,אחר,"חו""ל","ארה""ב",סחיר,אחר,Currency Funds,לא,USD,55281848.0687948,3.306,100.0,182761.7897,0.000%,9.061%,0.506%
170,9654,Bny Mellon,5493002R50XIFVT6GZ76,LEI,קרן כספית בחול דולר בוני,X9X9USD02H26,ISIN,אחר,"חו""ל","ארה""ב",סחיר,אחר,Currency Funds,לא,USD,110563696.191055,3.306,100.0,365523.5796,0.000%,18.122%,1.013%
170,9654,HSBC,2138003LGUAH7HJRAX59,LEI,HSBC USD Liquidity CLS F,X9X9USD057B8,ISIN,אחר,"חו""ל","ארה""ב",סחיר,אחר,Currency Funds,לא,USD,82922772.0969326,3.306,100.0,274142.68454,0.000%,13.591%,0.760%
170,9654,State Street,549300RXPU93JTVN0I93,LEI,State Street USD LIQ LVNAV,X9X9USD02K21,ISIN,אחר,"חו""ל","ארה""ב",סחיר,אחר,Currency Funds,לא,USD,27640924.0179701,3.306,100.0,91380.8948,0.000%,4.530%,0.253%
170,9654,Goldman Sachs,549300NHQGC72RX55X16,LEI,GS EURO LIQ RES-INST ACC T,IE00B96CNN65,ISIN,אחר,"חו""ל",אירלנד,סחיר,אחר,Currency Funds,לא,EUR,199.100267886,3.8807,1051358.0,8123.30086,0.008%,0.403%,0.023%
170,9654,JPM,2711006,"מספר תאגיד או שותפות בחו""ל",JP Morgan Liquidity GBP,X9X9GBP00L41,ISIN,אחר,"חו""ל",בריטניה,סחיר,אחר,Currency Funds,לא,GBP,398593.523965389,4.4409,100.0,1770.11397,0.000%,0.088%,0.005%
170,9655,Nomura Asset Management UK Ltd,5493000T0Y0IDUR33L28,LEI,NOMURA-US HIGH YLD BD-I USD,IE00B3RW8498,ISIN,"אג""ח קונצרני","חו""ל","ארה""ב",סחיר,אחר,Bond/Fixed Income Funds,לא,USD,38948.500196647,3.306,43065.06,55452.1826,0.360%,7.263%,0.335%
170,9655,UBAM,222100EBRBRHM6KWLU25,LEI,UBAM-GLB HI YLD SO EX DU-ICU,LU2051741416,ISIN,"אג""ח קונצרני","חו""ל","ארה""ב",סחיר,אחר,Bond/Fixed Income Funds,לא,USD,91838.793077322,3.306,12321.0,37408.90314,0.855%,4.900%,0.226%
170,9655,Schroder Investment Management,FDQ3U0BX0ZTSLH0GBR19,LEI,SCHRODER ISF EU HIGH YD-IZEU,LU1496798478,ISIN,"אג""ח קונצרני","חו""ל","ארה""ב",סחיר,אחר,Bond/Fixed Income Funds,לא,EUR,36514.218934357,3.8807,19648.95,27842.70547,0.255%,3.647%,0.168%
170,9655,Invesco,549300HQ8IBAX0TXDL49,LEI,INVESCO US SENIOR LOAN-G,LU0564079282,ISIN,"אג""ח קונצרני","חו""ל","ארה""ב",סחיר,אחר,Bond/Fixed Income Funds,לא,USD,31535.00726149,3.306,19478.0,20306.73709,0.105%,2.660%,0.123%
170,9655,Credit Suisse,54930077MN2BBHNFZQ03,LEI,UBSNV LX GBL SEN LN FN-MBUSD,LU0635707705,ISIN,"אג""ח קונצרני","חו""ל","ארה""ב",סחיר,אחר,Bond/Fixed Income Funds,לא,USD,7413.492935157,3.306,188977.0,46316.38737,0.421%,6.066%,0.280%
170,9655,CIFC Asset Management,549300NEMRCSGL23FU27,LEI,CIFCLF5 KY Equity,KYG2139S1194,ISIN,"אג""ח קונצרני","חו""ל","ארה""ב",סחיר,אחר,Bond/Fixed Income Funds,לא,USD,4979.211672867,3.306,177135.055,29158.68638,0.000%,3.819%,0.176%
170,9655,Neuberger,54930003X66WAS12MV11,LEI,NB CLO INCOME-USDI4ACC,IE000VVY08O6,ISIN,"אג""ח קונצרני","חו""ל","ארה""ב",סחיר,אחר,Bond/Fixed Income Funds,לא,USD,520050.99694387,3.306,1180.0,20287.60543,0.399%,2.657%,0.123%
170,9655,ICG EUROPN SENIOR LOAN-AEURA,549300OGASR5WRKJ8R68,LEI,ICG EUROPN SENIOR LOAN-AEURA,IE00BYXGJT42,ISIN,"אג""ח קונצרני","חו""ל",אירלנד,סחיר,אחר,Bond/Fixed Income Funds,לא,EUR,53111.591177246,3.8807,13688.0,28212.35759,0.988%,3.695%,0.170%
170,9655,Pimco,51AMXMBYJTZWXA4L4L83,LEI,PIMCO GIS-EMERGING MKT INS A,IE0030759645,ISIN,"אג""ח קונצרני","חו""ל",Emerging Markets - Asia,סחיר,אחר,Bond/Fixed Income Funds,לא,USD,203594.432846111,3.306,6152.0,41408.07816,0.226%,5.424%,0.250%
170,9655,MONEDA,549300H8QJOIP08BIM28,LEI,MON LUX SIC-LAT CORP CF-IUA,LU2240476817,ISIN,"אג""ח קונצרני","חו""ל",לוכסמבורג,סחיר,אחר,Bond/Fixed Income Funds,לא,USD,30207.217482059,3.306,12139.0,12122.61975,1.224%,1.588%,0.073%
170,9655,Marketfield Gerge Town SPC,549300TUMDQAY0LJ6X75,LEI,ION GEORG TOWN FND OFFS SP-I,KYG582251891,ISIN,מניות,"חו""ל","ארה""ב",סחיר,אחר,Equity Funds,לא,USD,257.132584804,3.306,153831.0,1307.68707,0.756%,0.171%,0.008%
170,9655,KBI Global Energy Transition Fund,635400UCQYVGO94KDT51,LEI,KBI GLB ENRG TRANS FUND-AUSA,IE00BNGJJ156,ISIN,מניות,"חו""ל","ארה""ב",סחיר,אחר,Equity Funds,לא,USD,253808.680825799,3.306,1118.6,9386.07751,0.287%,1.229%,0.057%
170,9655,TRIGON,529900TCN22XTOQUBM95,LEI,TRIGON-NEW EUROPE-A EUR,LU1687402393,ISIN,מניות,"חו""ל","Emerging Markets - Euope, Middle East & Africa",סחיר,אחר,Equity Funds,לא,EUR,7539.417046419,3.8807,24269.0,7100.67638,0.376%,0.930%,0.043%
170,9655,BlackRock Asset Management Ireland Ltd,549300KVUUD24TDB4E13,LEI,ISHR EU EX-UK IND-D ACC E,IE00BD0NCR01,ISIN,מניות,"חו""ל",אירופה,סחיר,אחר,Equity Funds,לא,EUR,1489161.45692637,3.8807,1869.7,108049.75483,0.964%,14.152%,0.653%
170,9655,Artemis,QXLNS35572JXFT415E26,LEI,ARTEMIS UK SELECT FUND-INS A,GB00B2PLJG05,ISIN,מניות,"חו""ל",בריטניה,סחיר,אחר,Equity Funds,לא,GBP,190502.826742849,4.4409,1310.29,11085.10585,0.064%,1.452%,0.067%
170,9655,Tokio Marine Asset Management,5299009QN2NZ191KLS29,LEI,TOKIO MARINE-JPN EQ FOCUS-G,IE00B4100S42,ISIN,מניות,"חו""ל",יפן,סחיר,אחר,Equity Funds,לא,USD,6212.557324023,3.306,25961.58,5332.1748,0.874%,0.698%,0.032%
170,9655,Sparx,635400BTSWMY84SXPB33,LEI,SPARX JAPAN FUND PLC-JPYIE,IE00BF29SZ08,ISIN,מניות,"חו""ל",יפן,סחיר,אחר,Equity Funds,לא,JPY,24605.753438999,0.022332,2172400.0,11937.24428,0.291%,1.564%,0.072%
170,9655,AMUNDI,529900SQFJZNLOBO8Z15,LEI,AMUNDI-EMER MKT EQ F-QI8USD,LU0906530919,ISIN,מניות,"חו""ל",Emerging Markets - Asia,סחיר,אחר,Equity Funds,לא,USD,2583.054119511,3.306,157890.0,13483.138,0.126%,1.766%,0.081%
170,9655,ASHOKA INDIA OPPORT FD-D USD,213800M3HXZ3RG189568,LEI,AWI-ASH WO INDIA OPP FD-DUSD,IE00BH3N4915,ISIN,מניות,"חו""ל",הודו,סחיר,אחר,Equity Funds,לא,USD,7176.078107279,3.306,26009.0,6170.40487,0.087%,0.808%,0.037%
170,9655,JO Hambro Capital Management,549300Z6XIGO3AQS2G83,LEI,PP IN SEICAV-JOHCM GLMKO-AGB,IE00B4M6CN00,ISIN,מניות,"חו""ל",Emerging Markets - Asia,סחיר,אחר,Equity Funds,לא,USD,1133052.1429991,3.306,153.5,5749.91104,0.512%,0.753%,0.035%
170,9655,Investec Global Strategy,213800E93ELJ4W3LRN82,LEI,NTYONGSF-GL NA R - I ACC USD,LU0345781172,ISIN,מניות,"חו""ל",גלובלי,סחיר,אחר,Commodity Funds,לא,USD,79114.123844876,3.306,2383.0,6232.76732,0.225%,0.816%,0.038%
170,9655,BlueBox Global Technology Fund,549300Q3ZDD326K9N105,LEI,BLUEBOX GLOBAL TEC FD-I USDA,LU1793346666,ISIN,מניות,"חו""ל","ארה""ב",סחיר,אחר,Equity Funds,לא,USD,810.254260864,3.306,229896.0,6158.2255,0.094%,0.807%,0.037%
170,9655,THREADNEEDLE,549300L2D2ETS27INO14,LEI,CTLX GBL TECH IU USD,LU0444972805,ISIN,מניות,"חו""ל","ארה""ב",סחיר,אחר,Equity Funds,לא,USD,64372.965915591,3.306,3109.04,6616.56644,0.168%,0.867%,0.040%
170,9655,Janus Henderson,213800AV3O5CVAEQM982,LEI,JAN HND HRZN BIOTECH-GU2 USD,LU2900274973,ISIN,מניות,"חו""ל","ארה""ב",סחיר,אחר,Equity Funds,לא,USD,103862.232147298,3.306,2488.0,8543.00926,0.415%,1.119%,0.052%
170,9655,Pimco,J1L21SK0XQM5UHF1OK52,LEI,PIMCO-EMRG LCL BD-USDINS-ACC,IE00B29K0P99,ISIN,"אג""ח קונצרני","חו""ל",אירלנד,סחיר,אחר,Bond/Fixed Income Funds,לא,USD,486856.252458091,3.306,1717.0,27635.91805,0.173%,3.620%,0.167%
170,9655,Bradesco Global Funds,549300Y3UTFF23YFKX17,LEI,BRADESCO GL-BRAZ FIX IN-ZUSD,LU0678340976,ISIN,"אג""ח קונצרני","חו""ל",ברזיל,סחיר,אחר,Bond/Fixed Income Funds,לא,USD,23236.321140045,3.306,10305.42,7916.54921,1.024%,1.037%,0.048%
170,9655,JPM,2711006,"מספר תאגיד או שותפות בחו""ל",JP Morgan Liquidity Dollar,X9X9USD02A31,ISIN,אחר,"חו""ל","ארה""ב",סחיר,אחר,Currency Funds,לא,USD,11914577.7230284,3.306,100.0,39389.59395,0.000%,5.159%,0.238%
170,9655,Bny Mellon,5493002R50XIFVT6GZ76,LEI,קרן כספית בחול דולר בוני,X9X9USD02H26,ISIN,אחר,"חו""ל","ארה""ב",סחיר,אחר,Currency Funds,לא,USD,23829155.3765282,3.306,100.0,78779.18767,0.000%,10.318%,0.476%
170,9655,HSBC,2138003LGUAH7HJRAX59,LEI,HSBC USD Liquidity CLS F,X9X9USD057B8,ISIN,אחר,"חו""ל","ארה""ב",סחיר,אחר,Currency Funds,לא,USD,17871866.4991399,3.306,100.0,59084.39064,0.000%,7.739%,0.357%
170,9655,State Street,549300RXPU93JTVN0I93,LEI,State Street USD LIQ LVNAV,X9X9USD02K21,ISIN,אחר,"חו""ל","ארה""ב",סחיר,אחר,Currency Funds,לא,USD,5957288.59254188,3.306,100.0,19694.79608,0.000%,2.580%,0.119%
170,9655,Goldman Sachs,549300NHQGC72RX55X16,LEI,GS EURO LIQ RES-INST ACC T,IE00B96CNN65,ISIN,אחר,"חו""ל",אירלנד,סחיר,אחר,Currency Funds,לא,EUR,106.811277679,3.8807,1051358.0,4357.90545,0.004%,0.571%,0.026%
170,9655,JPM,2711006,"מספר תאגיד או שותפות בחו""ל",JP Morgan Liquidity GBP,X9X9GBP00L41,ISIN,אחר,"חו""ל",בריטניה,סחיר,אחר,Currency Funds,לא,GBP,214136.156093363,4.4409,100.0,950.95725,0.000%,0.125%,0.006%
170,9647,Marketfield Gerge Town SPC,549300TUMDQAY0LJ6X75,LEI,ION GEORG TOWN FND OFFS SP-I,KYG582251891,ISIN,מניות,"חו""ל","ארה""ב",סחיר,אחר,Equity Funds,לא,USD,222.048194951,3.306,153831.0,1129.26004,0.653%,0.366%,0.013%
170,9647,KBI Global Energy Transition Fund,635400UCQYVGO94KDT51,LEI,KBI GLB ENRG TRANS FUND-AUSA,IE00BNGJJ156,ISIN,מניות,"חו""ל","ארה""ב",סחיר,אחר,Equity Funds,לא,USD,219177.820201848,3.306,1118.6,8105.39656,0.248%,2.623%,0.093%
170,9647,TRIGON,529900TCN22XTOQUBM95,LEI,TRIGON-NEW EUROPE-A EUR,LU1687402393,ISIN,מניות,"חו""ל","Emerging Markets - Euope, Middle East & Africa",סחיר,אחר,Equity Funds,לא,EUR,6510.703213342,3.8807,24269.0,6131.8264,0.325%,1.985%,0.071%
170,9647,BlackRock Asset Management Ireland Ltd,549300KVUUD24TDB4E13,LEI,ISHR EU EX-UK IND-D ACC E,IE00BD0NCR01,ISIN,מניות,"חו""ל",אירופה,סחיר,אחר,Equity Funds,לא,EUR,1285973.20231827,3.8807,1869.7,93306.93363,0.832%,30.201%,1.074%
170,9647,Artemis,QXLNS35572JXFT415E26,LEI,ARTEMIS UK SELECT FUND-INS A,GB00B2PLJG05,ISIN,מניות,"חו""ל",בריטניה,סחיר,אחר,Equity Funds,לא,GBP,164509.717208788,4.4409,1310.29,9572.60142,0.055%,3.098%,0.110%
170,9647,Tokio Marine Asset Management,5299009QN2NZ191KLS29,LEI,TOKIO MARINE-JPN EQ FOCUS-G,IE00B4100S42,ISIN,מניות,"חו""ל",יפן,סחיר,אחר,Equity Funds,לא,USD,5364.886526844,3.306,25961.58,4604.62757,0.754%,1.490%,0.053%
170,9647,Sparx,635400BTSWMY84SXPB33,LEI,SPARX JAPAN FUND PLC-JPYIE,IE00BF29SZ08,ISIN,מניות,"חו""ל",יפן,סחיר,אחר,Equity Funds,לא,JPY,21248.427696157,0.022332,2172400.0,10308.47003,0.251%,3.337%,0.119%
170,9647,AMUNDI,529900SQFJZNLOBO8Z15,LEI,AMUNDI-EMER MKT EQ F-QI8USD,LU0906530919,ISIN,מניות,"חו""ל",Emerging Markets - Asia,סחיר,אחר,Equity Funds,לא,USD,2230.609959974,3.306,157890.0,11643.43468,0.109%,3.769%,0.134%
170,9647,ASHOKA INDIA OPPORT FD-D USD,213800M3HXZ3RG189568,LEI,AWI-ASH WO INDIA OPP FD-DUSD,IE00BH3N4915,ISIN,מניות,"חו""ל",הודו,סחיר,אחר,Equity Funds,לא,USD,6196.939962945,3.306,26009.0,5328.48555,0.075%,1.725%,0.061%
170,9647,JO Hambro Capital Management,549300Z6XIGO3AQS2G83,LEI,PP IN SEICAV-JOHCM GLMKO-AGB,IE00B4M6CN00,ISIN,מניות,"חו""ל",Emerging Markets - Asia,סחיר,אחר,Equity Funds,לא,USD,978453.132767442,3.306,153.5,4965.3659,0.442%,1.607%,0.057%
170,9647,Investec Global Strategy,213800E93ELJ4W3LRN82,LEI,NTYONGSF-GL NA R - I ACC USD,LU0345781172,ISIN,מניות,"חו""ל",גלובלי,סחיר,אחר,Commodity Funds,לא,USD,68319.417425286,3.306,2383.0,5382.33898,0.194%,1.742%,0.062%
170,9647,BlueBox Global Technology Fund,549300Q3ZDD326K9N105,LEI,BLUEBOX GLOBAL TEC FD-I USDA,LU1793346666,ISIN,מניות,"חו""ל","ארה""ב",סחיר,אחר,Equity Funds,לא,USD,699.699325207,3.306,229896.0,5317.96799,0.081%,1.721%,0.061%
170,9647,THREADNEEDLE,549300L2D2ETS27INO14,LEI,CTLX GBL TECH IU USD,LU0444972805,ISIN,מניות,"חו""ל","ארה""ב",סחיר,אחר,Equity Funds,לא,USD,55589.613024272,3.306,3109.04,5713.77073,0.145%,1.849%,0.066%
170,9647,Janus Henderson,213800AV3O5CVAEQM982,LEI,JAN HND HRZN BIOTECH-GU2 USD,LU2900274973,ISIN,מניות,"חו""ל","ארה""ב",סחיר,אחר,Equity Funds,לא,USD,89690.776411888,3.306,2488.0,7377.36055,0.358%,2.388%,0.085%
170,9647,JPM,2711006,"מספר תאגיד או שותפות בחו""ל",JP Morgan Liquidity Dollar,X9X9USD02A31,ISIN,אחר,"חו""ל","ארה""ב",סחיר,אחר,Currency Funds,לא,USD,7796613.45774819,3.306,100.0,25775.60409,0.000%,8.343%,0.297%
170,9647,Bny Mellon,5493002R50XIFVT6GZ76,LEI,קרן כספית בחול דולר בוני,X9X9USD02H26,ISIN,אחר,"חו""ל","ארה""ב",סחיר,אחר,Currency Funds,לא,USD,15593226.8893885,3.306,100.0,51551.20809,0.000%,16.686%,0.593%
170,9647,HSBC,2138003LGUAH7HJRAX59,LEI,HSBC USD Liquidity CLS F,X9X9USD057B8,ISIN,אחר,"חו""ל","ארה""ב",סחיר,אחר,Currency Funds,לא,USD,11694920.2065838,3.306,100.0,38663.4062,0.000%,12.514%,0.445%
170,9647,State Street,549300RXPU93JTVN0I93,LEI,State Street USD LIQ LVNAV,X9X9USD02K21,ISIN,אחר,"חו""ל","ארה""ב",סחיר,אחר,Currency Funds,לא,USD,3898306.58985037,3.306,100.0,12887.80158,0.000%,4.171%,0.148%
170,9647,Goldman Sachs,549300NHQGC72RX55X16,LEI,GS EURO LIQ RES-INST ACC T,IE00B96CNN65,ISIN,אחר,"חו""ל",אירלנד,סחיר,אחר,Currency Funds,לא,EUR,22.171305133,3.8807,1051358.0,904.59035,0.001%,0.293%,0.010%
170,9647,JPM,2711006,"מספר תאגיד או שותפות בחו""ל",JP Morgan Liquidity GBP,X9X9GBP00L41,ISIN,אחר,"חו""ל",בריטניה,סחיר,אחר,Currency Funds,לא,GBP,64431.860512925,4.4409,100.0,286.13545,0.000%,0.093%,0.003%
170,12177,Nomura Asset Management UK Ltd,5493000T0Y0IDUR33L28,LEI,NOMURA-US HIGH YLD BD-I USD,IE00B3RW8498,ISIN,"אג""ח קונצרני","חו""ל","ארה""ב",סחיר,אחר,Bond/Fixed Income Funds,לא,USD,20667.441432445,3.306,43065.06,29424.87465,0.191%,10.824%,0.278%
170,12177,UBAM,222100EBRBRHM6KWLU25,LEI,UBAM-GLB HI YLD SO EX DU-ICU,LU2051741416,ISIN,"אג""ח קונצרני","חו""ל","ארה""ב",סחיר,אחר,Bond/Fixed Income Funds,לא,USD,48732.88746855,3.306,12321.0,19850.47719,0.454%,7.302%,0.188%
170,12177,Schroder Investment Management,FDQ3U0BX0ZTSLH0GBR19,LEI,SCHRODER ISF EU HIGH YD-IZEU,LU1496798478,ISIN,"אג""ח קונצרני","חו""ל","ארה""ב",סחיר,אחר,Bond/Fixed Income Funds,לא,EUR,19375.726342918,3.8807,19648.95,14774.3169,0.135%,5.435%,0.140%
170,12177,Invesco,549300HQ8IBAX0TXDL49,LEI,INVESCO US SENIOR LOAN-G,LU0564079282,ISIN,"אג""ח קונצרני","חו""ל","ארה""ב",סחיר,אחר,Bond/Fixed Income Funds,לא,USD,16733.581841611,3.306,19478.0,10775.46754,0.056%,3.964%,0.102%
170,12177,Credit Suisse,54930077MN2BBHNFZQ03,LEI,UBSNV LX GBL SEN LN FN-MBUSD,LU0635707705,ISIN,"אג""ח קונצרני","חו""ל","ארה""ב",סחיר,אחר,Bond/Fixed Income Funds,לא,USD,3933.859590835,3.306,188977.0,24577.10101,0.223%,9.041%,0.232%
170,12177,CIFC Asset Management,549300NEMRCSGL23FU27,LEI,CIFCLF5 KY Equity,KYG2139S1194,ISIN,"אג""ח קונצרני","חו""ל","ארה""ב",סחיר,אחר,Bond/Fixed Income Funds,לא,USD,2642.144501307,3.306,177135.055,15472.62257,0.000%,5.692%,0.146%
170,12177,Neuberger,54930003X66WAS12MV11,LEI,NB CLO INCOME-USDI4ACC,IE000VVY08O6,ISIN,"אג""ח קונצרני","חו""ל","ארה""ב",סחיר,אחר,Bond/Fixed Income Funds,לא,USD,275957.314580948,3.306,1180.0,10765.31561,0.212%,3.960%,0.102%
170,12177,ICG EUROPN SENIOR LOAN-AEURA,549300OGASR5WRKJ8R68,LEI,ICG EUROPN SENIOR LOAN-AEURA,IE00BYXGJT42,ISIN,"אג""ח קונצרני","חו""ל",אירלנד,סחיר,אחר,Bond/Fixed Income Funds,לא,EUR,28182.874680607,3.8807,13688.0,14970.46729,0.524%,5.507%,0.142%
170,12177,Pimco,51AMXMBYJTZWXA4L4L83,LEI,PIMCO GIS-EMERGING MKT INS A,IE0030759645,ISIN,"אג""ח קונצרני","חו""ל",Emerging Markets - Asia,סחיר,אחר,Bond/Fixed Income Funds,לא,USD,108034.352942329,3.306,6152.0,21972.57984,0.120%,8.083%,0.208%
170,12177,MONEDA,549300H8QJOIP08BIM28,LEI,MON LUX SIC-LAT CORP CF-IUA,LU2240476817,ISIN,"אג""ח קונצרני","חו""ל",לוכסמבורג,סחיר,אחר,Bond/Fixed Income Funds,לא,USD,16029.009974596,3.306,12139.0,6432.68759,0.649%,2.366%,0.061%
170,12177,Marketfield Gerge Town SPC,549300TUMDQAY0LJ6X75,LEI,ION GEORG TOWN FND OFFS SP-I,KYG582251891,ISIN,מניות,"חו""ל","ארה""ב",סחיר,אחר,Equity Funds,לא,USD,48.047275642,3.306,153831.0,244.35176,0.141%,0.090%,0.002%
170,12177,KBI Global Energy Transition Fund,635400UCQYVGO94KDT51,LEI,KBI GLB ENRG TRANS FUND-AUSA,IE00BNGJJ156,ISIN,מניות,"חו""ל","ארה""ב",סחיר,אחר,Equity Funds,לא,USD,47426.177655922,3.306,1118.6,1753.86349,0.054%,0.645%,0.017%
170,12177,TRIGON,529900TCN22XTOQUBM95,LEI,TRIGON-NEW EUROPE-A EUR,LU1687402393,ISIN,מניות,"חו""ל","Emerging Markets - Euope, Middle East & Africa",סחיר,אחר,Equity Funds,לא,EUR,1408.800247108,3.8807,24269.0,1326.81805,0.070%,0.488%,0.013%
170,12177,BlackRock Asset Management Ireland Ltd,549300KVUUD24TDB4E13,LEI,ISHR EU EX-UK IND-D ACC E,IE00BD0NCR01,ISIN,מניות,"חו""ל",אירופה,סחיר,אחר,Equity Funds,לא,EUR,278261.703203979,3.8807,1869.7,20189.95903,0.180%,7.427%,0.191%
170,12177,Artemis,QXLNS35572JXFT415E26,LEI,ARTEMIS UK SELECT FUND-INS A,GB00B2PLJG05,ISIN,מניות,"חו""ל",בריטניה,סחיר,אחר,Equity Funds,לא,GBP,35596.973577364,4.4409,1310.29,2071.3405,0.012%,0.762%,0.020%
170,12177,Tokio Marine Asset Management,5299009QN2NZ191KLS29,LEI,TOKIO MARINE-JPN EQ FOCUS-G,IE00B4100S42,ISIN,מניות,"חו""ל",יפן,סחיר,אחר,Equity Funds,לא,USD,1160.865918329,3.306,25961.58,996.35942,0.163%,0.367%,0.009%
170,12177,Sparx,635400BTSWMY84SXPB33,LEI,SPARX JAPAN FUND PLC-JPYIE,IE00BF29SZ08,ISIN,מניות,"חו""ל",יפן,סחיר,אחר,Equity Funds,לא,JPY,4597.78140826,0.022332,2172400.0,2230.56936,0.054%,0.821%,0.021%
170,12177,AMUNDI,529900SQFJZNLOBO8Z15,LEI,AMUNDI-EMER MKT EQ F-QI8USD,LU0906530919,ISIN,מניות,"חו""ל",Emerging Markets - Asia,סחיר,אחר,Equity Funds,לא,USD,482.66427755,3.306,157890.0,2519.43194,0.024%,0.927%,0.024%
170,12177,ASHOKA INDIA OPPORT FD-D USD,213800M3HXZ3RG189568,LEI,AWI-ASH WO INDIA OPP FD-DUSD,IE00BH3N4915,ISIN,מניות,"חו""ל",הודו,סחיר,אחר,Equity Funds,לא,USD,1340.907466527,3.306,26009.0,1152.9894,0.016%,0.424%,0.011%
170,12177,JO Hambro Capital Management,549300Z6XIGO3AQS2G83,LEI,PP IN SEICAV-JOHCM GLMKO-AGB,IE00B4M6CN00,ISIN,מניות,"חו""ל",Emerging Markets - Asia,סחיר,אחר,Equity Funds,לא,USD,211719.835793088,3.306,153.5,1074.41677,0.096%,0.395%,0.010%
170,12177,Investec Global Strategy,213800E93ELJ4W3LRN82,LEI,NTYONGSF-GL NA R - I ACC USD,LU0345781172,ISIN,מניות,"חו""ל",גלובלי,סחיר,אחר,Commodity Funds,לא,USD,14783.105449159,3.306,2383.0,1164.64232,0.042%,0.428%,0.011%
170,12177,BlueBox Global Technology Fund,549300Q3ZDD326K9N105,LEI,BLUEBOX GLOBAL TEC FD-I USDA,LU1793346666,ISIN,מניות,"חו""ל","ארה""ב",סחיר,אחר,Equity Funds,לא,USD,151.402475271,3.306,229896.0,1150.71358,0.017%,0.423%,0.011%
170,12177,THREADNEEDLE,549300L2D2ETS27INO14,LEI,CTLX GBL TECH IU USD,LU0444972805,ISIN,מניות,"חו""ל","ארה""ב",סחיר,אחר,Equity Funds,לא,USD,12028.602441092,3.306,3109.04,1236.35825,0.031%,0.455%,0.012%
170,12177,Janus Henderson,213800AV3O5CVAEQM982,LEI,JAN HND HRZN BIOTECH-GU2 USD,LU2900274973,ISIN,מניות,"חו""ל","ארה""ב",סחיר,אחר,Equity Funds,לא,USD,19407.486999781,3.306,2488.0,1596.32946,0.077%,0.587%,0.015%
170,12177,Pimco,J1L21SK0XQM5UHF1OK52,LEI,PIMCO-EMRG LCL BD-USDINS-ACC,IE00B29K0P99,ISIN,"אג""ח קונצרני","חו""ל",אירלנד,סחיר,אחר,Bond/Fixed Income Funds,לא,USD,258343.017905568,3.306,1717.0,14664.58824,0.092%,5.395%,0.139%
170,12177,Bradesco Global Funds,549300Y3UTFF23YFKX17,LEI,BRADESCO GL-BRAZ FIX IN-ZUSD,LU0678340976,ISIN,"אג""ח קונצרני","חו""ל",ברזיל,סחיר,אחר,Bond/Fixed Income Funds,לא,USD,12330.007672766,3.306,10305.42,4200.79891,0.544%,1.545%,0.040%
170,12177,JPM,2711006,"מספר תאגיד או שותפות בחו""ל",JP Morgan Liquidity Dollar,X9X9USD02A31,ISIN,אחר,"חו""ל","ארה""ב",סחיר,אחר,Currency Funds,לא,USD,2405967.91364292,3.306,100.0,7954.12992,0.000%,2.926%,0.075%
170,12177,Bny Mellon,5493002R50XIFVT6GZ76,LEI,קרן כספית בחול דולר בוני,X9X9USD02H26,ISIN,אחר,"חו""ל","ארה""ב",סחיר,אחר,Currency Funds,לא,USD,4811935.70792471,3.306,100.0,15908.25945,0.000%,5.852%,0.150%
170,12177,HSBC,2138003LGUAH7HJRAX59,LEI,HSBC USD Liquidity CLS F,X9X9USD057B8,ISIN,אחר,"חו""ל","ארה""ב",סחיר,אחר,Currency Funds,לא,USD,3608951.8912351,3.306,100.0,11931.19495,0.000%,4.389%,0.113%
170,12177,State Street,549300RXPU93JTVN0I93,LEI,State Street USD LIQ LVNAV,X9X9USD02K21,ISIN,אחר,"חו""ל","ארה""ב",סחיר,אחר,Currency Funds,לא,USD,1202983.74059562,3.306,100.0,3977.06424,0.000%,1.463%,0.038%
170,12177,Goldman Sachs,549300NHQGC72RX55X16,LEI,GS EURO LIQ RES-INST ACC T,IE00B96CNN65,ISIN,אחר,"חו""ל",אירלנד,סחיר,אחר,Currency Funds,לא,EUR,123.882152709,3.8807,1051358.0,5054.39801,0.005%,1.859%,0.048%
170,12177,JPM,2711006,"מספר תאגיד או שותפות בחו""ל",JP Morgan Liquidity GBP,X9X9GBP00L41,ISIN,אחר,"חו""ל",בריטניה,סחיר,אחר,Currency Funds,לא,GBP,96184.621031262,4.4409,100.0,427.14627,0.000%,0.157%,0.004%
170,9656,Nomura Asset Management UK Ltd,5493000T0Y0IDUR33L28,LEI,NOMURA-US HIGH YLD BD-I USD,IE00B3RW8498,ISIN,"אג""ח קונצרני","חו""ל","ארה""ב",סחיר,אחר,Bond/Fixed Income Funds,לא,USD,14683.71171096,3.306,43065.06,20905.65385,0.136%,8.670%,0.321%
170,9656,UBAM,222100EBRBRHM6KWLU25,LEI,UBAM-GLB HI YLD SO EX DU-ICU,LU2051741416,ISIN,"אג""ח קונצרני","חו""ל","ארה""ב",סחיר,אחר,Bond/Fixed Income Funds,לא,USD,34623.524773003,3.306,12321.0,14103.27859,0.322%,5.849%,0.216%
170,9656,Schroder Investment Management,FDQ3U0BX0ZTSLH0GBR19,LEI,SCHRODER ISF EU HIGH YD-IZEU,LU1496798478,ISIN,"אג""ח קונצרני","חו""ל","ארה""ב",סחיר,אחר,Bond/Fixed Income Funds,לא,EUR,13765.979729025,3.8807,19648.95,10496.79085,0.096%,4.353%,0.161%
170,9656,Invesco,549300HQ8IBAX0TXDL49,LEI,INVESCO US SENIOR LOAN-G,LU0564079282,ISIN,"אג""ח קונצרני","חו""ל","ארה""ב",סחיר,אחר,Bond/Fixed Income Funds,לא,USD,11888.800675067,3.306,19478.0,7655.70617,0.040%,3.175%,0.118%
170,9656,Credit Suisse,54930077MN2BBHNFZQ03,LEI,UBSNV LX GBL SEN LN FN-MBUSD,LU0635707705,ISIN,"אג""ח קונצרני","חו""ל","ארה""ב",סחיר,אחר,Bond/Fixed Income Funds,לא,USD,2794.911035893,3.306,188977.0,17461.42923,0.159%,7.242%,0.268%
170,9656,CIFC Asset Management,549300NEMRCSGL23FU27,LEI,CIFCLF5 KY Equity,KYG2139S1194,ISIN,"אג""ח קונצרני","חו""ל","ארה""ב",סחיר,אחר,Bond/Fixed Income Funds,לא,USD,1877.179053958,3.306,177135.055,10992.91995,0.000%,4.559%,0.169%
170,9656,Neuberger,54930003X66WAS12MV11,LEI,NB CLO INCOME-USDI4ACC,IE000VVY08O6,ISIN,"אג""ח קונצרני","חו""ל","ארה""ב",סחיר,אחר,Bond/Fixed Income Funds,לא,USD,196060.923413392,3.306,1180.0,7648.49347,0.150%,3.172%,0.117%
170,9656,ICG EUROPN SENIOR LOAN-AEURA,549300OGASR5WRKJ8R68,LEI,ICG EUROPN SENIOR LOAN-AEURA,IE00BYXGJT42,ISIN,"אג""ח קונצרני","חו""ל",אירלנד,סחיר,אחר,Bond/Fixed Income Funds,לא,EUR,20023.243242219,3.8807,13688.0,10636.1509,0.372%,4.411%,0.163%
170,9656,Pimco,51AMXMBYJTZWXA4L4L83,LEI,PIMCO GIS-EMERGING MKT INS A,IE0030759645,ISIN,"אג""ח קונצרני","חו""ל",Emerging Markets - Asia,סחיר,אחר,Bond/Fixed Income Funds,לא,USD,76755.765761838,3.306,6152.0,15610.98063,0.085%,6.475%,0.240%
170,9656,MONEDA,549300H8QJOIP08BIM28,LEI,MON LUX SIC-LAT CORP CF-IUA,LU2240476817,ISIN,"אג""ח קונצרני","חו""ל",לוכסמבורג,סחיר,אחר,Bond/Fixed Income Funds,לא,USD,11388.219594012,3.306,12139.0,4570.26722,0.461%,1.895%,0.070%
170,9656,Marketfield Gerge Town SPC,549300TUMDQAY0LJ6X75,LEI,ION GEORG TOWN FND OFFS SP-I,KYG582251891,ISIN,מניות,"חו""ל","ארה""ב",סחיר,אחר,Equity Funds,לא,USD,61.775443098,3.306,153831.0,314.16846,0.182%,0.130%,0.005%
170,9656,KBI Global Energy Transition Fund,635400UCQYVGO94KDT51,LEI,KBI GLB ENRG TRANS FUND-AUSA,IE00BNGJJ156,ISIN,מניות,"חו""ל","ארה""ב",סחיר,אחר,Equity Funds,לא,USD,60976.883704479,3.306,1118.6,2254.98101,0.069%,0.935%,0.035%
170,9656,TRIGON,529900TCN22XTOQUBM95,LEI,TRIGON-NEW EUROPE-A EUR,LU1687402393,ISIN,מניות,"חו""ל","Emerging Markets - Euope, Middle East & Africa",סחיר,אחר,Equity Funds,לא,EUR,1811.325581707,3.8807,24269.0,1705.91926,0.090%,0.708%,0.026%
170,9656,BlackRock Asset Management Ireland Ltd,549300KVUUD24TDB4E13,LEI,ISHR EU EX-UK IND-D ACC E,IE00BD0NCR01,ISIN,מניות,"חו""ל",אירופה,סחיר,אחר,Equity Funds,לא,EUR,357767.215371623,3.8807,1869.7,25958.67609,0.232%,10.766%,0.398%
170,9656,Artemis,QXLNS35572JXFT415E26,LEI,ARTEMIS UK SELECT FUND-INS A,GB00B2PLJG05,ISIN,מניות,"חו""ל",בריטניה,סחיר,אחר,Equity Funds,לא,GBP,45767.814851242,4.4409,1310.29,2663.16821,0.015%,1.105%,0.041%
170,9656,Tokio Marine Asset Management,5299009QN2NZ191KLS29,LEI,TOKIO MARINE-JPN EQ FOCUS-G,IE00B4100S42,ISIN,מניות,"חו""ל",יפן,סחיר,אחר,Equity Funds,לא,USD,1492.550941212,3.306,25961.58,1281.0413,0.210%,0.531%,0.020%
170,9656,Sparx,635400BTSWMY84SXPB33,LEI,SPARX JAPAN FUND PLC-JPYIE,IE00BF29SZ08,ISIN,מניות,"חו""ל",יפן,סחיר,אחר,Equity Funds,לא,JPY,5911.469068076,0.022332,2172400.0,2867.89228,0.070%,1.189%,0.044%
170,9656,AMUNDI,529900SQFJZNLOBO8Z15,LEI,AMUNDI-EMER MKT EQ F-QI8USD,LU0906530919,ISIN,מניות,"חו""ל",Emerging Markets - Asia,סחיר,אחר,Equity Funds,לא,USD,620.572118083,3.306,157890.0,3239.28927,0.030%,1.343%,0.050%
170,9656,ASHOKA INDIA OPPORT FD-D USD,213800M3HXZ3RG189568,LEI,AWI-ASH WO INDIA OPP FD-DUSD,IE00BH3N4915,ISIN,מניות,"חו""ל",הודו,סחיר,אחר,Equity Funds,לא,USD,1724.034334752,3.306,26009.0,1482.42392,0.021%,0.615%,0.023%
170,9656,JO Hambro Capital Management,549300Z6XIGO3AQS2G83,LEI,PP IN SEICAV-JOHCM GLMKO-AGB,IE00B4M6CN00,ISIN,מניות,"חו""ל",Emerging Markets - Asia,סחיר,אחר,Equity Funds,לא,USD,272212.867306088,3.306,153.5,1381.40136,0.123%,0.573%,0.021%
170,9656,Investec Global Strategy,213800E93ELJ4W3LRN82,LEI,NTYONGSF-GL NA R - I ACC USD,LU0345781172,ISIN,מניות,"חו""ל",גלובלי,סחיר,אחר,Commodity Funds,לא,USD,19006.965062719,3.306,2383.0,1497.40634,0.054%,0.621%,0.023%
170,9656,BlueBox Global Technology Fund,549300Q3ZDD326K9N105,LEI,BLUEBOX GLOBAL TEC FD-I USDA,LU1793346666,ISIN,מניות,"חו""ל","ארה""ב",סחיר,אחר,Equity Funds,לא,USD,194.661505174,3.306,229896.0,1479.49786,0.022%,0.614%,0.023%
170,9656,THREADNEEDLE,549300L2D2ETS27INO14,LEI,CTLX GBL TECH IU USD,LU0444972805,ISIN,מניות,"חו""ל","ארה""ב",סחיר,אחר,Equity Funds,לא,USD,15465.439730335,3.306,3109.04,1589.61309,0.040%,0.659%,0.024%
170,9656,Janus Henderson,213800AV3O5CVAEQM982,LEI,JAN HND HRZN BIOTECH-GU2 USD,LU2900274973,ISIN,מניות,"חו""ל","ארה""ב",סחיר,אחר,Equity Funds,לא,USD,24952.634521118,3.306,2488.0,2052.43603,0.100%,0.851%,0.032%
170,9656,Pimco,J1L21SK0XQM5UHF1OK52,LEI,PIMCO-EMRG LCL BD-USDINS-ACC,IE00B29K0P99,ISIN,"אג""ח קונצרני","חו""ל",אירלנד,סחיר,אחר,Bond/Fixed Income Funds,לא,USD,183546.396387005,3.306,1717.0,10418.83132,0.065%,4.321%,0.160%
170,9656,Bradesco Global Funds,549300Y3UTFF23YFKX17,LEI,BRADESCO GL-BRAZ FIX IN-ZUSD,LU0678340976,ISIN,"אג""ח קונצרני","חו""ל",ברזיל,סחיר,אחר,Bond/Fixed Income Funds,לא,USD,8760.168918471,3.306,10305.42,2984.56489,0.386%,1.238%,0.046%
170,9656,JPM,2711006,"מספר תאגיד או שותפות בחו""ל",JP Morgan Liquidity Dollar,X9X9USD02A31,ISIN,אחר,"חו""ל","ארה""ב",סחיר,אחר,Currency Funds,לא,USD,3432438.87593293,3.306,100.0,11347.64291,0.000%,4.706%,0.174%
170,9656,Bny Mellon,5493002R50XIFVT6GZ76,LEI,קרן כספית בחול דולר בוני,X9X9USD02H26,ISIN,אחר,"חו""ל","ארה""ב",סחיר,אחר,Currency Funds,לא,USD,6864877.78115371,3.306,100.0,22695.28594,0.000%,9.413%,0.348%
170,9656,HSBC,2138003LGUAH7HJRAX59,LEI,HSBC USD Liquidity CLS F,X9X9USD057B8,ISIN,אחר,"חו""ל","ארה""ב",סחיר,אחר,Currency Funds,לא,USD,5148658.31861692,3.306,100.0,17021.4644,0.000%,7.060%,0.261%
170,9656,State Street,549300RXPU93JTVN0I93,LEI,State Street USD LIQ LVNAV,X9X9USD02K21,ISIN,אחר,"חו""ל","ארה""ב",סחיר,אחר,Currency Funds,לא,USD,1716219.3999231,3.306,100.0,5673.82133,0.000%,2.353%,0.087%
170,9656,Goldman Sachs,549300NHQGC72RX55X16,LEI,GS EURO LIQ RES-INST ACC T,IE00B96CNN65,ISIN,אחר,"חו""ל",אירלנד,סחיר,אחר,Currency Funds,לא,EUR,20.08378892,3.8807,1051358.0,819.41959,0.001%,0.340%,0.013%
170,9656,JPM,2711006,"מספר תאגיד או שותפות בחו""ל",JP Morgan Liquidity GBP,X9X9GBP00L41,ISIN,אחר,"חו""ל",בריטניה,סחיר,אחר,Currency Funds,לא,GBP,67966.780309516,4.4409,100.0,301.83367,0.000%,0.125%,0.005%
170,9648,Nomura Asset Management UK Ltd,5493000T0Y0IDUR33L28,LEI,NOMURA-US HIGH YLD BD-I USD,IE00B3RW8498,ISIN,"אג""ח קונצרני","חו""ל","ארה""ב",סחיר,אחר,Bond/Fixed Income Funds,לא,USD,1330.75939748,3.306,43065.06,1894.64325,0.012%,14.450%,0.527%
170,9648,UBAM,222100EBRBRHM6KWLU25,LEI,UBAM-GLB HI YLD SO EX DU-ICU,LU2051741416,ISIN,"אג""ח קונצרני","חו""ל","ארה""ב",סחיר,אחר,Bond/Fixed Income Funds,לא,USD,3137.870170193,3.306,12321.0,1278.15575,0.029%,9.748%,0.356%
170,9648,Schroder Investment Management,FDQ3U0BX0ZTSLH0GBR19,LEI,SCHRODER ISF EU HIGH YD-IZEU,LU1496798478,ISIN,"אג""ח קונצרני","חו""ל","ארה""ב",סחיר,אחר,Bond/Fixed Income Funds,לא,EUR,1247.586935137,3.8807,19648.95,951.306,0.009%,7.255%,0.265%
170,9648,Invesco,549300HQ8IBAX0TXDL49,LEI,INVESCO US SENIOR LOAN-G,LU0564079282,ISIN,"אג""ח קונצרני","חו""ל","ארה""ב",סחיר,אחר,Bond/Fixed Income Funds,לא,USD,1077.461443982,3.306,19478.0,693.82341,0.004%,5.292%,0.193%
170,9648,Credit Suisse,54930077MN2BBHNFZQ03,LEI,UBSNV LX GBL SEN LN FN-MBUSD,LU0635707705,ISIN,"אג""ח קונצרני","חו""ל","ארה""ב",סחיר,אחר,Bond/Fixed Income Funds,לא,USD,253.297953498,3.306,188977.0,1582.49913,0.014%,12.069%,0.440%
170,9648,CIFC Asset Management,549300NEMRCSGL23FU27,LEI,CIFCLF5 KY Equity,KYG2139S1194,ISIN,"אג""ח קונצרני","חו""ל","ארה""ב",סחיר,אחר,Bond/Fixed Income Funds,לא,USD,170.125491155,3.306,177135.055,996.26932,0.000%,7.598%,0.277%
170,9648,Neuberger,54930003X66WAS12MV11,LEI,NB CLO INCOME-USDI4ACC,IE000VVY08O6,ISIN,"אג""ח קונצרני","חו""ל","ארה""ב",סחיר,אחר,Bond/Fixed Income Funds,לא,USD,17768.662409529,3.306,1180.0,693.16974,0.014%,5.287%,0.193%
170,9648,ICG EUROPN SENIOR LOAN-AEURA,549300OGASR5WRKJ8R68,LEI,ICG EUROPN SENIOR LOAN-AEURA,IE00BYXGJT42,ISIN,"אג""ח קונצרני","חו""ל",אירלנד,סחיר,אחר,Bond/Fixed Income Funds,לא,EUR,1814.671905654,3.8807,13688.0,963.93596,0.034%,7.352%,0.268%
170,9648,Pimco,51AMXMBYJTZWXA4L4L83,LEI,PIMCO GIS-EMERGING MKT INS A,IE0030759645,ISIN,"אג""ח קונצרני","חו""ל",Emerging Markets - Asia,סחיר,אחר,Bond/Fixed Income Funds,לא,USD,6956.242305007,3.306,6152.0,1414.79618,0.008%,10.790%,0.394%
170,9648,MONEDA,549300H8QJOIP08BIM28,LEI,MON LUX SIC-LAT CORP CF-IUA,LU2240476817,ISIN,"אג""ח קונצרני","חו""ל",לוכסמבורג,סחיר,אחר,Bond/Fixed Income Funds,לא,USD,1032.094646341,3.306,12139.0,414.19541,0.042%,3.159%,0.115%
170,9648,Marketfield Gerge Town SPC,549300TUMDQAY0LJ6X75,LEI,ION GEORG TOWN FND OFFS SP-I,KYG582251891,ISIN,מניות,"חו""ל","ארה""ב",סחיר,אחר,Equity Funds,לא,USD,0.000388645,3.306,153831.0,0.00198,0.000%,0.000%,0.000%
170,9648,KBI Global Energy Transition Fund,635400UCQYVGO94KDT51,LEI,KBI GLB ENRG TRANS FUND-AUSA,IE00BNGJJ156,ISIN,מניות,"חו""ל","ארה""ב",סחיר,אחר,Equity Funds,לא,USD,0.383621506,3.306,1118.6,0.01419,0.000%,0.000%,0.000%
170,9648,TRIGON,529900TCN22XTOQUBM95,LEI,TRIGON-NEW EUROPE-A EUR,LU1687402393,ISIN,מניות,"חו""ל","Emerging Markets - Euope, Middle East & Africa",סחיר,אחר,Equity Funds,לא,EUR,0.011395522,3.8807,24269.0,0.01073,0.000%,0.000%,0.000%
170,9648,BlackRock Asset Management Ireland Ltd,549300KVUUD24TDB4E13,LEI,ISHR EU EX-UK IND-D ACC E,IE00BD0NCR01,ISIN,מניות,"חו""ל",אירופה,סחיר,אחר,Equity Funds,לא,EUR,2.250807022,3.8807,1869.7,0.16331,0.000%,0.001%,0.000%
170,9648,Artemis,QXLNS35572JXFT415E26,LEI,ARTEMIS UK SELECT FUND-INS A,GB00B2PLJG05,ISIN,מניות,"חו""ל",בריטניה,סחיר,אחר,Equity Funds,לא,GBP,0.287937281,4.4409,1310.29,0.01675,0.000%,0.000%,0.000%
170,9648,Tokio Marine Asset Management,5299009QN2NZ191KLS29,LEI,TOKIO MARINE-JPN EQ FOCUS-G,IE00B4100S42,ISIN,מניות,"חו""ל",יפן,סחיר,אחר,Equity Funds,לא,USD,0.009390028,3.306,25961.58,0.00806,0.000%,0.000%,0.000%
170,9648,Sparx,635400BTSWMY84SXPB33,LEI,SPARX JAPAN FUND PLC-JPYIE,IE00BF29SZ08,ISIN,מניות,"חו""ל",יפן,סחיר,אחר,Equity Funds,לא,JPY,0.037190596,0.022332,2172400.0,0.01804,0.000%,0.000%,0.000%
170,9648,AMUNDI,529900SQFJZNLOBO8Z15,LEI,AMUNDI-EMER MKT EQ F-QI8USD,LU0906530919,ISIN,מניות,"חו""ל",Emerging Markets - Asia,סחיר,אחר,Equity Funds,לא,USD,0.003904181,3.306,157890.0,0.02038,0.000%,0.000%,0.000%
170,9648,ASHOKA INDIA OPPORT FD-D USD,213800M3HXZ3RG189568,LEI,AWI-ASH WO INDIA OPP FD-DUSD,IE00BH3N4915,ISIN,מניות,"חו""ל",הודו,סחיר,אחר,Equity Funds,לא,USD,0.01084635,3.306,26009.0,0.00933,0.000%,0.000%,0.000%
170,9648,JO Hambro Capital Management,549300Z6XIGO3AQS2G83,LEI,PP IN SEICAV-JOHCM GLMKO-AGB,IE00B4M6CN00,ISIN,מניות,"חו""ל",Emerging Markets - Asia,סחיר,אחר,Equity Funds,לא,USD,1.712562267,3.306,153.5,0.00869,0.000%,0.000%,0.000%
170,9648,Investec Global Strategy,213800E93ELJ4W3LRN82,LEI,NTYONGSF-GL NA R - I ACC USD,LU0345781172,ISIN,מניות,"חו""ל",גלובלי,סחיר,אחר,Commodity Funds,לא,USD,0.119577783,3.306,2383.0,0.00942,0.000%,0.000%,0.000%
170,9648,BlueBox Global Technology Fund,549300Q3ZDD326K9N105,LEI,BLUEBOX GLOBAL TEC FD-I USDA,LU1793346666,ISIN,מניות,"חו""ל","ארה""ב",סחיר,אחר,Equity Funds,לא,USD,0.001224666,3.306,229896.0,0.00931,0.000%,0.000%,0.000%
170,9648,THREADNEEDLE,549300L2D2ETS27INO14,LEI,CTLX GBL TECH IU USD,LU0444972805,ISIN,מניות,"חו""ל","ארה""ב",סחיר,אחר,Equity Funds,לא,USD,0.097297122,3.306,3109.04,0.01,0.000%,0.000%,0.000%
170,9648,Janus Henderson,213800AV3O5CVAEQM982,LEI,JAN HND HRZN BIOTECH-GU2 USD,LU2900274973,ISIN,מניות,"חו""ל","ארה""ב",סחיר,אחר,Equity Funds,לא,USD,0.156983543,3.306,2488.0,0.01291,0.000%,0.000%,0.000%
170,9648,Pimco,J1L21SK0XQM5UHF1OK52,LEI,PIMCO-EMRG LCL BD-USDINS-ACC,IE00B29K0P99,ISIN,"אג""ח קונצרני","חו""ל",אירלנד,סחיר,אחר,Bond/Fixed Income Funds,לא,USD,16634.492468495,3.306,1717.0,944.24066,0.006%,7.202%,0.263%
170,9648,Bradesco Global Funds,549300Y3UTFF23YFKX17,LEI,BRADESCO GL-BRAZ FIX IN-ZUSD,LU0678340976,ISIN,"אג""ח קונצרני","חו""ל",ברזיל,סחיר,אחר,Bond/Fixed Income Funds,לא,USD,793.918958724,3.306,10305.42,270.48595,0.035%,2.063%,0.075%
170,9648,JPM,2711006,"מספר תאגיד או שותפות בחו""ל",JP Morgan Liquidity Dollar,X9X9USD02A31,ISIN,אחר,"חו""ל","ארה""ב",סחיר,אחר,Currency Funds,לא,USD,54274.278108855,3.306,100.0,179.43075,0.000%,1.368%,0.050%
170,9648,Bny Mellon,5493002R50XIFVT6GZ76,LEI,קרן כספית בחול דולר בוני,X9X9USD02H26,ISIN,אחר,"חו""ל","ארה""ב",סחיר,אחר,Currency Funds,לא,USD,108548.706709208,3.306,100.0,358.86202,0.000%,2.737%,0.100%
170,9648,HSBC,2138003LGUAH7HJRAX59,LEI,HSBC USD Liquidity CLS F,X9X9USD057B8,ISIN,אחר,"חו""ל","ארה""ב",סחיר,אחר,Currency Funds,לא,USD,81411.462465737,3.306,100.0,269.14629,0.000%,2.053%,0.075%
170,9648,State Street,549300RXPU93JTVN0I93,LEI,State Street USD LIQ LVNAV,X9X9USD02K21,ISIN,אחר,"חו""ל","ארה""ב",סחיר,אחר,Currency Funds,לא,USD,27137.803978897,3.306,100.0,89.71757,0.000%,0.684%,0.025%
170,9648,Goldman Sachs,549300NHQGC72RX55X16,LEI,GS EURO LIQ RES-INST ACC T,IE00B96CNN65,ISIN,אחר,"חו""ל",אירלנד,סחיר,אחר,Currency Funds,לא,EUR,2.339954772,3.8807,1051358.0,95.47026,0.000%,0.728%,0.027%
170,9648,JPM,2711006,"מספר תאגיד או שותפות בחו""ל",JP Morgan Liquidity GBP,X9X9GBP00L41,ISIN,אחר,"חו""ל",בריטניה,סחיר,אחר,Currency Funds,לא,GBP,4762.523809485,4.4409,100.0,21.14988,0.000%,0.161%,0.006%
170,2004,JPM,2711006,"מספר תאגיד או שותפות בחו""ל",JP Morgan Liquidity Dollar,X9X9USD02A31,ISIN,אחר,"חו""ל","ארה""ב",סחיר,אחר,Currency Funds,לא,USD,356976.75,3.306,100.0,1180.16513,0.000%,15.122%,0.137%
170,2004,Bny Mellon,5493002R50XIFVT6GZ76,LEI,קרן כספית בחול דולר בוני,X9X9USD02H26,ISIN,אחר,"חו""ל","ארה""ב",סחיר,אחר,Currency Funds,לא,USD,713953.66,3.306,100.0,2360.33079,0.000%,30.243%,0.274%
170,2004,HSBC,2138003LGUAH7HJRAX59,LEI,HSBC USD Liquidity CLS F,X9X9USD057B8,ISIN,אחר,"חו""ל","ארה""ב",סחיר,אחר,Currency Funds,לא,USD,535465.2,3.306,100.0,1770.24795,0.000%,22.683%,0.205%
170,2004,State Street,549300RXPU93JTVN0I93,LEI,State Street USD LIQ LVNAV,X9X9USD02K21,ISIN,אחר,"חו""ל","ארה""ב",סחיר,אחר,Currency Funds,לא,USD,178488.84,3.306,100.0,590.0841,0.000%,7.561%,0.068%
170,2004,Goldman Sachs,549300NHQGC72RX55X16,LEI,GS EURO LIQ RES-INST ACC T,IE00B96CNN65,ISIN,אחר,"חו""ל",אירלנד,סחיר,אחר,Currency Funds,לא,EUR,3.93,3.8807,1051358.0,160.34419,0.000%,2.055%,0.019%
170,2004,JPM,2711006,"מספר תאגיד או שותפות בחו""ל",JP Morgan Liquidity GBP,X9X9GBP00L41,ISIN,אחר,"חו""ל",בריטניה,סחיר,אחר,Currency Funds,לא,GBP,392551.36,4.4409,100.0,1743.28133,0.000%,22.337%,0.202%
170,12176,JPM,2711006,"מספר תאגיד או שותפות בחו""ל",JP Morgan Liquidity Dollar,X9X9USD02A31,ISIN,אחר,"חו""ל","ארה""ב",סחיר,אחר,Currency Funds,לא,USD,5374.23,3.306,100.0,17.7672,0.000%,7.245%,0.025%
170,12176,Bny Mellon,5493002R50XIFVT6GZ76,LEI,קרן כספית בחול דולר בוני,X9X9USD02H26,ISIN,אחר,"חו""ל","ארה""ב",סחיר,אחר,Currency Funds,לא,USD,10748.65,3.306,100.0,35.53503,0.000%,14.490%,0.050%
170,12176,HSBC,2138003LGUAH7HJRAX59,LEI,HSBC USD Liquidity CLS F,X9X9USD057B8,ISIN,אחר,"חו""ל","ארה""ב",סחיר,אחר,Currency Funds,לא,USD,8061.38,3.306,100.0,26.65092,0.000%,10.868%,0.037%
170,12176,State Street,549300RXPU93JTVN0I93,LEI,State Street USD LIQ LVNAV,X9X9USD02K21,ISIN,אחר,"חו""ל","ארה""ב",סחיר,אחר,Currency Funds,לא,USD,2687.67,3.306,100.0,8.88543,0.000%,3.623%,0.012%
170,12176,Goldman Sachs,549300NHQGC72RX55X16,LEI,GS EURO LIQ RES-INST ACC T,IE00B96CNN65,ISIN,אחר,"חו""ל",אירלנד,סחיר,אחר,Currency Funds,לא,EUR,1.25,3.8807,1051358.0,51.00006,0.000%,20.796%,0.071%
170,12176,JPM,2711006,"מספר תאגיד או שותפות בחו""ל",JP Morgan Liquidity GBP,X9X9GBP00L41,ISIN,אחר,"חו""ל",בריטניה,סחיר,אחר,Currency Funds,לא,GBP,23733.06,4.4409,100.0,105.39614,0.000%,42.978%,0.147%
170,2205,JPM,2711006,"מספר תאגיד או שותפות בחו""ל",JP Morgan Liquidity Dollar,X9X9USD02A31,ISIN,אחר,"חו""ל","ארה""ב",סחיר,אחר,Currency Funds,לא,USD,10118.07,3.306,100.0,33.45033,0.000%,19.902%,0.001%
170,2205,Bny Mellon,5493002R50XIFVT6GZ76,LEI,קרן כספית בחול דולר בוני,X9X9USD02H26,ISIN,אחר,"חו""ל","ארה""ב",סחיר,אחר,Currency Funds,לא,USD,20236.38,3.306,100.0,66.90147,0.000%,39.804%,0.003%
170,2205,HSBC,2138003LGUAH7HJRAX59,LEI,HSBC USD Liquidity CLS F,X9X9USD057B8,ISIN,אחר,"חו""ל","ארה""ב",סחיר,אחר,Currency Funds,לא,USD,15177.22,3.306,100.0,50.17588,0.000%,29.853%,0.002%
170,2205,State Street,549300RXPU93JTVN0I93,LEI,State Street USD LIQ LVNAV,X9X9USD02K21,ISIN,אחר,"חו""ל","ארה""ב",סחיר,אחר,Currency Funds,לא,USD,5059.84,3.306,100.0,16.72783,0.000%,9.953%,0.001%
170,2205,Goldman Sachs,549300NHQGC72RX55X16,LEI,GS EURO LIQ RES-INST ACC T,IE00B96CNN65,ISIN,אחר,"חו""ל",אירלנד,סחיר,אחר,Currency Funds,לא,EUR,0.02,3.8807,1051358.0,0.816,0.000%,0.485%,0.000%
170,2205,JPM,2711006,"מספר תאגיד או שותפות בחו""ל",JP Morgan Liquidity GBP,X9X9GBP00L41,ISIN,אחר,"חו""ל",בריטניה,סחיר,אחר,Currency Funds,לא,GBP,1.06,4.4409,100.0,0.0047,0.000%,0.003%,0.000%
170,14232,JPM,2711006,"מספר תאגיד או שותפות בחו""ל",JP Morgan Liquidity Dollar,X9X9USD02A31,ISIN,אחר,"חו""ל","ארה""ב",סחיר,אחר,Currency Funds,לא,USD,107.43,3.306,100.0,0.35516,0.000%,19.991%,0.000%
170,14232,Bny Mellon,5493002R50XIFVT6GZ76,LEI,קרן כספית בחול דולר בוני,X9X9USD02H26,ISIN,אחר,"חו""ל","ארה""ב",סחיר,אחר,Currency Funds,לא,USD,214.92,3.306,100.0,0.71052,0.000%,39.994%,0.000%
170,14232,HSBC,2138003LGUAH7HJRAX59,LEI,HSBC USD Liquidity CLS F,X9X9USD057B8,ISIN,אחר,"חו""ל","ארה""ב",סחיר,אחר,Currency Funds,לא,USD,161.1,3.306,100.0,0.53259,0.000%,29.979%,0.000%
170,14232,State Street,549300RXPU93JTVN0I93,LEI,State Street USD LIQ LVNAV,X9X9USD02K21,ISIN,אחר,"חו""ל","ארה""ב",סחיר,אחר,Currency Funds,לא,USD,53.93,3.306,100.0,0.17829,0.000%,10.036%,0.000%
170,15433,,,,,,,,,,,,,,,,,,0.0,,,
170,15432,,,,,,,,,,,,,,,,,,0.0,,,
170,15092,,,,,,,,,,,,,,,,,,0.0,,,
170,14233,,,,,,,,,,,,,,,,,,0.0,,,
170,13347,,,,,,,,,,,,,,,,,,0.0,,,
170,13213,,,,,,,,,,,,,,,,,,0.0,,,
170,9650,,,,,,,,,,,,,,,,,,0.0,,,
170,9649,,,,,,,,,,,,,,,,,,0.0,,,
667,9633,Nomura Asset Management UK Ltd,5493000T0Y0IDUR33L28,LEI,NOMURA-US HIGH YLD BD-I USD,IE00B3RW8498,ISIN,"אג""ח קונצרני","חו""ל","ארה""ב",סחיר,אחר,Bond/Fixed Income Funds,לא,USD,3244.657235613,3.306,43065.06,4619.51871,0.030%,5.334%,0.259%
667,9633,UBAM,222100EBRBRHM6KWLU25,LEI,UBAM-GLB HI YLD SO EX DU-ICU,LU2051741416,ISIN,"אג""ח קונצרני","חו""ל","ארה""ב",סחיר,אחר,Bond/Fixed Income Funds,לא,USD,7650.754277156,3.306,12321.0,3116.39903,0.071%,3.598%,0.175%
667,9633,Schroder Investment Management,FDQ3U0BX0ZTSLH0GBR19,LEI,SCHRODER ISF EU HIGH YD-IZEU,LU1496798478,ISIN,"אג""ח קונצרני","חו""ל","ארה""ב",סחיר,אחר,Bond/Fixed Income Funds,לא,EUR,3041.866158387,3.8807,19648.95,2319.47406,0.021%,2.678%,0.130%
667,9633,Invesco,549300HQ8IBAX0TXDL49,LEI,INVESCO US SENIOR LOAN-G,LU0564079282,ISIN,"אג""ח קונצרני","חו""ל","ארה""ב",סחיר,אחר,Bond/Fixed Income Funds,לא,USD,2627.066227698,3.306,19478.0,1691.68007,0.009%,1.953%,0.095%
667,9633,Credit Suisse,54930077MN2BBHNFZQ03,LEI,UBSNV LX GBL SEN LN FN-MBUSD,LU0635707705,ISIN,"אג""ח קונצרני","חו""ל","ארה""ב",סחיר,אחר,Bond/Fixed Income Funds,לא,USD,617.591007915,3.306,188977.0,3858.44899,0.035%,4.455%,0.216%
667,9633,CIFC Asset Management,549300NEMRCSGL23FU27,LEI,CIFCLF5 KY Equity,KYG2139S1194,ISIN,"אג""ח קונצרני","חו""ל","ארה""ב",סחיר,אחר,Bond/Fixed Income Funds,לא,USD,414.799930689,3.306,177135.055,2429.10362,0.000%,2.805%,0.136%
667,9633,Neuberger,54930003X66WAS12MV11,LEI,NB CLO INCOME-USDI4ACC,IE000VVY08O6,ISIN,"אג""ח קונצרני","חו""ל","ארה""ב",סחיר,אחר,Bond/Fixed Income Funds,לא,USD,43323.548316428,3.306,1180.0,1690.08628,0.033%,1.951%,0.095%
667,9633,ICG EUROPN SENIOR LOAN-AEURA,549300OGASR5WRKJ8R68,LEI,ICG EUROPN SENIOR LOAN-AEURA,IE00BYXGJT42,ISIN,"אג""ח קונצרני","חו""ל",אירלנד,סחיר,אחר,Bond/Fixed Income Funds,לא,EUR,4424.532594018,3.8807,13688.0,2350.26842,0.082%,2.714%,0.132%
667,9633,Pimco,51AMXMBYJTZWXA4L4L83,LEI,PIMCO GIS-EMERGING MKT INS A,IE0030759645,ISIN,"אג""ח קונצרני","חו""ל",Emerging Markets - Asia,סחיר,אחר,Bond/Fixed Income Funds,לא,USD,16960.70827707,3.306,6152.0,3449.55569,0.019%,3.983%,0.193%
667,9633,MONEDA,549300H8QJOIP08BIM28,LEI,MON LUX SIC-LAT CORP CF-IUA,LU2240476817,ISIN,"אג""ח קונצרני","חו""ל",לוכסמבורג,סחיר,אחר,Bond/Fixed Income Funds,לא,USD,2516.452912848,3.306,12139.0,1009.89116,0.102%,1.166%,0.057%
667,9633,Marketfield Gerge Town SPC,549300TUMDQAY0LJ6X75,LEI,ION GEORG TOWN FND OFFS SP-I,KYG582251891,ISIN,מניות,"חו""ל","ארה""ב",סחיר,אחר,Equity Funds,לא,USD,32.375145453,3.306,153831.0,164.64875,0.095%,0.190%,0.009%
667,9633,KBI Global Energy Transition Fund,635400UCQYVGO94KDT51,LEI,KBI GLB ENRG TRANS FUND-AUSA,IE00BNGJJ156,ISIN,מניות,"חו""ל","ארה""ב",סחיר,אחר,Equity Funds,לא,USD,31956.638110586,3.306,1118.6,1181.78575,0.036%,1.364%,0.066%
667,9633,TRIGON,529900TCN22XTOQUBM95,LEI,TRIGON-NEW EUROPE-A EUR,LU1687402393,ISIN,מניות,"חו""ל","Emerging Markets - Euope, Middle East & Africa",סחיר,אחר,Equity Funds,לא,EUR,949.275735303,3.8807,24269.0,894.03461,0.047%,1.032%,0.050%
667,9633,BlackRock Asset Management Ireland Ltd,549300KVUUD24TDB4E13,LEI,ISHR EU EX-UK IND-D ACC E,IE00BD0NCR01,ISIN,מניות,"חו""ל",אירופה,סחיר,אחר,Equity Funds,לא,EUR,187497.896495868,3.8807,1869.7,13604.36886,0.121%,15.707%,0.763%
667,9633,Artemis,QXLNS35572JXFT415E26,LEI,ARTEMIS UK SELECT FUND-INS A,GB00B2PLJG05,ISIN,מניות,"חו""ל",בריטניה,סחיר,אחר,Equity Funds,לא,GBP,23985.901008024,4.4409,1310.29,1395.70765,0.008%,1.611%,0.078%
667,9633,Tokio Marine Asset Management,5299009QN2NZ191KLS29,LEI,TOKIO MARINE-JPN EQ FOCUS-G,IE00B4100S42,ISIN,מניות,"חו""ל",יפן,סחיר,אחר,Equity Funds,לא,USD,782.212986172,3.306,25961.58,671.36545,0.110%,0.775%,0.038%
667,9633,Sparx,635400BTSWMY84SXPB33,LEI,SPARX JAPAN FUND PLC-JPYIE,IE00BF29SZ08,ISIN,מניות,"חו""ל",יפן,סחיר,אחר,Equity Funds,לא,JPY,3098.07038723,0.022332,2172400.0,1502.99901,0.037%,1.735%,0.084%
667,9633,AMUNDI,529900SQFJZNLOBO8Z15,LEI,AMUNDI-EMER MKT EQ F-QI8USD,LU0906530919,ISIN,מניות,"חו""ל",Emerging Markets - Asia,סחיר,אחר,Equity Funds,לא,USD,325.228142114,3.306,157890.0,1697.63997,0.016%,1.960%,0.095%
667,9633,ASHOKA INDIA OPPORT FD-D USD,213800M3HXZ3RG189568,LEI,AWI-ASH WO INDIA OPP FD-DUSD,IE00BH3N4915,ISIN,מניות,"חו""ל",הודו,סחיר,אחר,Equity Funds,לא,USD,903.52832055,3.306,26009.0,776.90564,0.011%,0.897%,0.044%
667,9633,JO Hambro Capital Management,549300Z6XIGO3AQS2G83,LEI,PP IN SEICAV-JOHCM GLMKO-AGB,IE00B4M6CN00,ISIN,מניות,"חו""ל",Emerging Markets - Asia,סחיר,אחר,Equity Funds,לא,USD,142660.752092626,3.306,153.5,723.96195,0.064%,0.836%,0.041%
667,9633,Investec Global Strategy,213800E93ELJ4W3LRN82,LEI,NTYONGSF-GL NA R - I ACC USD,LU0345781172,ISIN,מניות,"חו""ל",גלובלי,סחיר,אחר,Commodity Funds,לא,USD,9961.130631627,3.306,2383.0,784.75759,0.028%,0.906%,0.044%
667,9633,BlueBox Global Technology Fund,549300Q3ZDD326K9N105,LEI,BLUEBOX GLOBAL TEC FD-I USDA,LU1793346666,ISIN,מניות,"חו""ל","ארה""ב",סחיר,אחר,Equity Funds,לא,USD,102.017795876,3.306,229896.0,775.37215,0.012%,0.895%,0.043%
667,9633,THREADNEEDLE,549300L2D2ETS27INO14,LEI,CTLX GBL TECH IU USD,LU0444972805,ISIN,מניות,"חו""ל","ארה""ב",סחיר,אחר,Equity Funds,לא,USD,8105.095417448,3.306,3109.04,833.08112,0.021%,0.962%,0.047%
667,9633,Janus Henderson,213800AV3O5CVAEQM982,LEI,JAN HND HRZN BIOTECH-GU2 USD,LU2900274973,ISIN,מניות,"חו""ל","ארה""ב",סחיר,אחר,Equity Funds,לא,USD,13077.12468813,3.306,2488.0,1075.6364,0.052%,1.242%,0.060%
667,9633,Pimco,J1L21SK0XQM5UHF1OK52,LEI,PIMCO-EMRG LCL BD-USDINS-ACC,IE00B29K0P99,ISIN,"אג""ח קונצרני","חו""ל",אירלנד,סחיר,אחר,Bond/Fixed Income Funds,לא,USD,40558.215445166,3.306,1717.0,2302.24735,0.014%,2.658%,0.129%
667,9633,Bradesco Global Funds,549300Y3UTFF23YFKX17,LEI,BRADESCO GL-BRAZ FIX IN-ZUSD,LU0678340976,ISIN,"אג""ח קונצרני","חו""ל",ברזיל,סחיר,אחר,Bond/Fixed Income Funds,לא,USD,1935.733009883,3.306,10305.42,659.49879,0.085%,0.761%,0.037%
667,9633,JPM,2711006,"מספר תאגיד או שותפות בחו""ל",JP Morgan Liquidity Dollar,X9X9USD02A31,ISIN,אחר,"חו""ל","ארה""ב",סחיר,אחר,Currency Funds,לא,USD,1799310.28307164,3.306,100.0,5948.5198,0.000%,6.868%,0.334%
667,9633,Bny Mellon,5493002R50XIFVT6GZ76,LEI,קרן כספית בחול דולר בוני,X9X9USD02H26,ISIN,אחר,"חו""ל","ארה""ב",סחיר,אחר,Currency Funds,לא,USD,3598620.45936709,3.306,100.0,11897.03923,0.000%,13.736%,0.667%
667,9633,HSBC,2138003LGUAH7HJRAX59,LEI,HSBC USD Liquidity CLS F,X9X9USD057B8,ISIN,אחר,"חו""ל","ארה""ב",סחיר,אחר,Currency Funds,לא,USD,2698965.34106827,3.306,100.0,8922.77941,0.000%,10.302%,0.500%
667,9633,State Street,549300RXPU93JTVN0I93,LEI,State Street USD LIQ LVNAV,X9X9USD02K21,ISIN,אחר,"חו""ל","ארה""ב",סחיר,אחר,Currency Funds,לא,USD,899655.113054912,3.306,100.0,2974.2598,0.000%,3.434%,0.167%
667,9633,Goldman Sachs,549300NHQGC72RX55X16,LEI,GS EURO LIQ RES-INST ACC T,IE00B96CNN65,ISIN,אחר,"חו""ל",אירלנד,סחיר,אחר,Currency Funds,לא,EUR,29.395820386,3.8807,1051358.0,1199.35093,0.001%,1.385%,0.067%
667,9633,JPM,2711006,"מספר תאגיד או שותפות בחו""ל",JP Morgan Liquidity GBP,X9X9GBP00L41,ISIN,אחר,"חו""ל",בריטניה,סחיר,אחר,Currency Funds,לא,GBP,20788.064544661,4.4409,100.0,92.31771,0.000%,0.107%,0.005%
667,2176,Nomura Asset Management UK Ltd,5493000T0Y0IDUR33L28,LEI,NOMURA-US HIGH YLD BD-I USD,IE00B3RW8498,ISIN,"אג""ח קונצרני","חו""ל","ארה""ב",סחיר,אחר,Bond/Fixed Income Funds,לא,USD,3551.717471159,3.306,43065.06,5056.68985,0.033%,6.500%,0.289%
667,2176,UBAM,222100EBRBRHM6KWLU25,LEI,UBAM-GLB HI YLD SO EX DU-ICU,LU2051741416,ISIN,"אג""ח קונצרני","חו""ל","ארה""ב",סחיר,אחר,Bond/Fixed Income Funds,לא,USD,8374.78835529,3.306,12321.0,3411.32147,0.078%,4.385%,0.195%
667,2176,Schroder Investment Management,FDQ3U0BX0ZTSLH0GBR19,LEI,SCHRODER ISF EU HIGH YD-IZEU,LU1496798478,ISIN,"אג""ח קונצרני","חו""ל","ארה""ב",סחיר,אחר,Bond/Fixed Income Funds,לא,EUR,3329.735129212,3.8807,19648.95,2538.97898,0.023%,3.264%,0.145%
667,2176,Invesco,549300HQ8IBAX0TXDL49,LEI,INVESCO US SENIOR LOAN-G,LU0564079282,ISIN,"אג""ח קונצרני","חו""ל","ארה""ב",סחיר,אחר,Bond/Fixed Income Funds,לא,USD,2875.680338865,3.306,19478.0,1851.7733,0.010%,2.380%,0.106%
667,2176,Credit Suisse,54930077MN2BBHNFZQ03,LEI,UBSNV LX GBL SEN LN FN-MBUSD,LU0635707705,ISIN,"אג""ח קונצרני","חו""ל","ארה""ב",סחיר,אחר,Bond/Fixed Income Funds,לא,USD,676.037132295,3.306,188977.0,4223.59581,0.038%,5.429%,0.241%
667,2176,CIFC Asset Management,549300NEMRCSGL23FU27,LEI,CIFCLF5 KY Equity,KYG2139S1194,ISIN,"אג""ח קונצרני","חו""ל","ארה""ב",סחיר,אחר,Bond/Fixed Income Funds,לא,USD,454.054790347,3.306,177135.055,2658.98341,0.000%,3.418%,0.152%
667,2176,Neuberger,54930003X66WAS12MV11,LEI,NB CLO INCOME-USDI4ACC,IE000VVY08O6,ISIN,"אג""ח קונצרני","חו""ל","ארה""ב",סחיר,אחר,Bond/Fixed Income Funds,לא,USD,47423.500325137,3.306,1180.0,1850.02869,0.036%,2.378%,0.106%
667,2176,ICG EUROPN SENIOR LOAN-AEURA,549300OGASR5WRKJ8R68,LEI,ICG EUROPN SENIOR LOAN-AEURA,IE00BYXGJT42,ISIN,"אג""ח קונצרני","חו""ל",אירלנד,סחיר,אחר,Bond/Fixed Income Funds,לא,EUR,4843.251097035,3.8807,13688.0,2572.6876,0.090%,3.307%,0.147%
667,2176,Pimco,51AMXMBYJTZWXA4L4L83,LEI,PIMCO GIS-EMERGING MKT INS A,IE0030759645,ISIN,"אג""ח קונצרני","חו""ל",Emerging Markets - Asia,סחיר,אחר,Bond/Fixed Income Funds,לא,USD,18565.795871969,3.306,6152.0,3776.00662,0.021%,4.854%,0.216%
667,2176,MONEDA,549300H8QJOIP08BIM28,LEI,MON LUX SIC-LAT CORP CF-IUA,LU2240476817,ISIN,"אג""ח קונצרני","חו""ל",לוכסמבורג,סחיר,אחר,Bond/Fixed Income Funds,לא,USD,2754.599061439,3.306,12139.0,1105.46286,0.112%,1.421%,0.063%
667,2176,Marketfield Gerge Town SPC,549300TUMDQAY0LJ6X75,LEI,ION GEORG TOWN FND OFFS SP-I,KYG582251891,ISIN,מניות,"חו""ל","ארה""ב",סחיר,אחר,Equity Funds,לא,USD,26.818455166,3.306,153831.0,136.38935,0.079%,0.175%,0.008%
667,2176,KBI Global Energy Transition Fund,635400UCQYVGO94KDT51,LEI,KBI GLB ENRG TRANS FUND-AUSA,IE00BNGJJ156,ISIN,מניות,"חו""ל","ארה""ב",סחיר,אחר,Equity Funds,לא,USD,26471.778100595,3.306,1118.6,978.9506,0.030%,1.258%,0.056%
667,2176,TRIGON,529900TCN22XTOQUBM95,LEI,TRIGON-NEW EUROPE-A EUR,LU1687402393,ISIN,מניות,"חו""ל","Emerging Markets - Euope, Middle East & Africa",סחיר,אחר,Equity Funds,לא,EUR,786.347316456,3.8807,24269.0,740.58747,0.039%,0.952%,0.042%
667,2176,BlackRock Asset Management Ireland Ltd,549300KVUUD24TDB4E13,LEI,ISHR EU EX-UK IND-D ACC E,IE00BD0NCR01,ISIN,מניות,"חו""ל",אירופה,סחיר,אחר,Equity Funds,לא,EUR,155316.798130989,3.8807,1869.7,11269.39049,0.101%,14.485%,0.643%
667,2176,Artemis,QXLNS35572JXFT415E26,LEI,ARTEMIS UK SELECT FUND-INS A,GB00B2PLJG05,ISIN,מניות,"חו""ל",בריטניה,סחיר,אחר,Equity Funds,לא,GBP,19869.094077731,4.4409,1310.29,1156.15613,0.007%,1.486%,0.066%
667,2176,Tokio Marine Asset Management,5299009QN2NZ191KLS29,LEI,TOKIO MARINE-JPN EQ FOCUS-G,IE00B4100S42,ISIN,מניות,"חו""ל",יפן,סחיר,אחר,Equity Funds,לא,USD,647.958290409,3.306,25961.58,556.13601,0.091%,0.715%,0.032%
667,2176,Sparx,635400BTSWMY84SXPB33,LEI,SPARX JAPAN FUND PLC-JPYIE,IE00BF29SZ08,ISIN,מניות,"חו""ל",יפן,סחיר,אחר,Equity Funds,לא,JPY,2566.334779866,0.022332,2172400.0,1245.0326,0.030%,1.600%,0.071%
667,2176,AMUNDI,529900SQFJZNLOBO8Z15,LEI,AMUNDI-EMER MKT EQ F-QI8USD,LU0906530919,ISIN,מניות,"חו""ל",Emerging Markets - Asia,סחיר,אחר,Equity Funds,לא,USD,269.407788776,3.306,157890.0,1406.26647,0.013%,1.808%,0.080%
667,2176,ASHOKA INDIA OPPORT FD-D USD,213800M3HXZ3RG189568,LEI,AWI-ASH WO INDIA OPP FD-DUSD,IE00BH3N4915,ISIN,מניות,"חו""ל",הודו,סחיר,אחר,Equity Funds,לא,USD,748.451734079,3.306,26009.0,643.56187,0.009%,0.827%,0.037%
667,2176,JO Hambro Capital Management,549300Z6XIGO3AQS2G83,LEI,PP IN SEICAV-JOHCM GLMKO-AGB,IE00B4M6CN00,ISIN,מניות,"חו""ל",Emerging Markets - Asia,סחיר,אחר,Equity Funds,לא,USD,118175.252352624,3.306,153.5,599.70513,0.053%,0.771%,0.034%
667,2176,Investec Global Strategy,213800E93ELJ4W3LRN82,LEI,NTYONGSF-GL NA R - I ACC USD,LU0345781172,ISIN,מניות,"חו""ל",גלובלי,סחיר,אחר,Commodity Funds,לא,USD,8251.457453033,3.306,2383.0,650.06616,0.023%,0.836%,0.037%
667,2176,BlueBox Global Technology Fund,549300Q3ZDD326K9N105,LEI,BLUEBOX GLOBAL TEC FD-I USDA,LU1793346666,ISIN,מניות,"חו""ל","ארה""ב",סחיר,אחר,Equity Funds,לא,USD,84.508027578,3.306,229896.0,642.29158,0.010%,0.826%,0.037%
667,2176,THREADNEEDLE,549300L2D2ETS27INO14,LEI,CTLX GBL TECH IU USD,LU0444972805,ISIN,מניות,"חו""ל","ארה""ב",סחיר,אחר,Equity Funds,לא,USD,6713.981822254,3.306,3109.04,690.0957,0.018%,0.887%,0.039%
667,2176,Janus Henderson,213800AV3O5CVAEQM982,LEI,JAN HND HRZN BIOTECH-GU2 USD,LU2900274973,ISIN,מניות,"חו""ל","ארה""ב",סחיר,אחר,Equity Funds,לא,USD,10832.639583052,3.306,2488.0,891.02014,0.043%,1.145%,0.051%
667,2176,Pimco,J1L21SK0XQM5UHF1OK52,LEI,PIMCO-EMRG LCL BD-USDINS-ACC,IE00B29K0P99,ISIN,"אג""ח קונצרני","חו""ל",אירלנד,סחיר,אחר,Bond/Fixed Income Funds,לא,USD,44396.46838949,3.306,1717.0,2520.12202,0.016%,3.239%,0.144%
667,2176,Bradesco Global Funds,549300Y3UTFF23YFKX17,LEI,BRADESCO GL-BRAZ FIX IN-ZUSD,LU0678340976,ISIN,"אג""ח קונצרני","חו""ל",ברזיל,סחיר,אחר,Bond/Fixed Income Funds,לא,USD,2118.922354953,3.306,10305.42,721.91088,0.093%,0.928%,0.041%
667,2176,JPM,2711006,"מספר תאגיד או שותפות בחו""ל",JP Morgan Liquidity Dollar,X9X9USD02A31,ISIN,אחר,"חו""ל","ארה""ב",סחיר,אחר,Currency Funds,לא,USD,1427450.09160402,3.306,100.0,4719.14999,0.000%,6.066%,0.269%
667,2176,Bny Mellon,5493002R50XIFVT6GZ76,LEI,קרן כספית בחול דולר בוני,X9X9USD02H26,ISIN,אחר,"חו""ל","ארה""ב",סחיר,אחר,Currency Funds,לא,USD,2854900.1561976,3.306,100.0,9438.29992,0.000%,12.132%,0.539%
667,2176,HSBC,2138003LGUAH7HJRAX59,LEI,HSBC USD Liquidity CLS F,X9X9USD057B8,ISIN,אחר,"חו""ל","ארה""ב",סחיר,אחר,Currency Funds,לא,USD,2141175.00381247,3.306,100.0,7078.72455,0.000%,9.099%,0.404%
667,2176,State Street,549300RXPU93JTVN0I93,LEI,State Street USD LIQ LVNAV,X9X9USD02K21,ISIN,אחר,"חו""ל","ארה""ב",סחיר,אחר,Currency Funds,לא,USD,713725.206153112,3.306,100.0,2359.57552,0.000%,3.033%,0.135%
667,2176,Goldman Sachs,549300NHQGC72RX55X16,LEI,GS EURO LIQ RES-INST ACC T,IE00B96CNN65,ISIN,אחר,"חו""ל",אירלנד,סחיר,אחר,Currency Funds,לא,EUR,5.476482569,3.8807,1051358.0,223.44076,0.000%,0.287%,0.013%
667,2176,JPM,2711006,"מספר תאגיד או שותפות בחו""ל",JP Morgan Liquidity GBP,X9X9GBP00L41,ISIN,אחר,"חו""ל",בריטניה,סחיר,אחר,Currency Funds,לא,GBP,19227.646278467,4.4409,100.0,85.38805,0.000%,0.110%,0.005%
667,9634,Nomura Asset Management UK Ltd,5493000T0Y0IDUR33L28,LEI,NOMURA-US HIGH YLD BD-I USD,IE00B3RW8498,ISIN,"אג""ח קונצרני","חו""ל","ארה""ב",סחיר,אחר,Bond/Fixed Income Funds,לא,USD,1542.236680258,3.306,43065.06,2195.72999,0.014%,5.897%,0.238%
667,9634,UBAM,222100EBRBRHM6KWLU25,LEI,UBAM-GLB HI YLD SO EX DU-ICU,LU2051741416,ISIN,"אג""ח קונצרני","חו""ל","ארה""ב",סחיר,אחר,Bond/Fixed Income Funds,לא,USD,3636.52399038,3.306,12321.0,1481.27354,0.034%,3.978%,0.160%
667,9634,Schroder Investment Management,FDQ3U0BX0ZTSLH0GBR19,LEI,SCHRODER ISF EU HIGH YD-IZEU,LU1496798478,ISIN,"אג""ח קונצרני","חו""ל","ארה""ב",סחיר,אחר,Bond/Fixed Income Funds,לא,EUR,1445.846887742,3.8807,19648.95,1102.48255,0.010%,2.961%,0.119%
667,9634,Invesco,549300HQ8IBAX0TXDL49,LEI,INVESCO US SENIOR LOAN-G,LU0564079282,ISIN,"אג""ח קונצרני","חו""ל","ארה""ב",סחיר,אחר,Bond/Fixed Income Funds,לא,USD,1248.685948504,3.306,19478.0,804.08218,0.004%,2.159%,0.087%
667,9634,Credit Suisse,54930077MN2BBHNFZQ03,LEI,UBSNV LX GBL SEN LN FN-MBUSD,LU0635707705,ISIN,"אג""ח קונצרני","חו""ל","ארה""ב",סחיר,אחר,Bond/Fixed Income Funds,לא,USD,293.550731754,3.306,188977.0,1833.98157,0.017%,4.925%,0.198%
667,9634,CIFC Asset Management,549300NEMRCSGL23FU27,LEI,CIFCLF5 KY Equity,KYG2139S1194,ISIN,"אג""ח קונצרני","חו""ל","ארה""ב",סחיר,אחר,Bond/Fixed Income Funds,לא,USD,197.160939237,3.306,177135.055,1154.5912,0.000%,3.101%,0.125%
667,9634,Neuberger,54930003X66WAS12MV11,LEI,NB CLO INCOME-USDI4ACC,IE000VVY08O6,ISIN,"אג""ח קונצרני","חו""ל","ארה""ב",סחיר,אחר,Bond/Fixed Income Funds,לא,USD,20592.364764803,3.306,1180.0,803.32462,0.016%,2.157%,0.087%
667,9634,ICG EUROPN SENIOR LOAN-AEURA,549300OGASR5WRKJ8R68,LEI,ICG EUROPN SENIOR LOAN-AEURA,IE00BYXGJT42,ISIN,"אג""ח קונצרני","חו""ל",אירלנד,סחיר,אחר,Bond/Fixed Income Funds,לא,EUR,2103.050018533,3.8807,13688.0,1117.11959,0.039%,3.000%,0.121%
667,9634,Pimco,51AMXMBYJTZWXA4L4L83,LEI,PIMCO GIS-EMERGING MKT INS A,IE0030759645,ISIN,"אג""ח קונצרני","חו""ל",Emerging Markets - Asia,סחיר,אחר,Bond/Fixed Income Funds,לא,USD,8061.69173771,3.306,6152.0,1639.62814,0.009%,4.403%,0.177%
667,9634,MONEDA,549300H8QJOIP08BIM28,LEI,MON LUX SIC-LAT CORP CF-IUA,LU2240476817,ISIN,"אג""ח קונצרני","חו""ל",לוכסמבורג,סחיר,אחר,Bond/Fixed Income Funds,לא,USD,1196.109698041,3.306,12139.0,480.01717,0.048%,1.289%,0.052%
667,9634,Marketfield Gerge Town SPC,549300TUMDQAY0LJ6X75,LEI,ION GEORG TOWN FND OFFS SP-I,KYG582251891,ISIN,מניות,"חו""ל","ארה""ב",סחיר,אחר,Equity Funds,לא,USD,14.165047328,3.306,153831.0,72.03851,0.042%,0.193%,0.008%
667,9634,KBI Global Energy Transition Fund,635400UCQYVGO94KDT51,LEI,KBI GLB ENRG TRANS FUND-AUSA,IE00BNGJJ156,ISIN,מניות,"חו""ל","ארה""ב",סחיר,אחר,Equity Funds,לא,USD,13981.938457229,3.306,1118.6,517.06489,0.016%,1.389%,0.056%
667,9634,TRIGON,529900TCN22XTOQUBM95,LEI,TRIGON-NEW EUROPE-A EUR,LU1687402393,ISIN,מניות,"חו""ל","Emerging Markets - Euope, Middle East & Africa",סחיר,אחר,Equity Funds,לא,EUR,415.33514458,3.8807,24269.0,391.16558,0.021%,1.051%,0.042%
667,9634,BlackRock Asset Management Ireland Ltd,549300KVUUD24TDB4E13,LEI,ISHR EU EX-UK IND-D ACC E,IE00BD0NCR01,ISIN,מניות,"חו""ל",אירופה,סחיר,אחר,Equity Funds,לא,EUR,82035.664721465,3.8807,1869.7,5952.29847,0.053%,15.986%,0.644%
667,9634,Artemis,QXLNS35572JXFT415E26,LEI,ARTEMIS UK SELECT FUND-INS A,GB00B2PLJG05,ISIN,מניות,"חו""ל",בריטניה,סחיר,אחר,Equity Funds,לא,GBP,10494.514178082,4.4409,1310.29,610.66181,0.004%,1.640%,0.066%
667,9634,Tokio Marine Asset Management,5299009QN2NZ191KLS29,LEI,TOKIO MARINE-JPN EQ FOCUS-G,IE00B4100S42,ISIN,מניות,"חו""ל",יפן,סחיר,אחר,Equity Funds,לא,USD,342.240438286,3.306,25961.58,293.74149,0.048%,0.789%,0.032%
667,9634,Sparx,635400BTSWMY84SXPB33,LEI,SPARX JAPAN FUND PLC-JPYIE,IE00BF29SZ08,ISIN,מניות,"חו""ל",יפן,סחיר,אחר,Equity Funds,לא,JPY,1355.493945906,0.022332,2172400.0,657.60483,0.016%,1.766%,0.071%
667,9634,AMUNDI,529900SQFJZNLOBO8Z15,LEI,AMUNDI-EMER MKT EQ F-QI8USD,LU0906530919,ISIN,מניות,"חו""ל",Emerging Markets - Asia,סחיר,אחר,Equity Funds,לא,USD,142.296566111,3.306,157890.0,742.76579,0.007%,1.995%,0.080%
667,9634,ASHOKA INDIA OPPORT FD-D USD,213800M3HXZ3RG189568,LEI,AWI-ASH WO INDIA OPP FD-DUSD,IE00BH3N4915,ISIN,מניות,"חו""ל",הודו,סחיר,אחר,Equity Funds,לא,USD,395.319348943,3.306,26009.0,339.91832,0.005%,0.913%,0.037%
667,9634,JO Hambro Capital Management,549300Z6XIGO3AQS2G83,LEI,PP IN SEICAV-JOHCM GLMKO-AGB,IE00B4M6CN00,ISIN,מניות,"חו""ל",Emerging Markets - Asia,סחיר,אחר,Equity Funds,לא,USD,62418.138263437,3.306,153.5,316.75395,0.028%,0.851%,0.034%
667,9634,Investec Global Strategy,213800E93ELJ4W3LRN82,LEI,NTYONGSF-GL NA R - I ACC USD,LU0345781172,ISIN,מניות,"חו""ל",גלובלי,סחיר,אחר,Commodity Funds,לא,USD,4358.278082127,3.306,2383.0,343.35378,0.012%,0.922%,0.037%
667,9634,BlueBox Global Technology Fund,549300Q3ZDD326K9N105,LEI,BLUEBOX GLOBAL TEC FD-I USDA,LU1793346666,ISIN,מניות,"חו""ל","ארה""ב",סחיר,אחר,Equity Funds,לא,USD,44.635688477,3.306,229896.0,339.24738,0.005%,0.911%,0.037%
667,9634,THREADNEEDLE,549300L2D2ETS27INO14,LEI,CTLX GBL TECH IU USD,LU0444972805,ISIN,מניות,"חו""ל","ארה""ב",סחיר,אחר,Equity Funds,לא,USD,3546.209864898,3.306,3109.04,364.49669,0.009%,0.979%,0.039%
667,9634,Janus Henderson,213800AV3O5CVAEQM982,LEI,JAN HND HRZN BIOTECH-GU2 USD,LU2900274973,ISIN,מניות,"חו""ל","ארה""ב",סחיר,אחר,Equity Funds,לא,USD,5721.614143335,3.306,2488.0,470.62153,0.023%,1.264%,0.051%
667,9634,Pimco,J1L21SK0XQM5UHF1OK52,LEI,PIMCO-EMRG LCL BD-USDINS-ACC,IE00B29K0P99,ISIN,"אג""ח קונצרני","חו""ל",אירלנד,סחיר,אחר,Bond/Fixed Income Funds,לא,USD,19277.95850322,3.306,1717.0,1094.29442,0.007%,2.939%,0.118%
667,9634,Bradesco Global Funds,549300Y3UTFF23YFKX17,LEI,BRADESCO GL-BRAZ FIX IN-ZUSD,LU0678340976,ISIN,"אג""ח קונצרני","חו""ל",ברזיל,סחיר,אחר,Bond/Fixed Income Funds,לא,USD,920.084383108,3.306,10305.42,313.47016,0.041%,0.842%,0.034%
667,9634,JPM,2711006,"מספר תאגיד או שותפות בחו""ל",JP Morgan Liquidity Dollar,X9X9USD02A31,ISIN,אחר,"חו""ל","ארה""ב",סחיר,אחר,Currency Funds,לא,USD,689796.058762004,3.306,100.0,2280.46577,0.000%,6.124%,0.247%
667,9634,Bny Mellon,5493002R50XIFVT6GZ76,LEI,קרן כספית בחול דולר בוני,X9X9USD02H26,ISIN,אחר,"חו""ל","ארה""ב",סחיר,אחר,Currency Funds,לא,USD,1379592.1189798,3.306,100.0,4560.93154,0.000%,12.249%,0.493%
667,9634,HSBC,2138003LGUAH7HJRAX59,LEI,HSBC USD Liquidity CLS F,X9X9USD057B8,ISIN,אחר,"חו""ל","ארה""ב",סחיר,אחר,Currency Funds,לא,USD,1034694.08881002,3.306,100.0,3420.69865,0.000%,9.187%,0.370%
667,9634,State Street,549300RXPU93JTVN0I93,LEI,State Street USD LIQ LVNAV,X9X9USD02K21,ISIN,אחר,"חו""ל","ארה""ב",סחיר,אחר,Currency Funds,לא,USD,344897.752226324,3.306,100.0,1140.23196,0.000%,3.062%,0.123%
667,9634,Goldman Sachs,549300NHQGC72RX55X16,LEI,GS EURO LIQ RES-INST ACC T,IE00B96CNN65,ISIN,אחר,"חו""ל",אירלנד,סחיר,אחר,Currency Funds,לא,EUR,4.793292628,3.8807,1051358.0,195.56657,0.000%,0.525%,0.021%
667,9634,JPM,2711006,"מספר תאגיד או שותפות בחו""ל",JP Morgan Liquidity GBP,X9X9GBP00L41,ISIN,אחר,"חו""ל",בריטניה,סחיר,אחר,Currency Funds,לא,GBP,46345.479681316,4.4409,100.0,205.81563,0.000%,0.553%,0.022%
667,13698,Marketfield Gerge Town SPC,549300TUMDQAY0LJ6X75,LEI,ION GEORG TOWN FND OFFS SP-I,KYG582251891,ISIN,מניות,"חו""ל","ארה""ב",סחיר,אחר,Equity Funds,לא,USD,20.130968896,3.306,153831.0,102.37912,0.059%,0.369%,0.017%
667,13698,KBI Global Energy Transition Fund,635400UCQYVGO94KDT51,LEI,KBI GLB ENRG TRANS FUND-AUSA,IE00BNGJJ156,ISIN,מניות,"חו""ל","ארה""ב",סחיר,אחר,Equity Funds,לא,USD,19870.739693264,3.306,1118.6,734.83816,0.023%,2.646%,0.124%
667,13698,TRIGON,529900TCN22XTOQUBM95,LEI,TRIGON-NEW EUROPE-A EUR,LU1687402393,ISIN,מניות,"חו""ל","Emerging Markets - Euope, Middle East & Africa",סחיר,אחר,Equity Funds,לא,EUR,590.262685582,3.8807,24269.0,555.91358,0.029%,2.002%,0.093%
667,13698,BlackRock Asset Management Ireland Ltd,549300KVUUD24TDB4E13,LEI,ISHR EU EX-UK IND-D ACC E,IE00BD0NCR01,ISIN,מניות,"חו""ל",אירופה,סחיר,אחר,Equity Funds,לא,EUR,116586.791182826,3.8807,1869.7,8459.24003,0.075%,30.463%,1.423%
667,13698,Artemis,QXLNS35572JXFT415E26,LEI,ARTEMIS UK SELECT FUND-INS A,GB00B2PLJG05,ISIN,מניות,"חו""ל",בריטניה,סחיר,אחר,Equity Funds,לא,GBP,14914.509892734,4.4409,1310.29,867.85547,0.005%,3.125%,0.146%
667,13698,Tokio Marine Asset Management,5299009QN2NZ191KLS29,LEI,TOKIO MARINE-JPN EQ FOCUS-G,IE00B4100S42,ISIN,מניות,"חו""ל",יפן,סחיר,אחר,Equity Funds,לא,USD,486.382534331,3.306,25961.58,417.45719,0.068%,1.503%,0.070%
667,13698,Sparx,635400BTSWMY84SXPB33,LEI,SPARX JAPAN FUND PLC-JPYIE,IE00BF29SZ08,ISIN,מניות,"חו""ל",יפן,סחיר,אחר,Equity Funds,לא,JPY,1926.390066534,0.022332,2172400.0,934.56959,0.023%,3.366%,0.157%
667,13698,AMUNDI,529900SQFJZNLOBO8Z15,LEI,AMUNDI-EMER MKT EQ F-QI8USD,LU0906530919,ISIN,מניות,"חו""ל",Emerging Markets - Asia,סחיר,אחר,Equity Funds,לא,USD,202.227898019,3.306,157890.0,1055.59796,0.010%,3.801%,0.178%
667,13698,ASHOKA INDIA OPPORT FD-D USD,213800M3HXZ3RG189568,LEI,AWI-ASH WO INDIA OPP FD-DUSD,IE00BH3N4915,ISIN,מניות,"חו""ל",הודו,סחיר,אחר,Equity Funds,לא,USD,561.816796905,3.306,26009.0,483.08241,0.007%,1.740%,0.081%
667,13698,JO Hambro Capital Management,549300Z6XIGO3AQS2G83,LEI,PP IN SEICAV-JOHCM GLMKO-AGB,IE00B4M6CN00,ISIN,מניות,"חו""ל",Emerging Markets - Asia,סחיר,אחר,Equity Funds,לא,USD,88706.911517669,3.306,153.5,450.16185,0.040%,1.621%,0.076%
667,13698,Investec Global Strategy,213800E93ELJ4W3LRN82,LEI,NTYONGSF-GL NA R - I ACC USD,LU0345781172,ISIN,מניות,"חו""ל",גלובלי,סחיר,אחר,Commodity Funds,לא,USD,6193.862857123,3.306,2383.0,487.96478,0.018%,1.757%,0.082%
667,13698,BlueBox Global Technology Fund,549300Q3ZDD326K9N105,LEI,BLUEBOX GLOBAL TEC FD-I USDA,LU1793346666,ISIN,מניות,"חו""ל","ארה""ב",סחיר,אחר,Equity Funds,לא,USD,63.434991469,3.306,229896.0,482.12888,0.007%,1.736%,0.081%
667,13698,THREADNEEDLE,549300L2D2ETS27INO14,LEI,CTLX GBL TECH IU USD,LU0444972805,ISIN,מניות,"חו""ל","ארה""ב",סחיר,אחר,Equity Funds,לא,USD,5039.774230063,3.306,3109.04,518.0125,0.013%,1.865%,0.087%
667,13698,Janus Henderson,213800AV3O5CVAEQM982,LEI,JAN HND HRZN BIOTECH-GU2 USD,LU2900274973,ISIN,מניות,"חו""ל","ארה""ב",סחיר,אחר,Equity Funds,לא,USD,8131.397918485,3.306,2488.0,668.83415,0.032%,2.409%,0.112%
667,13698,JPM,2711006,"מספר תאגיד או שותפות בחו""ל",JP Morgan Liquidity Dollar,X9X9USD02A31,ISIN,אחר,"חו""ל","ארה""ב",סחיר,אחר,Currency Funds,לא,USD,694718.352665834,3.306,100.0,2296.73887,0.000%,8.271%,0.386%
667,13698,Bny Mellon,5493002R50XIFVT6GZ76,LEI,קרן כספית בחול דולר בוני,X9X9USD02H26,ISIN,אחר,"חו""ל","ארה""ב",סחיר,אחר,Currency Funds,לא,USD,1389436.57659113,3.306,100.0,4593.47732,0.000%,16.542%,0.772%
667,13698,HSBC,2138003LGUAH7HJRAX59,LEI,HSBC USD Liquidity CLS F,X9X9USD057B8,ISIN,אחר,"חו""ל","ארה""ב",סחיר,אחר,Currency Funds,לא,USD,1042077.48944856,3.306,100.0,3445.10817,0.000%,12.406%,0.579%
667,13698,State Street,549300RXPU93JTVN0I93,LEI,State Street USD LIQ LVNAV,X9X9USD02K21,ISIN,אחר,"חו""ל","ארה""ב",סחיר,אחר,Currency Funds,לא,USD,347358.980501143,3.306,100.0,1148.36878,0.000%,4.135%,0.193%
667,13698,Goldman Sachs,549300NHQGC72RX55X16,LEI,GS EURO LIQ RES-INST ACC T,IE00B96CNN65,ISIN,אחר,"חו""ל",אירלנד,סחיר,אחר,Currency Funds,לא,EUR,0.913095492,3.8807,1051358.0,37.25434,0.000%,0.134%,0.006%
667,13698,JPM,2711006,"מספר תאגיד או שותפות בחו""ל",JP Morgan Liquidity GBP,X9X9GBP00L41,ISIN,אחר,"חו""ל",בריטניה,סחיר,אחר,Currency Funds,לא,GBP,6699.857490879,4.4409,100.0,29.75339,0.000%,0.107%,0.005%
667,12251,Nomura Asset Management UK Ltd,5493000T0Y0IDUR33L28,LEI,NOMURA-US HIGH YLD BD-I USD,IE00B3RW8498,ISIN,"אג""ח קונצרני","חו""ל","ארה""ב",סחיר,אחר,Bond/Fixed Income Funds,לא,USD,1311.942202441,3.306,43065.06,1867.85263,0.012%,8.489%,0.315%
667,12251,UBAM,222100EBRBRHM6KWLU25,LEI,UBAM-GLB HI YLD SO EX DU-ICU,LU2051741416,ISIN,"אג""ח קונצרני","חו""ל","ארה""ב",סחיר,אחר,Bond/Fixed Income Funds,לא,USD,3093.500079619,3.306,12321.0,1260.08238,0.029%,5.727%,0.212%
667,12251,Schroder Investment Management,FDQ3U0BX0ZTSLH0GBR19,LEI,SCHRODER ISF EU HIGH YD-IZEU,LU1496798478,ISIN,"אג""ח קונצרני","חו""ל","ארה""ב",סחיר,אחר,Bond/Fixed Income Funds,לא,EUR,1229.945814788,3.8807,19648.95,937.85435,0.009%,4.262%,0.158%
667,12251,Invesco,549300HQ8IBAX0TXDL49,LEI,INVESCO US SENIOR LOAN-G,LU0564079282,ISIN,"אג""ח קונצרני","חו""ל","ארה""ב",סחיר,אחר,Bond/Fixed Income Funds,לא,USD,1062.225930954,3.306,19478.0,684.01261,0.004%,3.109%,0.115%
667,12251,Credit Suisse,54930077MN2BBHNFZQ03,LEI,UBSNV LX GBL SEN LN FN-MBUSD,LU0635707705,ISIN,"אג""ח קונצרני","חו""ל","ארה""ב",סחיר,אחר,Bond/Fixed Income Funds,לא,USD,249.716271487,3.306,188977.0,1560.12229,0.014%,7.090%,0.263%
667,12251,CIFC Asset Management,549300NEMRCSGL23FU27,LEI,CIFCLF5 KY Equity,KYG2139S1194,ISIN,"אג""ח קונצרני","חו""ל","ארה""ב",סחיר,אחר,Bond/Fixed Income Funds,לא,USD,167.719883835,3.306,177135.055,982.18188,0.000%,4.464%,0.166%
667,12251,Neuberger,54930003X66WAS12MV11,LEI,NB CLO INCOME-USDI4ACC,IE000VVY08O6,ISIN,"אג""ח קונצרני","חו""ל","ארה""ב",סחיר,אחר,Bond/Fixed Income Funds,לא,USD,17517.410089411,3.306,1180.0,683.36818,0.013%,3.106%,0.115%
667,12251,ICG EUROPN SENIOR LOAN-AEURA,549300OGASR5WRKJ8R68,LEI,ICG EUROPN SENIOR LOAN-AEURA,IE00BYXGJT42,ISIN,"אג""ח קונצרני","חו""ל",אירלנד,סחיר,אחר,Bond/Fixed Income Funds,לא,EUR,1789.012094238,3.8807,13688.0,950.30572,0.033%,4.319%,0.160%
667,12251,Pimco,51AMXMBYJTZWXA4L4L83,LEI,PIMCO GIS-EMERGING MKT INS A,IE0030759645,ISIN,"אג""ח קונצרני","חו""ל",Emerging Markets - Asia,סחיר,אחר,Bond/Fixed Income Funds,לא,USD,6857.879694578,3.306,6152.0,1394.79068,0.008%,6.339%,0.235%
667,12251,MONEDA,549300H8QJOIP08BIM28,LEI,MON LUX SIC-LAT CORP CF-IUA,LU2240476817,ISIN,"אג""ח קונצרני","חו""ל",לוכסמבורג,סחיר,אחר,Bond/Fixed Income Funds,לא,USD,1017.500628598,3.306,12139.0,408.33861,0.041%,1.856%,0.069%
667,12251,Marketfield Gerge Town SPC,549300TUMDQAY0LJ6X75,LEI,ION GEORG TOWN FND OFFS SP-I,KYG582251891,ISIN,מניות,"חו""ל","ארה""ב",סחיר,אחר,Equity Funds,לא,USD,6.192798173,3.306,153831.0,31.49442,0.018%,0.143%,0.005%
667,12251,KBI Global Energy Transition Fund,635400UCQYVGO94KDT51,LEI,KBI GLB ENRG TRANS FUND-AUSA,IE00BNGJJ156,ISIN,מניות,"חו""ל","ארה""ב",סחיר,אחר,Equity Funds,לא,USD,6112.745049621,3.306,1118.6,226.05491,0.007%,1.027%,0.038%
667,12251,TRIGON,529900TCN22XTOQUBM95,LEI,TRIGON-NEW EUROPE-A EUR,LU1687402393,ISIN,מניות,"חו""ל","Emerging Markets - Euope, Middle East & Africa",סחיר,אחר,Equity Funds,לא,EUR,181.579818616,3.8807,24269.0,171.01316,0.009%,0.777%,0.029%
667,12251,BlackRock Asset Management Ireland Ltd,549300KVUUD24TDB4E13,LEI,ISHR EU EX-UK IND-D ACC E,IE00BD0NCR01,ISIN,מניות,"חו""ל",אירופה,סחיר,אחר,Equity Funds,לא,EUR,35865.062984826,3.8807,1869.7,2602.27744,0.023%,11.827%,0.439%
667,12251,Artemis,QXLNS35572JXFT415E26,LEI,ARTEMIS UK SELECT FUND-INS A,GB00B2PLJG05,ISIN,מניות,"חו""ל",בריטניה,סחיר,אחר,Equity Funds,לא,GBP,4588.082674408,4.4409,1310.29,266.97442,0.002%,1.213%,0.045%
667,12251,Tokio Marine Asset Management,5299009QN2NZ191KLS29,LEI,TOKIO MARINE-JPN EQ FOCUS-G,IE00B4100S42,ISIN,מניות,"חו""ל",יפן,סחיר,אחר,Equity Funds,לא,USD,149.623641336,3.306,25961.58,128.42045,0.021%,0.584%,0.022%
667,12251,Sparx,635400BTSWMY84SXPB33,LEI,SPARX JAPAN FUND PLC-JPYIE,IE00BF29SZ08,ISIN,מניות,"חו""ל",יפן,סחיר,אחר,Equity Funds,לא,JPY,592.606592639,0.022332,2172400.0,287.49738,0.007%,1.307%,0.048%
667,12251,AMUNDI,529900SQFJZNLOBO8Z15,LEI,AMUNDI-EMER MKT EQ F-QI8USD,LU0906530919,ISIN,מניות,"חו""ל",Emerging Markets - Asia,סחיר,אחר,Equity Funds,לא,USD,62.210446193,3.306,157890.0,324.72879,0.003%,1.476%,0.055%
667,12251,ASHOKA INDIA OPPORT FD-D USD,213800M3HXZ3RG189568,LEI,AWI-ASH WO INDIA OPP FD-DUSD,IE00BH3N4915,ISIN,מניות,"חו""ל",הודו,סחיר,אחר,Equity Funds,לא,USD,172.829139584,3.306,26009.0,148.60844,0.002%,0.675%,0.025%
667,12251,JO Hambro Capital Management,549300Z6XIGO3AQS2G83,LEI,PP IN SEICAV-JOHCM GLMKO-AGB,IE00B4M6CN00,ISIN,מניות,"חו""ל",Emerging Markets - Asia,סחיר,אחר,Equity Funds,לא,USD,27288.502723962,3.306,153.5,138.48124,0.012%,0.629%,0.023%
667,12251,Investec Global Strategy,213800E93ELJ4W3LRN82,LEI,NTYONGSF-GL NA R - I ACC USD,LU0345781172,ISIN,מניות,"חו""ל",גלובלי,סחיר,אחר,Commodity Funds,לא,USD,1905.389789326,3.306,2383.0,150.11038,0.005%,0.682%,0.025%
667,12251,BlueBox Global Technology Fund,549300Q3ZDD326K9N105,LEI,BLUEBOX GLOBAL TEC FD-I USDA,LU1793346666,ISIN,מניות,"חו""ל","ארה""ב",סחיר,אחר,Equity Funds,לא,USD,19.514217189,3.306,229896.0,148.31511,0.002%,0.674%,0.025%
667,12251,THREADNEEDLE,549300L2D2ETS27INO14,LEI,CTLX GBL TECH IU USD,LU0444972805,ISIN,מניות,"חו""ל","ארה""ב",סחיר,אחר,Equity Funds,לא,USD,1550.362767143,3.306,3109.04,159.35382,0.004%,0.724%,0.027%
667,12251,Janus Henderson,213800AV3O5CVAEQM982,LEI,JAN HND HRZN BIOTECH-GU2 USD,LU2900274973,ISIN,מניות,"חו""ל","ארה""ב",סחיר,אחר,Equity Funds,לא,USD,2501.424865908,3.306,2488.0,205.7504,0.010%,0.935%,0.035%
667,12251,Pimco,J1L21SK0XQM5UHF1OK52,LEI,PIMCO-EMRG LCL BD-USDINS-ACC,IE00B29K0P99,ISIN,"אג""ח קונצרני","חו""ל",אירלנד,סחיר,אחר,Bond/Fixed Income Funds,לא,USD,16399.277530512,3.306,1717.0,930.88892,0.006%,4.231%,0.157%
667,12251,Bradesco Global Funds,549300Y3UTFF23YFKX17,LEI,BRADESCO GL-BRAZ FIX IN-ZUSD,LU0678340976,ISIN,"אג""ח קונצרני","חו""ל",ברזיל,סחיר,אחר,Bond/Fixed Income Funds,לא,USD,782.692791229,3.306,10305.42,266.66123,0.035%,1.212%,0.045%
667,12251,JPM,2711006,"מספר תאגיד או שותפות בחו""ל",JP Morgan Liquidity Dollar,X9X9USD02A31,ISIN,אחר,"חו""ל","ארה""ב",סחיר,אחר,Currency Funds,לא,USD,286079.319869983,3.306,100.0,945.77822,0.000%,4.298%,0.159%
667,12251,Bny Mellon,5493002R50XIFVT6GZ76,LEI,קרן כספית בחול דולר בוני,X9X9USD02H26,ISIN,אחר,"חו""ל","ארה""ב",סחיר,אחר,Currency Funds,לא,USD,572158.640611933,3.306,100.0,1891.55646,0.000%,8.597%,0.319%
667,12251,HSBC,2138003LGUAH7HJRAX59,LEI,HSBC USD Liquidity CLS F,X9X9USD057B8,ISIN,אחר,"חו""ל","ארה""ב",סחיר,אחר,Currency Funds,לא,USD,429119.030241516,3.306,100.0,1418.66751,0.000%,6.448%,0.239%
667,12251,State Street,549300RXPU93JTVN0I93,LEI,State Street USD LIQ LVNAV,X9X9USD02K21,ISIN,אחר,"חו""ל","ארה""ב",סחיר,אחר,Currency Funds,לא,USD,143039.571142702,3.306,100.0,472.88882,0.000%,2.149%,0.080%
667,12251,Goldman Sachs,549300NHQGC72RX55X16,LEI,GS EURO LIQ RES-INST ACC T,IE00B96CNN65,ISIN,אחר,"חו""ל",אירלנד,סחיר,אחר,Currency Funds,לא,EUR,3.81569467,3.8807,1051358.0,155.68052,0.000%,0.708%,0.026%
667,12251,JPM,2711006,"מספר תאגיד או שותפות בחו""ל",JP Morgan Liquidity GBP,X9X9GBP00L41,ISIN,אחר,"חו""ל",בריטניה,סחיר,אחר,Currency Funds,לא,GBP,45769.004495747,4.4409,100.0,203.25556,0.000%,0.924%,0.034%
667,9635,Nomura Asset Management UK Ltd,5493000T0Y0IDUR33L28,LEI,NOMURA-US HIGH YLD BD-I USD,IE00B3RW8498,ISIN,"אג""ח קונצרני","חו""ל","ארה""ב",סחיר,אחר,Bond/Fixed Income Funds,לא,USD,1064.280571506,3.306,43065.06,1515.24912,0.010%,7.799%,0.322%
667,9635,UBAM,222100EBRBRHM6KWLU25,LEI,UBAM-GLB HI YLD SO EX DU-ICU,LU2051741416,ISIN,"אג""ח קונצרני","חו""ל","ארה""ב",סחיר,אחר,Bond/Fixed Income Funds,לא,USD,2509.525211221,3.306,12321.0,1022.21058,0.023%,5.261%,0.217%
667,9635,Schroder Investment Management,FDQ3U0BX0ZTSLH0GBR19,LEI,SCHRODER ISF EU HIGH YD-IZEU,LU1496798478,ISIN,"אג""ח קונצרני","חו""ל","ארה""ב",סחיר,אחר,Bond/Fixed Income Funds,לא,EUR,997.763035787,3.8807,19648.95,760.81108,0.007%,3.916%,0.162%
667,9635,Invesco,549300HQ8IBAX0TXDL49,LEI,INVESCO US SENIOR LOAN-G,LU0564079282,ISIN,"אג""ח קונצרני","חו""ל","ארה""ב",סחיר,אחר,Bond/Fixed Income Funds,לא,USD,861.704439998,3.306,19478.0,554.88827,0.003%,2.856%,0.118%
667,9635,Credit Suisse,54930077MN2BBHNFZQ03,LEI,UBSNV LX GBL SEN LN FN-MBUSD,LU0635707705,ISIN,"אג""ח קונצרני","חו""ל","ארה""ב",סחיר,אחר,Bond/Fixed Income Funds,לא,USD,202.576131508,3.306,188977.0,1265.61051,0.011%,6.514%,0.269%
667,9635,CIFC Asset Management,549300NEMRCSGL23FU27,LEI,CIFCLF5 KY Equity,KYG2139S1194,ISIN,"אג""ח קונצרני","חו""ל","ארה""ב",סחיר,אחר,Bond/Fixed Income Funds,לא,USD,136.058595789,3.306,177135.055,796.77069,0.000%,4.101%,0.169%
667,9635,Neuberger,54930003X66WAS12MV11,LEI,NB CLO INCOME-USDI4ACC,IE000VVY08O6,ISIN,"אג""ח קונצרני","חו""ל","ארה""ב",סחיר,אחר,Bond/Fixed Income Funds,לא,USD,14210.564449085,3.306,1180.0,554.36549,0.011%,2.853%,0.118%
667,9635,ICG EUROPN SENIOR LOAN-AEURA,549300OGASR5WRKJ8R68,LEI,ICG EUROPN SENIOR LOAN-AEURA,IE00BYXGJT42,ISIN,"אג""ח קונצרני","חו""ל",אירלנד,סחיר,אחר,Bond/Fixed Income Funds,לא,EUR,1451.291688417,3.8807,13688.0,770.91195,0.027%,3.968%,0.164%
667,9635,Pimco,51AMXMBYJTZWXA4L4L83,LEI,PIMCO GIS-EMERGING MKT INS A,IE0030759645,ISIN,"אג""ח קונצרני","חו""ל",Emerging Markets - Asia,סחיר,אחר,Bond/Fixed Income Funds,לא,USD,5563.284805599,3.306,6152.0,1131.48935,0.006%,5.824%,0.241%
667,9635,MONEDA,549300H8QJOIP08BIM28,LEI,MON LUX SIC-LAT CORP CF-IUA,LU2240476817,ISIN,"אג""ח קונצרני","חו""ל",לוכסמבורג,סחיר,אחר,Bond/Fixed Income Funds,לא,USD,825.422147787,3.306,12139.0,331.25457,0.033%,1.705%,0.070%
667,9635,Marketfield Gerge Town SPC,549300TUMDQAY0LJ6X75,LEI,ION GEORG TOWN FND OFFS SP-I,KYG582251891,ISIN,מניות,"חו""ל","ארה""ב",סחיר,אחר,Equity Funds,לא,USD,4.539757743,3.306,153831.0,23.08763,0.013%,0.119%,0.005%
667,9635,KBI Global Energy Transition Fund,635400UCQYVGO94KDT51,LEI,KBI GLB ENRG TRANS FUND-AUSA,IE00BNGJJ156,ISIN,מניות,"חו""ל","ארה""ב",סחיר,אחר,Equity Funds,לא,USD,4481.073158912,3.306,1118.6,165.71419,0.005%,0.853%,0.035%
667,9635,TRIGON,529900TCN22XTOQUBM95,LEI,TRIGON-NEW EUROPE-A EUR,LU1687402393,ISIN,מניות,"חו""ל","Emerging Markets - Euope, Middle East & Africa",סחיר,אחר,Equity Funds,לא,EUR,133.110811067,3.8807,24269.0,125.3647,0.007%,0.645%,0.027%
667,9635,BlackRock Asset Management Ireland Ltd,549300KVUUD24TDB4E13,LEI,ISHR EU EX-UK IND-D ACC E,IE00BD0NCR01,ISIN,מניות,"חו""ל",אירופה,סחיר,אחר,Equity Funds,לא,EUR,26291.620177087,3.8807,1869.7,1907.65286,0.017%,9.819%,0.406%
667,9635,Artemis,QXLNS35572JXFT415E26,LEI,ARTEMIS UK SELECT FUND-INS A,GB00B2PLJG05,ISIN,מניות,"חו""ל",בריטניה,סחיר,אחר,Equity Funds,לא,GBP,3363.388126981,4.4409,1310.29,195.71108,0.001%,1.007%,0.042%
667,9635,Tokio Marine Asset Management,5299009QN2NZ191KLS29,LEI,TOKIO MARINE-JPN EQ FOCUS-G,IE00B4100S42,ISIN,מניות,"חו""ל",יפן,סחיר,אחר,Equity Funds,לא,USD,109.684679745,3.306,25961.58,94.14125,0.015%,0.485%,0.020%
667,9635,Sparx,635400BTSWMY84SXPB33,LEI,SPARX JAPAN FUND PLC-JPYIE,IE00BF29SZ08,ISIN,מניות,"חו""ל",יפן,סחיר,אחר,Equity Funds,לא,JPY,434.422419799,0.022332,2172400.0,210.75585,0.005%,1.085%,0.045%
667,9635,AMUNDI,529900SQFJZNLOBO8Z15,LEI,AMUNDI-EMER MKT EQ F-QI8USD,LU0906530919,ISIN,מניות,"חו""ל",Emerging Markets - Asia,סחיר,אחר,Equity Funds,לא,USD,45.604643802,3.306,157890.0,238.0491,0.002%,1.225%,0.051%
667,9635,ASHOKA INDIA OPPORT FD-D USD,213800M3HXZ3RG189568,LEI,AWI-ASH WO INDIA OPP FD-DUSD,IE00BH3N4915,ISIN,מניות,"חו""ל",הודו,סחיר,אחר,Equity Funds,לא,USD,126.695946286,3.306,26009.0,108.94046,0.002%,0.561%,0.023%
667,9635,JO Hambro Capital Management,549300Z6XIGO3AQS2G83,LEI,PP IN SEICAV-JOHCM GLMKO-AGB,IE00B4M6CN00,ISIN,מניות,"חו""ל",Emerging Markets - Asia,סחיר,אחר,Equity Funds,לא,USD,20004.396733483,3.306,153.5,101.51651,0.009%,0.523%,0.022%
667,9635,Investec Global Strategy,213800E93ELJ4W3LRN82,LEI,NTYONGSF-GL NA R - I ACC USD,LU0345781172,ISIN,מניות,"חו""ל",גלובלי,סחיר,אחר,Commodity Funds,לא,USD,1396.785073303,3.306,2383.0,110.04149,0.004%,0.566%,0.023%
667,9635,BlueBox Global Technology Fund,549300Q3ZDD326K9N105,LEI,BLUEBOX GLOBAL TEC FD-I USDA,LU1793346666,ISIN,מניות,"חו""ל","ארה""ב",סחיר,אחר,Equity Funds,לא,USD,14.305297236,3.306,229896.0,108.72543,0.002%,0.560%,0.023%
667,9635,THREADNEEDLE,549300L2D2ETS27INO14,LEI,CTLX GBL TECH IU USD,LU0444972805,ISIN,מניות,"חו""ל","ארה""ב",סחיר,אחר,Equity Funds,לא,USD,1136.525231467,3.306,3109.04,116.81759,0.003%,0.601%,0.025%
667,9635,Janus Henderson,213800AV3O5CVAEQM982,LEI,JAN HND HRZN BIOTECH-GU2 USD,LU2900274973,ISIN,מניות,"חו""ל","ארה""ב",סחיר,אחר,Equity Funds,לא,USD,1833.72081359,3.306,2488.0,150.82955,0.007%,0.776%,0.032%
667,9635,Pimco,J1L21SK0XQM5UHF1OK52,LEI,PIMCO-EMRG LCL BD-USDINS-ACC,IE00B29K0P99,ISIN,"אג""ח קונצרני","חו""ל",אירלנד,סחיר,אחר,Bond/Fixed Income Funds,לא,USD,13303.507143825,3.306,1717.0,755.16055,0.005%,3.887%,0.161%
667,9635,Bradesco Global Funds,549300Y3UTFF23YFKX17,LEI,BRADESCO GL-BRAZ FIX IN-ZUSD,LU0678340976,ISIN,"אג""ח קונצרני","חו""ל",ברזיל,סחיר,אחר,Bond/Fixed Income Funds,לא,USD,634.940113683,3.306,10305.42,216.32231,0.028%,1.113%,0.046%
667,9635,JPM,2711006,"מספר תאגיד או שותפות בחו""ל",JP Morgan Liquidity Dollar,X9X9USD02A31,ISIN,אחר,"חו""ל","ארה""ב",סחיר,אחר,Currency Funds,לא,USD,348905.702644056,3.306,100.0,1153.48224,0.000%,5.937%,0.245%
667,9635,Bny Mellon,5493002R50XIFVT6GZ76,LEI,קרן כספית בחול דולר בוני,X9X9USD02H26,ISIN,אחר,"חו""ל","ארה""ב",סחיר,אחר,Currency Funds,לא,USD,697811.425965194,3.306,100.0,2306.96457,0.000%,11.874%,0.491%
667,9635,HSBC,2138003LGUAH7HJRAX59,LEI,HSBC USD Liquidity CLS F,X9X9USD057B8,ISIN,אחר,"חו""ל","ארה""ב",סחיר,אחר,Currency Funds,לא,USD,523358.589309403,3.306,100.0,1730.22349,0.000%,8.905%,0.368%
667,9635,State Street,549300RXPU93JTVN0I93,LEI,State Street USD LIQ LVNAV,X9X9USD02K21,ISIN,אחר,"חו""ל","ארה""ב",סחיר,אחר,Currency Funds,לא,USD,174452.777201539,3.306,100.0,576.74087,0.000%,2.968%,0.123%
667,9635,Goldman Sachs,549300NHQGC72RX55X16,LEI,GS EURO LIQ RES-INST ACC T,IE00B96CNN65,ISIN,אחר,"חו""ל",אירלנד,סחיר,אחר,Currency Funds,לא,EUR,3.371224711,3.8807,1051358.0,137.54613,0.000%,0.708%,0.029%
667,9635,JPM,2711006,"מספר תאגיד או שותפות בחו""ל",JP Morgan Liquidity GBP,X9X9GBP00L41,ISIN,אחר,"חו""ל",בריטניה,סחיר,אחר,Currency Funds,לא,GBP,43099.508269247,4.4409,100.0,191.4006,0.000%,0.985%,0.041%
667,15434,,,,,,,,,,,,,,,,,,0.0,,,
667,15435,,,,,,,,,,,,,,,,,,0.0,,,
667,15091,,,,,,,,,,,,,,,,,,0.0,,,
667,14231,,,,,,,,,,,,,,,,,,0.0,,,
667,14238,,,,,,,,,,,,,,,,,,0.0,,,
667,14795,,,,,,,,,,,,,,,,,,0.0,,,
667,13214,,,,,,,,,,,,,,,,,,0.0,,,
667,2206,,,,,,,,,,,,,,,,,,0.0,,,
