מספר קופה/קרן/ח.פ. עבור חברת ביטוח,מספר מסלול,מספר מזהה לווה,סוג מספר מזהה לווה,שם הלוואה,מספר הלוואה,תאריך העמדת מסגרת אשראי,"ישראל/חו""ל",מדינה לפי חשיפה כלכלית,בעל עניין/צד קשור,דירוג,שם מדרג,דירוג הלוואה/המנפיק,מטבע פעילות,שער חליפין,שיעור ריבית,סוג הריבית,סכום מסגרת האשראי הראשוני (במטבע הפעילות),"סכום מסגרת האשראי הראשוני (באלפי ש""ח)",שיעור יתרת מסגרת אשראי
170,2002,194.0,פנימי,הלוואה לגורם 194,2080645.0,2022-12-25,ישראל,,לא,NR,NR,NR,ILS,1.0,8.500%,משתנה,21959.899,21959.899,46.868%
170,2002,194.0,פנימי,הלוואה לגורם 194,2080646.0,2022-12-25,ישראל,,לא,NR,NR,NR,ILS,1.0,13.100%,משתנה,2583.541,2583.541,46.868%
170,2002,179.0,פנימי,הלוואה לגורם 179,2080533.0,2021-06-30,ישראל,,לא,A-,S&P מעלות,הלוואה,ILS,1.0,7.150%,משתנה,75952.597,75952.597,12.352%
170,2002,182.0,פנימי,הלוואה לגורם 182,2080536.0,2021-06-30,ישראל,,לא,NR,NR,NR,ILS,1.0,7.250%,משתנה,148305.707,148305.707,26.718%
170,2002,174.0,פנימי,הלוואה לגורם 174,2080688.0,2022-12-31,ישראל,,לא,NR,NR,NR,ILS,1.0,4.000%,קבועה,43587.822,43587.822,59.388%
170,2002,45.0,פנימי,הלוואה לגורם 45,2080277.0,2018-06-13,ישראל,,לא,Aa2,מידרוג Moodys,הלוואה,EUR,3.8807,3.300%,משתנה,910.762,3534.394,54.954%
170,2002,203.0,פנימי,הלוואה לגורם 203,2080744.0,2022-12-18,ישראל,,לא,A1,מידרוג Moodys,הלוואה,ILS,1.0,6.600%,משתנה,161607.641,161607.641,69.964%
170,2002,174.0,פנימי,הלוואה לגורם 174,2080662.0,2022-12-31,ישראל,,לא,NR,NR,NR,ILS,1.0,5.000%,קבועה,124643.628,124643.628,53.840%
170,2002,186.0,פנימי,הלוואה לגורם 186,2080622.0,2022-04-30,ישראל,,לא,BBB+,S&P מעלות,הלוואה,ILS,1.0,2.820%,קבועה,94270.947,94270.947,14.194%
170,2002,154.0,פנימי,הלוואה לגורם 154,2080571.0,2018-08-01,ישראל,,לא,A1,מידרוג Moodys,הלוואה,ILS,1.0,6.600%,משתנה,48624.279,48624.279,14.002%
170,2002,185.0,פנימי,הלוואה לגורם 185,2080574.0,2023-09-11,ישראל,,לא,BBB+,S&P מעלות,הלוואה,ILS,1.0,1.370%,קבועה,24275.515,24275.515,7.107%
170,2002,202.0,פנימי,הלוואה לגורם 202,2080749.0,2023-09-21,ישראל,,לא,NR,NR,NR,ILS,1.0,3.940%,קבועה,41806.502,41806.502,54.517%
170,2002,250.0,פנימי,הלוואה לגורם 250,2080765.0,2023-10-26,ישראל,,לא,NR,NR,NR,ILS,1.0,3.390%,קבועה,46310.181,46310.181,10.588%
170,2002,113.0,פנימי,הלוואה לגורם 113,8261018.0,2023-11-15,ישראל,,לא,Aa1,NR,מנפיק,ILS,1.0,3.850%,קבועה,161497.719,161497.719,97.499%
170,2002,19685.0,פנימי,הלוואה לגורם 19685,2080801.0,2023-12-20,ישראל,,לא,A+,S&P מעלות,הלוואה,ILS,1.0,6.900%,משתנה,119007.239,119007.239,83.489%
170,2002,1840.0,פנימי,הלוואה לגורם  1840,2080841.0,2024-04-21,ישראל,,לא,A3,מידרוג Moodys,הלוואה,ILS,1.0,6.500%,משתנה,25174.957,25174.957,8.545%
170,2002,19780.0,פנימי,הלוואה לגורם  19780,2080853.0,2024-06-01,ישראל,,לא,NR,NR,NR,USD,3.306,9.300%,משתנה,11931.404,39445.221,1.008%
170,2002,19803.0,פנימי,הלוואה לגורם  19803,2080880.0,2024-08-07,ישראל,,לא,NR,NR,NR,ILS,1.0,4.990%,קבועה,64987.318,64987.318,67.262%
170,2002,19862.0,פנימי,הלוואה לגורם  19862,2080921.0,2024-11-14,ישראל,,לא,NR,NR,NR,USD,3.306,10.700%,משתנה,8390.139,27737.799,60.018%
170,2002,19977.0,פנימי,הלוואה לגורם  19977,2080948.0,2025-01-15,ישראל,,לא,NR,NR,NR,USD,3.306,8.990%,משתנה,14877.622,49185.42,33.723%
170,2002,92.0,פנימי,הלוואה לגורם 92,2081005.0,2025-04-08,ישראל,,לא,NR,NR,NR,ILS,1.0,4.470%,קבועה,8039.852,8039.852,65.267%
170,2002,203.0,פנימי,הלוואה לגורם 203,2081033.0,2025-08-07,ישראל,,לא,A1,מידרוג Moodys,הלוואה,ILS,1.0,6.600%,משתנה,45801.962,45801.962,0.480%
170,2002,20079.0,פנימי,הלוואה לגורם  20079,2081032.0,2025-08-07,ישראל,,לא,NR,NR,NR,ILS,1.0,11.000%,משתנה,14656.628,14656.628,0.487%
170,2002,18633.0,פנימי,הלוואה לגורם  18633,2081047.0,2025-09-15,ישראל,,לא,NR,NR,NR,USD,3.306,15.300%,משתנה,6742.049,22289.213,67.196%
170,2002,18880.0,פנימי,הלוואה לגורם  18880,2081049.0,2025-09-28,ישראל,,לא,A3,מידרוג Moodys,מנפיק,ILS,1.0,12.500%,משתנה,49691.465,49691.465,62.855%
170,9654,194.0,פנימי,הלוואה לגורם 194,2080645.0,2022-12-25,ישראל,,לא,NR,NR,NR,ILS,1.0,8.500%,משתנה,15837.259,15837.259,46.868%
170,9654,194.0,פנימי,הלוואה לגורם 194,2080646.0,2022-12-25,ישראל,,לא,NR,NR,NR,ILS,1.0,13.100%,משתנה,1863.224,1863.224,46.868%
170,9654,179.0,פנימי,הלוואה לגורם 179,2080533.0,2021-06-30,ישראל,,לא,A-,S&P מעלות,הלוואה,ILS,1.0,7.150%,משתנה,54776.252,54776.252,12.352%
170,9654,182.0,פנימי,הלוואה לגורם 182,2080536.0,2021-06-30,ישראל,,לא,NR,NR,NR,ILS,1.0,7.250%,משתנה,106956.59,106956.59,26.718%
170,9654,174.0,פנימי,הלוואה לגורם 174,2080688.0,2022-12-31,ישראל,,לא,NR,NR,NR,ILS,1.0,4.000%,קבועה,31435.101,31435.101,59.388%
170,9654,45.0,פנימי,הלוואה לגורם 45,2080277.0,2018-06-13,ישראל,,לא,Aa2,מידרוג Moodys,הלוואה,EUR,3.8807,3.300%,משתנה,48.73,189.107,54.954%
170,9654,203.0,פנימי,הלוואה לגורם 203,2080744.0,2022-12-18,ישראל,,לא,A1,מידרוג Moodys,הלוואה,ILS,1.0,6.600%,משתנה,116549.811,116549.811,69.964%
170,9654,174.0,פנימי,הלוואה לגורם 174,2080662.0,2022-12-31,ישראל,,לא,NR,NR,NR,ILS,1.0,5.000%,קבועה,89891.736,89891.736,53.840%
170,9654,186.0,פנימי,הלוואה לגורם 186,2080622.0,2022-04-30,ישראל,,לא,BBB+,S&P מעלות,הלוואה,ILS,1.0,2.820%,קבועה,67987.262,67987.262,14.194%
170,9654,154.0,פנימי,הלוואה לגורם 154,2080571.0,2018-08-01,ישראל,,לא,A1,מידרוג Moodys,הלוואה,ILS,1.0,6.600%,משתנה,35067.343,35067.343,14.002%
170,9654,185.0,פנימי,הלוואה לגורם 185,2080574.0,2023-09-11,ישראל,,לא,BBB+,S&P מעלות,הלוואה,ILS,1.0,1.370%,קבועה,17507.258,17507.258,7.107%
170,9654,202.0,פנימי,הלוואה לגורם 202,2080749.0,2023-09-21,ישראל,,לא,NR,NR,NR,ILS,1.0,3.940%,קבועה,30150.43,30150.43,54.517%
170,9654,250.0,פנימי,הלוואה לגורם 250,2080765.0,2023-10-26,ישראל,,לא,NR,NR,NR,ILS,1.0,3.390%,קבועה,33398.438,33398.438,10.588%
170,9654,113.0,פנימי,הלוואה לגורם 113,8261018.0,2023-11-15,ישראל,,לא,Aa1,NR,מנפיק,ILS,1.0,3.850%,קבועה,116470.536,116470.536,97.499%
170,9654,19685.0,פנימי,הלוואה לגורם 19685,2080801.0,2023-12-20,ישראל,,לא,A+,S&P מעלות,הלוואה,ILS,1.0,6.900%,משתנה,85826.828,85826.828,83.489%
170,9654,1840.0,פנימי,הלוואה לגורם  1840,2080841.0,2024-04-21,ישראל,,לא,A3,מידרוג Moodys,הלוואה,ILS,1.0,6.500%,משתנה,18155.927,18155.927,8.545%
170,9654,19780.0,פנימי,הלוואה לגורם  19780,2080853.0,2024-06-01,ישראל,,לא,NR,NR,NR,USD,3.306,9.300%,משתנה,8604.809,28447.498,1.008%
170,9654,19803.0,פנימי,הלוואה לגורם  19803,2080880.0,2024-08-07,ישראל,,לא,NR,NR,NR,ILS,1.0,4.990%,קבועה,46868.203,46868.203,67.262%
170,9654,19862.0,פנימי,הלוואה לגורם  19862,2080921.0,2024-11-14,ישראל,,לא,NR,NR,NR,USD,3.306,10.700%,משתנה,6050.884,20004.223,60.018%
170,9654,19977.0,פנימי,הלוואה לגורם  19977,2080948.0,2025-01-15,ישראל,,לא,NR,NR,NR,USD,3.306,8.990%,משתנה,10729.592,35472.032,33.723%
170,9654,203.0,פנימי,הלוואה לגורם 203,2081033.0,2025-08-07,ישראל,,לא,A1,מידרוג Moodys,הלוואה,ILS,1.0,6.600%,משתנה,33031.916,33031.916,0.480%
170,9654,20079.0,פנימי,הלוואה לגורם  20079,2081032.0,2025-08-07,ישראל,,לא,NR,NR,NR,ILS,1.0,11.000%,משתנה,10570.213,10570.213,0.487%
170,9654,18633.0,פנימי,הלוואה לגורם  18633,2081047.0,2025-09-15,ישראל,,לא,NR,NR,NR,USD,3.306,15.300%,משתנה,4862.298,16074.757,67.196%
170,9654,18880.0,פנימי,הלוואה לגורם  18880,2081049.0,2025-09-28,ישראל,,לא,A3,מידרוג Moodys,מנפיק,ILS,1.0,12.500%,משתנה,35836.987,35836.987,62.855%
170,9655,194.0,פנימי,הלוואה לגורם 194,2080645.0,2022-12-25,ישראל,,לא,NR,NR,NR,ILS,1.0,8.500%,משתנה,6771.939,6771.939,46.868%
170,9655,194.0,פנימי,הלוואה לגורם 194,2080646.0,2022-12-25,ישראל,,לא,NR,NR,NR,ILS,1.0,13.100%,משתנה,796.706,796.706,46.868%
170,9655,179.0,פנימי,הלוואה לגורם 179,2080533.0,2021-06-30,ישראל,,לא,A-,S&P מעלות,הלוואה,ILS,1.0,7.150%,משתנה,23422.073,23422.073,12.352%
170,9655,182.0,פנימי,הלוואה לגורם 182,2080536.0,2021-06-30,ישראל,,לא,NR,NR,NR,ILS,1.0,7.250%,משתנה,45734.146,45734.146,26.718%
170,9655,174.0,פנימי,הלוואה לגורם 174,2080688.0,2022-12-31,ישראל,,לא,NR,NR,NR,ILS,1.0,4.000%,קבועה,13441.504,13441.504,59.388%
170,9655,45.0,פנימי,הלוואה לגורם 45,2080277.0,2018-06-13,ישראל,,לא,Aa2,מידרוג Moodys,הלוואה,EUR,3.8807,3.300%,משתנה,14.732,57.172,54.954%
170,9655,203.0,פנימי,הלוואה לגורם 203,2080744.0,2022-12-18,ישראל,,לא,A1,מידרוג Moodys,הלוואה,ILS,1.0,6.600%,משתנה,49836.163,49836.163,69.964%
170,9655,174.0,פנימי,הלוואה לגורם 174,2080662.0,2022-12-31,ישראל,,לא,NR,NR,NR,ILS,1.0,5.000%,קבועה,38437.293,38437.293,53.840%
170,9655,186.0,פנימי,הלוואה לגורם 186,2080622.0,2022-04-30,ישראל,,לא,BBB+,S&P מעלות,הלוואה,ILS,1.0,2.820%,קבועה,29071.04,29071.04,14.194%
170,9655,154.0,פנימי,הלוואה לגורם 154,2080571.0,2018-08-01,ישראל,,לא,A1,מידרוג Moodys,הלוואה,ILS,1.0,6.600%,משתנה,14994.635,14994.635,14.002%
170,9655,185.0,פנימי,הלוואה לגורם 185,2080574.0,2023-09-11,ישראל,,לא,BBB+,S&P מעלות,הלוואה,ILS,1.0,1.370%,קבועה,7486.023,7486.023,7.107%
170,9655,202.0,פנימי,הלוואה לגורם 202,2080749.0,2023-09-21,ישראל,,לא,NR,NR,NR,ILS,1.0,3.940%,קבועה,12892.185,12892.185,54.517%
170,9655,250.0,פנימי,הלוואה לגורם 250,2080765.0,2023-10-26,ישראל,,לא,NR,NR,NR,ILS,1.0,3.390%,קבועה,14281.019,14281.019,10.588%
170,9655,113.0,פנימי,הלוואה לגורם 113,8261018.0,2023-11-15,ישראל,,לא,Aa1,NR,מנפיק,ILS,1.0,3.850%,קבועה,49802.266,49802.266,97.499%
170,9655,19685.0,פנימי,הלוואה לגורם 19685,2080801.0,2023-12-20,ישראל,,לא,A+,S&P מעלות,הלוואה,ILS,1.0,6.900%,משתנה,36699.157,36699.157,83.489%
170,9655,1840.0,פנימי,הלוואה לגורם  1840,2080841.0,2024-04-21,ישראל,,לא,A3,מידרוג Moodys,הלוואה,ILS,1.0,6.500%,משתנה,7763.391,7763.391,8.545%
170,9655,19780.0,פנימי,הלוואה לגורם  19780,2080853.0,2024-06-01,ישראל,,לא,NR,NR,NR,USD,3.306,9.300%,משתנה,3679.377,12164.019,1.008%
170,9655,19803.0,פנימי,הלוואה לגורם  19803,2080880.0,2024-08-07,ישראל,,לא,NR,NR,NR,ILS,1.0,4.990%,קבועה,20040.628,20040.628,67.262%
170,9655,19862.0,פנימי,הלוואה לגורם  19862,2080921.0,2024-11-14,ישראל,,לא,NR,NR,NR,USD,3.306,10.700%,משתנה,2587.33,8553.714,60.018%
170,9655,19977.0,פנימי,הלוואה לגורם  19977,2080948.0,2025-01-15,ישראל,,לא,NR,NR,NR,USD,3.306,8.990%,משתנה,4587.924,15167.678,33.723%
170,9655,203.0,פנימי,הלוואה לגורם 203,2081033.0,2025-08-07,ישראל,,לא,A1,מידרוג Moodys,הלוואה,ILS,1.0,6.600%,משתנה,14124.295,14124.295,0.480%
170,9655,20079.0,פנימי,הלוואה לגורם  20079,2081032.0,2025-08-07,ישראל,,לא,NR,NR,NR,ILS,1.0,11.000%,משתנה,4519.775,4519.775,0.487%
170,9655,18633.0,פנימי,הלוואה לגורם  18633,2081047.0,2025-09-15,ישראל,,לא,NR,NR,NR,USD,3.306,15.300%,משתנה,2079.096,6873.492,67.196%
170,9655,18880.0,פנימי,הלוואה לגורם  18880,2081049.0,2025-09-28,ישראל,,לא,A3,מידרוג Moodys,מנפיק,ILS,1.0,12.500%,משתנה,15323.731,15323.731,62.855%
170,12177,194.0,פנימי,הלוואה לגורם 194,2080645.0,2022-12-25,ישראל,,לא,NR,NR,NR,ILS,1.0,8.500%,משתנה,4523.893,4523.893,46.868%
170,12177,194.0,פנימי,הלוואה לגורם 194,2080646.0,2022-12-25,ישראל,,לא,NR,NR,NR,ILS,1.0,13.100%,משתנה,532.227,532.227,46.868%
170,12177,179.0,פנימי,הלוואה לגורם 179,2080533.0,2021-06-30,ישראל,,לא,A-,S&P מעלות,הלוואה,ILS,1.0,7.150%,משתנה,15646.766,15646.766,12.352%
170,12177,182.0,פנימי,הלוואה לגורם 182,2080536.0,2021-06-30,ישראל,,לא,NR,NR,NR,ILS,1.0,7.250%,משתנה,30552.012,30552.012,26.718%
170,12177,174.0,פנימי,הלוואה לגורם 174,2080688.0,2022-12-31,ישראל,,לא,NR,NR,NR,ILS,1.0,4.000%,קבועה,8979.396,8979.396,59.388%
170,12177,203.0,פנימי,הלוואה לגורם 203,2080744.0,2022-12-18,ישראל,,לא,A1,מידרוג Moodys,הלוואה,ILS,1.0,6.600%,משתנה,33292.304,33292.304,69.964%
170,12177,174.0,פנימי,הלוואה לגורם 174,2080662.0,2022-12-31,ישראל,,לא,NR,NR,NR,ILS,1.0,5.000%,קבועה,25677.459,25677.459,53.840%
170,12177,186.0,פנימי,הלוואה לגורם 186,2080622.0,2022-04-30,ישראל,,לא,BBB+,S&P מעלות,הלוואה,ILS,1.0,2.820%,קבועה,19420.474,19420.474,14.194%
170,12177,154.0,פנימי,הלוואה לגורם 154,2080571.0,2018-08-01,ישראל,,לא,A1,מידרוג Moodys,הלוואה,ILS,1.0,6.600%,משתנה,10016.941,10016.941,14.002%
170,12177,185.0,פנימי,הלוואה לגורם 185,2080574.0,2023-09-11,ישראל,,לא,BBB+,S&P מעלות,הלוואה,ILS,1.0,1.370%,קבועה,5000.926,5000.926,7.107%
170,12177,202.0,פנימי,הלוואה לגורם 202,2080749.0,2023-09-21,ישראל,,לא,NR,NR,NR,ILS,1.0,3.940%,קבועה,8612.432,8612.432,54.517%
170,12177,250.0,פנימי,הלוואה לגורם 250,2080765.0,2023-10-26,ישראל,,לא,NR,NR,NR,ILS,1.0,3.390%,קבועה,9540.221,9540.221,10.588%
170,12177,113.0,פנימי,הלוואה לגורם 113,8261018.0,2023-11-15,ישראל,,לא,Aa1,NR,מנפיק,ILS,1.0,3.850%,קבועה,33269.659,33269.659,97.499%
170,12177,19685.0,פנימי,הלוואה לגורם 19685,2080801.0,2023-12-20,ישראל,,לא,A+,S&P מעלות,הלוואה,ILS,1.0,6.900%,משתנה,24516.323,24516.323,83.489%
170,12177,1840.0,פנימי,הלוואה לגורם  1840,2080841.0,2024-04-21,ישראל,,לא,A3,מידרוג Moodys,הלוואה,ILS,1.0,6.500%,משתנה,5186.217,5186.217,8.545%
170,12177,19780.0,פנימי,הלוואה לגורם  19780,2080853.0,2024-06-01,ישראל,,לא,NR,NR,NR,USD,3.306,9.300%,משתנה,2457.953,8125.991,1.008%
170,12177,19803.0,פנימי,הלוואה לגורם  19803,2080880.0,2024-08-07,ישראל,,לא,NR,NR,NR,ILS,1.0,4.990%,קבועה,13387.842,13387.842,67.262%
170,12177,19862.0,פנימי,הלוואה לגורם  19862,2080921.0,2024-11-14,ישראל,,לא,NR,NR,NR,USD,3.306,10.700%,משתנה,1728.427,5714.181,60.018%
170,12177,19977.0,פנימי,הלוואה לגורם  19977,2080948.0,2025-01-15,ישראל,,לא,NR,NR,NR,USD,3.306,8.990%,משתנה,3064.894,10132.54,33.723%
170,12177,203.0,פנימי,הלוואה לגורם 203,2081033.0,2025-08-07,ישראל,,לא,A1,מידרוג Moodys,הלוואה,ILS,1.0,6.600%,משתנה,9435.524,9435.524,0.480%
170,12177,20079.0,פנימי,הלוואה לגורם  20079,2081032.0,2025-08-07,ישראל,,לא,NR,NR,NR,ILS,1.0,11.000%,משתנה,3019.368,3019.368,0.487%
170,12177,18633.0,פנימי,הלוואה לגורם  18633,2081047.0,2025-09-15,ישראל,,לא,NR,NR,NR,USD,3.306,15.300%,משתנה,1388.909,4591.734,67.196%
170,12177,18880.0,פנימי,הלוואה לגורם  18880,2081049.0,2025-09-28,ישראל,,לא,A3,מידרוג Moodys,מנפיק,ILS,1.0,12.500%,משתנה,10236.789,10236.789,62.855%
170,9656,194.0,פנימי,הלוואה לגורם 194,2080645.0,2022-12-25,ישראל,,לא,NR,NR,NR,ILS,1.0,8.500%,משתנה,2676.789,2676.789,46.868%
170,9656,194.0,פנימי,הלוואה לגורם 194,2080646.0,2022-12-25,ישראל,,לא,NR,NR,NR,ILS,1.0,13.100%,משתנה,314.919,314.919,46.868%
170,9656,179.0,פנימי,הלוואה לגורם 179,2080533.0,2021-06-30,ישראל,,לא,A-,S&P מעלות,הלוואה,ILS,1.0,7.150%,משתנה,9258.199,9258.199,12.352%
170,9656,182.0,פנימי,הלוואה לגורם 182,2080536.0,2021-06-30,ישראל,,לא,NR,NR,NR,ILS,1.0,7.250%,משתנה,18077.64,18077.64,26.718%
170,9656,174.0,פנימי,הלוואה לגורם 174,2080688.0,2022-12-31,ישראל,,לא,NR,NR,NR,ILS,1.0,4.000%,קבועה,5313.113,5313.113,59.388%
170,9656,203.0,פנימי,הלוואה לגורם 203,2080744.0,2022-12-18,ישראל,,לא,A1,מידרוג Moodys,הלוואה,ILS,1.0,6.600%,משתנה,19699.072,19699.072,69.964%
170,9656,174.0,פנימי,הלוואה לגורם 174,2080662.0,2022-12-31,ישראל,,לא,NR,NR,NR,ILS,1.0,5.000%,קבועה,15193.365,15193.365,53.840%
170,9656,186.0,פנימי,הלוואה לגורם 186,2080622.0,2022-04-30,ישראל,,לא,BBB+,S&P מעלות,הלוואה,ILS,1.0,2.820%,קבועה,11491.104,11491.104,14.194%
170,9656,154.0,פנימי,הלוואה לגורם 154,2080571.0,2018-08-01,ישראל,,לא,A1,מידרוג Moodys,הלוואה,ILS,1.0,6.600%,משתנה,5927.029,5927.029,14.002%
170,9656,185.0,פנימי,הלוואה לגורם 185,2080574.0,2023-09-11,ישראל,,לא,BBB+,S&P מעלות,הלוואה,ILS,1.0,1.370%,קבועה,2959.05,2959.05,7.107%
170,9656,202.0,פנימי,הלוואה לגורם 202,2080749.0,2023-09-21,ישראל,,לא,NR,NR,NR,ILS,1.0,3.940%,קבועה,5095.98,5095.98,54.517%
170,9656,250.0,פנימי,הלוואה לגורם 250,2080765.0,2023-10-26,ישראל,,לא,NR,NR,NR,ILS,1.0,3.390%,קבועה,5644.953,5644.953,10.588%
170,9656,113.0,פנימי,הלוואה לגורם 113,8261018.0,2023-11-15,ישראל,,לא,Aa1,NR,מנפיק,ILS,1.0,3.850%,קבועה,19685.673,19685.673,97.499%
170,9656,19685.0,פנימי,הלוואה לגורם 19685,2080801.0,2023-12-20,ישראל,,לא,A+,S&P מעלות,הלוואה,ILS,1.0,6.900%,משתנה,14506.32,14506.32,83.489%
170,9656,1840.0,פנימי,הלוואה לגורם  1840,2080841.0,2024-04-21,ישראל,,לא,A3,מידרוג Moodys,הלוואה,ILS,1.0,6.500%,משתנה,3068.687,3068.687,8.545%
170,9656,19780.0,פנימי,הלוואה לגורם  19780,2080853.0,2024-06-01,ישראל,,לא,NR,NR,NR,USD,3.306,9.300%,משתנה,1454.372,4808.153,1.008%
170,9656,19803.0,פנימי,הלוואה לגורם  19803,2080880.0,2024-08-07,ישראל,,לא,NR,NR,NR,ILS,1.0,4.990%,קבועה,7921.592,7921.592,67.262%
170,9656,19862.0,פנימי,הלוואה לגורם  19862,2080921.0,2024-11-14,ישראל,,לא,NR,NR,NR,USD,3.306,10.700%,משתנה,1022.711,3381.083,60.018%
170,9656,19977.0,פנימי,הלוואה לגורם  19977,2080948.0,2025-01-15,ישראל,,לא,NR,NR,NR,USD,3.306,8.990%,משתנה,1813.499,5995.429,33.723%
170,9656,203.0,פנימי,הלוואה לגורם 203,2081033.0,2025-08-07,ישראל,,לא,A1,מידרוג Moodys,הלוואה,ILS,1.0,6.600%,משתנה,5583.004,5583.004,0.480%
170,9656,18633.0,פנימי,הלוואה לגורם  18633,2081047.0,2025-09-15,ישראל,,לא,NR,NR,NR,USD,3.306,15.300%,משתנה,821.818,2716.931,67.196%
170,9656,18880.0,פנימי,הלוואה לגורם  18880,2081049.0,2025-09-28,ישראל,,לא,A3,מידרוג Moodys,מנפיק,ILS,1.0,12.500%,משתנה,6057.113,6057.113,62.855%
170,2205,194.0,פנימי,הלוואה לגורם 194,2080645.0,2022-12-25,ישראל,,לא,NR,NR,NR,ILS,1.0,8.500%,משתנה,657.631,657.631,46.868%
170,2205,194.0,פנימי,הלוואה לגורם 194,2080646.0,2022-12-25,ישראל,,לא,NR,NR,NR,ILS,1.0,13.100%,משתנה,77.369,77.369,46.868%
170,2205,179.0,פנימי,הלוואה לגורם 179,2080533.0,2021-06-30,ישראל,,לא,A-,S&P מעלות,הלוואה,ILS,1.0,7.150%,משתנה,1328.6,1328.6,12.352%
170,2205,182.0,פנימי,הלוואה לגורם 182,2080536.0,2021-06-30,ישראל,,לא,NR,NR,NR,ILS,1.0,7.250%,משתנה,2561.691,2561.691,26.718%
170,2205,174.0,פנימי,הלוואה לגורם 174,2080688.0,2022-12-31,ישראל,,לא,NR,NR,NR,ILS,1.0,4.000%,קבועה,1302.806,1302.806,59.388%
170,2205,45.0,פנימי,הלוואה לגורם 45,2080277.0,2018-06-13,ישראל,,לא,Aa2,מידרוג Moodys,הלוואה,EUR,3.8807,3.300%,משתנה,71.018,275.598,54.954%
170,2205,203.0,פנימי,הלוואה לגורם 203,2080744.0,2022-12-18,ישראל,,לא,A1,מידרוג Moodys,הלוואה,ILS,1.0,6.600%,משתנה,4800.0,4800.0,69.964%
170,2205,174.0,פנימי,הלוואה לגורם 174,2080662.0,2022-12-31,ישראל,,לא,NR,NR,NR,ILS,1.0,5.000%,קבועה,3740.0,3740.0,53.840%
170,2205,154.0,פנימי,הלוואה לגורם 154,2080571.0,2018-08-01,ישראל,,לא,A1,מידרוג Moodys,הלוואה,ILS,1.0,6.600%,משתנה,6335.0,6335.0,14.002%
170,2205,1840.0,פנימי,הלוואה לגורם  1840,2080841.0,2024-04-21,ישראל,,לא,A3,מידרוג Moodys,הלוואה,ILS,1.0,6.500%,משתנה,495.0,495.0,8.545%
170,2205,19803.0,פנימי,הלוואה לגורם  19803,2080880.0,2024-08-07,ישראל,,לא,NR,NR,NR,ILS,1.0,4.990%,קבועה,1284.128,1284.128,67.262%
170,2205,92.0,פנימי,הלוואה לגורם 92,2081005.0,2025-04-08,ישראל,,לא,NR,NR,NR,ILS,1.0,4.470%,קבועה,457.762,457.762,65.267%
170,9648,194.0,פנימי,הלוואה לגורם 194,2080645.0,2022-12-25,ישראל,,לא,NR,NR,NR,ILS,1.0,8.500%,משתנה,116.46,116.46,46.868%
170,9648,179.0,פנימי,הלוואה לגורם 179,2080533.0,2021-06-30,ישראל,,לא,A-,S&P מעלות,הלוואה,ILS,1.0,7.150%,משתנה,402.799,402.799,12.352%
170,9648,182.0,פנימי,הלוואה לגורם 182,2080536.0,2021-06-30,ישראל,,לא,NR,NR,NR,ILS,1.0,7.250%,משתנה,786.509,786.509,26.718%
170,9648,174.0,פנימי,הלוואה לגורם 174,2080688.0,2022-12-31,ישראל,,לא,NR,NR,NR,ILS,1.0,4.000%,קבועה,231.159,231.159,59.388%
170,9648,203.0,פנימי,הלוואה לגורם 203,2080744.0,2022-12-18,ישראל,,לא,A1,מידרוג Moodys,הלוואה,ILS,1.0,6.600%,משתנה,857.053,857.053,69.964%
170,9648,174.0,פנימי,הלוואה לגורם 174,2080662.0,2022-12-31,ישראל,,לא,NR,NR,NR,ILS,1.0,5.000%,קבועה,661.022,661.022,53.840%
170,9648,186.0,פנימי,הלוואה לגורם 186,2080622.0,2022-04-30,ישראל,,לא,BBB+,S&P מעלות,הלוואה,ILS,1.0,2.820%,קבועה,499.946,499.946,14.194%
170,9648,154.0,פנימי,הלוואה לגורם 154,2080571.0,2018-08-01,ישראל,,לא,A1,מידרוג Moodys,הלוואה,ILS,1.0,6.600%,משתנה,257.869,257.869,14.002%
170,9648,202.0,פנימי,הלוואה לגורם 202,2080749.0,2023-09-21,ישראל,,לא,NR,NR,NR,ILS,1.0,3.940%,קבועה,221.712,221.712,54.517%
170,9648,250.0,פנימי,הלוואה לגורם 250,2080765.0,2023-10-26,ישראל,,לא,NR,NR,NR,ILS,1.0,3.390%,קבועה,245.596,245.596,10.588%
170,9648,113.0,פנימי,הלוואה לגורם 113,8261018.0,2023-11-15,ישראל,,לא,Aa1,NR,מנפיק,ILS,1.0,3.850%,קבועה,856.47,856.47,97.499%
170,9648,19685.0,פנימי,הלוואה לגורם 19685,2080801.0,2023-12-20,ישראל,,לא,A+,S&P מעלות,הלוואה,ILS,1.0,6.900%,משתנה,631.13,631.13,83.489%
170,9648,1840.0,פנימי,הלוואה לגורם  1840,2080841.0,2024-04-21,ישראל,,לא,A3,מידרוג Moodys,הלוואה,ILS,1.0,6.500%,משתנה,133.51,133.51,8.545%
170,9648,19803.0,פנימי,הלוואה לגורם  19803,2080880.0,2024-08-07,ישראל,,לא,NR,NR,NR,ILS,1.0,4.990%,קבועה,344.647,344.647,67.262%
170,9648,19862.0,פנימי,הלוואה לגורם  19862,2080921.0,2024-11-14,ישראל,,לא,NR,NR,NR,USD,3.306,10.700%,משתנה,44.495,147.102,60.018%
170,9648,19977.0,פנימי,הלוואה לגורם  19977,2080948.0,2025-01-15,ישראל,,לא,NR,NR,NR,USD,3.306,8.990%,משתנה,78.9,260.845,33.723%
170,9648,18633.0,פנימי,הלוואה לגורם  18633,2081047.0,2025-09-15,ישראל,,לא,NR,NR,NR,USD,3.306,15.300%,משתנה,35.755,118.206,67.196%
170,9648,18880.0,פנימי,הלוואה לגורם  18880,2081049.0,2025-09-28,ישראל,,לא,A3,מידרוג Moodys,מנפיק,ILS,1.0,12.500%,משתנה,263.528,263.528,62.855%
170,15433,,,,,,,,,,,,,,,,,,0.000%
170,15432,,,,,,,,,,,,,,,,,,0.000%
170,15092,,,,,,,,,,,,,,,,,,0.000%
170,14233,,,,,,,,,,,,,,,,,,0.000%
170,14232,,,,,,,,,,,,,,,,,,0.000%
170,13347,,,,,,,,,,,,,,,,,,0.000%
170,13213,,,,,,,,,,,,,,,,,,0.000%
170,12176,,,,,,,,,,,,,,,,,,0.000%
170,9647,,,,,,,,,,,,,,,,,,0.000%
170,9650,,,,,,,,,,,,,,,,,,0.000%
170,2004,,,,,,,,,,,,,,,,,,0.000%
170,9649,,,,,,,,,,,,,,,,,,0.000%
667,9633,194.0,פנימי,הלוואה לגורם 194,2080645.0,2022-12-25,ישראל,,לא,NR,NR,NR,ILS,1.0,8.500%,משתנה,891.622,891.622,46.868%
667,9633,194.0,פנימי,הלוואה לגורם 194,2080646.0,2022-12-25,ישראל,,לא,NR,NR,NR,ILS,1.0,13.100%,משתנה,104.898,104.898,46.868%
667,9633,179.0,פנימי,הלוואה לגורם 179,2080533.0,2021-06-30,ישראל,,לא,A-,S&P מעלות,הלוואה,ILS,1.0,7.150%,משתנה,3083.85,3083.85,12.352%
667,9633,182.0,פנימי,הלוואה לגורם 182,2080536.0,2021-06-30,ישראל,,לא,NR,NR,NR,ILS,1.0,7.250%,משתנה,6021.553,6021.553,26.718%
667,9633,174.0,פנימי,הלוואה לגורם 174,2080688.0,2022-12-31,ישראל,,לא,NR,NR,NR,ILS,1.0,4.000%,קבועה,1769.766,1769.766,59.388%
667,9633,203.0,פנימי,הלוואה לגורם 203,2080744.0,2022-12-18,ישראל,,לא,A1,מידרוג Moodys,הלוואה,ILS,1.0,6.600%,משתנה,6561.642,6561.642,69.964%
667,9633,174.0,פנימי,הלוואה לגורם 174,2080662.0,2022-12-31,ישראל,,לא,NR,NR,NR,ILS,1.0,5.000%,קבועה,5060.818,5060.818,53.840%
667,9633,186.0,פנימי,הלוואה לגורם 186,2080622.0,2022-04-30,ישראל,,לא,BBB+,S&P מעלות,הלוואה,ILS,1.0,2.820%,קבועה,3827.617,3827.617,14.194%
667,9633,154.0,פנימי,הלוואה לגורם 154,2080571.0,2018-08-01,ישראל,,לא,A1,מידרוג Moodys,הלוואה,ILS,1.0,6.600%,משתנה,1974.258,1974.258,14.002%
667,9633,185.0,פנימי,הלוואה לגורם 185,2080574.0,2023-09-11,ישראל,,לא,BBB+,S&P מעלות,הלוואה,ILS,1.0,1.370%,קבועה,985.642,985.642,7.107%
667,9633,202.0,פנימי,הלוואה לגורם 202,2080749.0,2023-09-21,ישראל,,לא,NR,NR,NR,ILS,1.0,3.940%,קבועה,1697.44,1697.44,54.517%
667,9633,250.0,פנימי,הלוואה לגורם 250,2080765.0,2023-10-26,ישראל,,לא,NR,NR,NR,ILS,1.0,3.390%,קבועה,1880.3,1880.3,10.588%
667,9633,113.0,פנימי,הלוואה לגורם 113,8261018.0,2023-11-15,ישראל,,לא,Aa1,NR,מנפיק,ILS,1.0,3.850%,קבועה,6557.179,6557.179,97.499%
667,9633,19685.0,פנימי,הלוואה לגורם 19685,2080801.0,2023-12-20,ישראל,,לא,A+,S&P מעלות,הלוואה,ILS,1.0,6.900%,משתנה,4831.968,4831.968,83.489%
667,9633,1840.0,פנימי,הלוואה לגורם  1840,2080841.0,2024-04-21,ישראל,,לא,A3,מידרוג Moodys,הלוואה,ILS,1.0,6.500%,משתנה,1022.161,1022.161,8.545%
667,9633,19780.0,פנימי,הלוואה לגורם  19780,2080853.0,2024-06-01,ישראל,,לא,NR,NR,NR,USD,3.306,9.300%,משתנה,484.442,1601.567,1.008%
667,9633,19803.0,פנימי,הלוואה לגורם  19803,2080880.0,2024-08-07,ישראל,,לא,NR,NR,NR,ILS,1.0,4.990%,קבועה,2638.635,2638.635,67.262%
667,9633,19862.0,פנימי,הלוואה לגורם  19862,2080921.0,2024-11-14,ישראל,,לא,NR,NR,NR,USD,3.306,10.700%,משתנה,340.659,1126.219,60.018%
667,9633,19977.0,פנימי,הלוואה לגורם  19977,2080948.0,2025-01-15,ישראל,,לא,NR,NR,NR,USD,3.306,8.990%,משתנה,604.066,1997.041,33.723%
667,9633,18633.0,פנימי,הלוואה לגורם  18633,2081047.0,2025-09-15,ישראל,,לא,NR,NR,NR,USD,3.306,15.300%,משתנה,273.743,904.993,67.196%
667,9633,18880.0,פנימי,הלוואה לגורם  18880,2081049.0,2025-09-28,ישראל,,לא,A3,מידרוג Moodys,מנפיק,ILS,1.0,12.500%,משתנה,2017.588,2017.588,62.855%
667,2176,194.0,פנימי,הלוואה לגורם 194,2080645.0,2022-12-25,ישראל,,לא,NR,NR,NR,ILS,1.0,8.500%,משתנה,722.929,722.929,46.868%
667,2176,194.0,פנימי,הלוואה לגורם 194,2080646.0,2022-12-25,ישראל,,לא,NR,NR,NR,ILS,1.0,13.100%,משתנה,85.051,85.051,46.868%
667,2176,179.0,פנימי,הלוואה לגורם 179,2080533.0,2021-06-30,ישראל,,לא,A-,S&P מעלות,הלוואה,ILS,1.0,7.150%,משתנה,2500.391,2500.391,12.352%
667,2176,182.0,פנימי,הלוואה לגורם 182,2080536.0,2021-06-30,ישראל,,לא,NR,NR,NR,ILS,1.0,7.250%,משתנה,4882.285,4882.285,26.718%
667,2176,174.0,פנימי,הלוואה לגורם 174,2080688.0,2022-12-31,ישראל,,לא,NR,NR,NR,ILS,1.0,4.000%,קבועה,1434.929,1434.929,59.388%
667,2176,45.0,פנימי,הלוואה לגורם 45,2080277.0,2018-06-13,ישראל,,לא,Aa2,מידרוג Moodys,הלוואה,EUR,3.8807,3.300%,משתנה,23.043,89.423,54.954%
667,2176,203.0,פנימי,הלוואה לגורם 203,2080744.0,2022-12-18,ישראל,,לא,A1,מידרוג Moodys,הלוואה,ILS,1.0,6.600%,משתנה,5320.191,5320.191,69.964%
667,2176,174.0,פנימי,הלוואה לגורם 174,2080662.0,2022-12-31,ישראל,,לא,NR,NR,NR,ILS,1.0,5.000%,קבועה,4103.32,4103.32,53.840%
667,2176,186.0,פנימי,הלוואה לגורם 186,2080622.0,2022-04-30,ישראל,,לא,BBB+,S&P מעלות,הלוואה,ILS,1.0,2.820%,קבועה,3103.439,3103.439,14.194%
667,2176,154.0,פנימי,הלוואה לגורם 154,2080571.0,2018-08-01,ישראל,,לא,A1,מידרוג Moodys,הלוואה,ILS,1.0,6.600%,משתנה,1600.731,1600.731,14.002%
667,2176,185.0,פנימי,הלוואה לגורם 185,2080574.0,2023-09-11,ישראל,,לא,BBB+,S&P מעלות,הלוואה,ILS,1.0,1.370%,קבועה,799.16,799.16,7.107%
667,2176,202.0,פנימי,הלוואה לגורם 202,2080749.0,2023-09-21,ישראל,,לא,NR,NR,NR,ILS,1.0,3.940%,קבועה,1376.287,1376.287,54.517%
667,2176,250.0,פנימי,הלוואה לגורם 250,2080765.0,2023-10-26,ישראל,,לא,NR,NR,NR,ILS,1.0,3.390%,קבועה,1524.55,1524.55,10.588%
667,2176,113.0,פנימי,הלוואה לגורם 113,8261018.0,2023-11-15,ישראל,,לא,Aa1,NR,מנפיק,ILS,1.0,3.850%,קבועה,5316.572,5316.572,97.499%
667,2176,19685.0,פנימי,הלוואה לגורם 19685,2080801.0,2023-12-20,ישראל,,לא,A+,S&P מעלות,הלוואה,ILS,1.0,6.900%,משתנה,3917.768,3917.768,83.489%
667,2176,1840.0,פנימי,הלוואה לגורם  1840,2080841.0,2024-04-21,ישראל,,לא,A3,מידרוג Moodys,הלוואה,ILS,1.0,6.500%,משתנה,828.77,828.77,8.545%
667,2176,19780.0,פנימי,הלוואה לגורם  19780,2080853.0,2024-06-01,ישראל,,לא,NR,NR,NR,USD,3.306,9.300%,משתנה,392.787,1298.553,1.008%
667,2176,19803.0,פנימי,הלוואה לגורם  19803,2080880.0,2024-08-07,ישראל,,לא,NR,NR,NR,ILS,1.0,4.990%,קבועה,2139.409,2139.409,67.262%
667,2176,19862.0,פנימי,הלוואה לגורם  19862,2080921.0,2024-11-14,ישראל,,לא,NR,NR,NR,USD,3.306,10.700%,משתנה,276.207,913.14,60.018%
667,2176,19977.0,פנימי,הלוואה לגורם  19977,2080948.0,2025-01-15,ישראל,,לא,NR,NR,NR,USD,3.306,8.990%,משתנה,489.778,1619.204,33.723%
667,2176,92.0,פנימי,הלוואה לגורם 92,2081005.0,2025-04-08,ישראל,,לא,NR,NR,NR,ILS,1.0,4.470%,קבועה,174.079,174.079,65.267%
667,2176,18633.0,פנימי,הלוואה לגורם  18633,2081047.0,2025-09-15,ישראל,,לא,NR,NR,NR,USD,3.306,15.300%,משתנה,221.951,733.77,67.196%
667,2176,18880.0,פנימי,הלוואה לגורם  18880,2081049.0,2025-09-28,ישראל,,לא,A3,מידרוג Moodys,מנפיק,ILS,1.0,12.500%,משתנה,1635.864,1635.864,62.855%
667,9634,194.0,פנימי,הלוואה לגורם 194,2080645.0,2022-12-25,ישראל,,לא,NR,NR,NR,ILS,1.0,8.500%,משתנה,358.605,358.605,46.868%
667,9634,194.0,פנימי,הלוואה לגורם 194,2080646.0,2022-12-25,ישראל,,לא,NR,NR,NR,ILS,1.0,13.100%,משתנה,42.189,42.189,46.868%
667,9634,179.0,פנימי,הלוואה לגורם 179,2080533.0,2021-06-30,ישראל,,לא,A-,S&P מעלות,הלוואה,ILS,1.0,7.150%,משתנה,1240.305,1240.305,12.352%
667,9634,182.0,פנימי,הלוואה לגורם 182,2080536.0,2021-06-30,ישראל,,לא,NR,NR,NR,ILS,1.0,7.250%,משתנה,2421.83,2421.83,26.718%
667,9634,174.0,פנימי,הלוואה לגורם 174,2080688.0,2022-12-31,ישראל,,לא,NR,NR,NR,ILS,1.0,4.000%,קבועה,711.788,711.788,59.388%
667,9634,203.0,פנימי,הלוואה לגורם 203,2080744.0,2022-12-18,ישראל,,לא,A1,מידרוג Moodys,הלוואה,ILS,1.0,6.600%,משתנה,2639.05,2639.05,69.964%
667,9634,174.0,פנימי,הלוואה לגורם 174,2080662.0,2022-12-31,ישראל,,לא,NR,NR,NR,ILS,1.0,5.000%,קבועה,2035.428,2035.428,53.840%
667,9634,186.0,פנימי,הלוואה לגורם 186,2080622.0,2022-04-30,ישראל,,לא,BBB+,S&P מעלות,הלוואה,ILS,1.0,2.820%,קבועה,1539.443,1539.443,14.194%
667,9634,154.0,פנימי,הלוואה לגורם 154,2080571.0,2018-08-01,ישראל,,לא,A1,מידרוג Moodys,הלוואה,ILS,1.0,6.600%,משתנה,794.034,794.034,14.002%
667,9634,185.0,פנימי,הלוואה לגורם 185,2080574.0,2023-09-11,ישראל,,לא,BBB+,S&P מעלות,הלוואה,ILS,1.0,1.370%,קבועה,396.419,396.419,7.107%
667,9634,202.0,פנימי,הלוואה לגורם 202,2080749.0,2023-09-21,ישראל,,לא,NR,NR,NR,ILS,1.0,3.940%,קבועה,682.7,682.7,54.517%
667,9634,250.0,פנימי,הלוואה לגורם 250,2080765.0,2023-10-26,ישראל,,לא,NR,NR,NR,ILS,1.0,3.390%,קבועה,756.245,756.245,10.588%
667,9634,113.0,פנימי,הלוואה לגורם 113,8261018.0,2023-11-15,ישראל,,לא,Aa1,NR,מנפיק,ILS,1.0,3.850%,קבועה,2637.255,2637.255,97.499%
667,9634,19685.0,פנימי,הלוואה לגורם 19685,2080801.0,2023-12-20,ישראל,,לא,A+,S&P מעלות,הלוואה,ILS,1.0,6.900%,משתנה,1943.386,1943.386,83.489%
667,9634,1840.0,פנימי,הלוואה לגורם  1840,2080841.0,2024-04-21,ישראל,,לא,A3,מידרוג Moodys,הלוואה,ILS,1.0,6.500%,משתנה,411.107,411.107,8.545%
667,9634,19803.0,פנימי,הלוואה לגורם  19803,2080880.0,2024-08-07,ישראל,,לא,NR,NR,NR,ILS,1.0,4.990%,קבועה,1061.242,1061.242,67.262%
667,9634,19862.0,פנימי,הלוואה לגורם  19862,2080921.0,2024-11-14,ישראל,,לא,NR,NR,NR,USD,3.306,10.700%,משתנה,137.011,452.958,60.018%
667,9634,19977.0,פנימי,הלוואה לגורם  19977,2080948.0,2025-01-15,ישראל,,לא,NR,NR,NR,USD,3.306,8.990%,משתנה,242.951,803.197,33.723%
667,9634,18633.0,פנימי,הלוואה לגורם  18633,2081047.0,2025-09-15,ישראל,,לא,NR,NR,NR,USD,3.306,15.300%,משתנה,110.098,363.982,67.196%
667,9634,18880.0,פנימי,הלוואה לגורם  18880,2081049.0,2025-09-28,ישראל,,לא,A3,מידרוג Moodys,מנפיק,ILS,1.0,12.500%,משתנה,811.461,811.461,62.855%
667,12251,194.0,פנימי,הלוואה לגורם 194,2080645.0,2022-12-25,ישראל,,לא,NR,NR,NR,ILS,1.0,8.500%,משתנה,198.825,198.825,46.868%
667,12251,194.0,פנימי,הלוואה לגורם 194,2080646.0,2022-12-25,ישראל,,לא,NR,NR,NR,ILS,1.0,13.100%,משתנה,23.391,23.391,46.868%
667,12251,179.0,פנימי,הלוואה לגורם 179,2080533.0,2021-06-30,ישראל,,לא,A-,S&P מעלות,הלוואה,ILS,1.0,7.150%,משתנה,687.676,687.676,12.352%
667,12251,182.0,פנימי,הלוואה לגורם 182,2080536.0,2021-06-30,ישראל,,לא,NR,NR,NR,ILS,1.0,7.250%,משתנה,1342.762,1342.762,26.718%
667,12251,174.0,פנימי,הלוואה לגורם 174,2080688.0,2022-12-31,ישראל,,לא,NR,NR,NR,ILS,1.0,4.000%,קבועה,394.645,394.645,59.388%
667,12251,203.0,פנימי,הלוואה לגורם 203,2080744.0,2022-12-18,ישראל,,לא,A1,מידרוג Moodys,הלוואה,ILS,1.0,6.600%,משתנה,1463.198,1463.198,69.964%
667,12251,174.0,פנימי,הלוואה לגורם 174,2080662.0,2022-12-31,ישראל,,לא,NR,NR,NR,ILS,1.0,5.000%,קבועה,1128.525,1128.525,53.840%
667,12251,186.0,פנימי,הלוואה לגורם 186,2080622.0,2022-04-30,ישראל,,לא,BBB+,S&P מעלות,הלוואה,ILS,1.0,2.820%,קבועה,853.531,853.531,14.194%
667,12251,154.0,פנימי,הלוואה לגורם 154,2080571.0,2018-08-01,ישראל,,לא,A1,מידרוג Moodys,הלוואה,ILS,1.0,6.600%,משתנה,440.245,440.245,14.002%
667,12251,185.0,פנימי,הלוואה לגורם 185,2080574.0,2023-09-11,ישראל,,לא,BBB+,S&P מעלות,הלוואה,ILS,1.0,1.370%,קבועה,219.791,219.791,7.107%
667,12251,202.0,פנימי,הלוואה לגורם 202,2080749.0,2023-09-21,ישראל,,לא,NR,NR,NR,ILS,1.0,3.940%,קבועה,378.517,378.517,54.517%
667,12251,250.0,פנימי,הלוואה לגורם 250,2080765.0,2023-10-26,ישראל,,לא,NR,NR,NR,ILS,1.0,3.390%,קבועה,419.293,419.293,10.588%
667,12251,113.0,פנימי,הלוואה לגורם 113,8261018.0,2023-11-15,ישראל,,לא,Aa1,NR,מנפיק,ILS,1.0,3.850%,קבועה,1462.203,1462.203,97.499%
667,12251,19685.0,פנימי,הלוואה לגורם 19685,2080801.0,2023-12-20,ישראל,,לא,A+,S&P מעלות,הלוואה,ILS,1.0,6.900%,משתנה,1077.493,1077.493,83.489%
667,12251,1840.0,פנימי,הלוואה לגורם  1840,2080841.0,2024-04-21,ישראל,,לא,A3,מידרוג Moodys,הלוואה,ILS,1.0,6.500%,משתנה,227.934,227.934,8.545%
667,12251,19803.0,פנימי,הלוואה לגורם  19803,2080880.0,2024-08-07,ישראל,,לא,NR,NR,NR,ILS,1.0,4.990%,קבועה,588.396,588.396,67.262%
667,12251,19862.0,פנימי,הלוואה לגורם  19862,2080921.0,2024-11-14,ישראל,,לא,NR,NR,NR,USD,3.306,10.700%,משתנה,75.964,251.138,60.018%
667,12251,19977.0,פנימי,הלוואה לגורם  19977,2080948.0,2025-01-15,ישראל,,לא,NR,NR,NR,USD,3.306,8.990%,משתנה,134.702,445.326,33.723%
667,12251,18633.0,פנימי,הלוואה לגורם  18633,2081047.0,2025-09-15,ישראל,,לא,NR,NR,NR,USD,3.306,15.300%,משתנה,61.043,201.807,67.196%
667,12251,18880.0,פנימי,הלוואה לגורם  18880,2081049.0,2025-09-28,ישראל,,לא,A3,מידרוג Moodys,מנפיק,ILS,1.0,12.500%,משתנה,449.907,449.907,62.855%
667,9635,194.0,פנימי,הלוואה לגורם 194,2080645.0,2022-12-25,ישראל,,לא,NR,NR,NR,ILS,1.0,8.500%,משתנה,195.156,195.156,46.868%
667,9635,194.0,פנימי,הלוואה לגורם 194,2080646.0,2022-12-25,ישראל,,לא,NR,NR,NR,ILS,1.0,13.100%,משתנה,22.96,22.96,46.868%
667,9635,179.0,פנימי,הלוואה לגורם 179,2080533.0,2021-06-30,ישראל,,לא,A-,S&P מעלות,הלוואה,ILS,1.0,7.150%,משתנה,674.986,674.986,12.352%
667,9635,182.0,פנימי,הלוואה לגורם 182,2080536.0,2021-06-30,ישראל,,לא,NR,NR,NR,ILS,1.0,7.250%,משתנה,1317.984,1317.984,26.718%
667,9635,174.0,פנימי,הלוואה לגורם 174,2080688.0,2022-12-31,ישראל,,לא,NR,NR,NR,ILS,1.0,4.000%,קבועה,387.362,387.362,59.388%
667,9635,203.0,פנימי,הלוואה לגורם 203,2080744.0,2022-12-18,ישראל,,לא,A1,מידרוג Moodys,הלוואה,ILS,1.0,6.600%,משתנה,1436.197,1436.197,69.964%
667,9635,174.0,פנימי,הלוואה לגורם 174,2080662.0,2022-12-31,ישראל,,לא,NR,NR,NR,ILS,1.0,5.000%,קבועה,1107.7,1107.7,53.840%
667,9635,186.0,פנימי,הלוואה לגורם 186,2080622.0,2022-04-30,ישראל,,לא,BBB+,S&P מעלות,הלוואה,ILS,1.0,2.820%,קבועה,837.78,837.78,14.194%
667,9635,154.0,פנימי,הלוואה לגורם 154,2080571.0,2018-08-01,ישראל,,לא,A1,מידרוג Moodys,הלוואה,ILS,1.0,6.600%,משתנה,432.121,432.121,14.002%
667,9635,185.0,פנימי,הלוואה לגורם 185,2080574.0,2023-09-11,ישראל,,לא,BBB+,S&P מעלות,הלוואה,ILS,1.0,1.370%,קבועה,215.735,215.735,7.107%
667,9635,202.0,פנימי,הלוואה לגורם 202,2080749.0,2023-09-21,ישראל,,לא,NR,NR,NR,ILS,1.0,3.940%,קבועה,371.532,371.532,54.517%
667,9635,250.0,פנימי,הלוואה לגורם 250,2080765.0,2023-10-26,ישראל,,לא,NR,NR,NR,ILS,1.0,3.390%,קבועה,411.556,411.556,10.588%
667,9635,113.0,פנימי,הלוואה לגורם 113,8261018.0,2023-11-15,ישראל,,לא,Aa1,NR,מנפיק,ILS,1.0,3.850%,קבועה,1435.22,1435.22,97.499%
667,9635,19685.0,פנימי,הלוואה לגורם 19685,2080801.0,2023-12-20,ישראל,,לא,A+,S&P מעלות,הלוואה,ILS,1.0,6.900%,משתנה,1057.61,1057.61,83.489%
667,9635,1840.0,פנימי,הלוואה לגורם  1840,2080841.0,2024-04-21,ישראל,,לא,A3,מידרוג Moodys,הלוואה,ILS,1.0,6.500%,משתנה,223.728,223.728,8.545%
667,9635,19803.0,פנימי,הלוואה לגורם  19803,2080880.0,2024-08-07,ישראל,,לא,NR,NR,NR,ILS,1.0,4.990%,קבועה,577.538,577.538,67.262%
667,9635,19862.0,פנימי,הלוואה לגורם  19862,2080921.0,2024-11-14,ישראל,,לא,NR,NR,NR,USD,3.306,10.700%,משתנה,74.563,246.504,60.018%
667,9635,19977.0,פנימי,הלוואה לגורם  19977,2080948.0,2025-01-15,ישראל,,לא,NR,NR,NR,USD,3.306,8.990%,משתנה,132.217,437.108,33.723%
667,9635,18633.0,פנימי,הלוואה לגורם  18633,2081047.0,2025-09-15,ישראל,,לא,NR,NR,NR,USD,3.306,15.300%,משתנה,59.916,198.083,67.196%
667,9635,18880.0,פנימי,הלוואה לגורם  18880,2081049.0,2025-09-28,ישראל,,לא,A3,מידרוג Moodys,מנפיק,ILS,1.0,12.500%,משתנה,441.605,441.605,62.855%
667,2206,194.0,פנימי,הלוואה לגורם 194,2080645.0,2022-12-25,ישראל,,לא,NR,NR,NR,ILS,1.0,8.500%,משתנה,67.105,67.105,46.868%
667,2206,179.0,פנימי,הלוואה לגורם 179,2080533.0,2021-06-30,ישראל,,לא,A-,S&P מעלות,הלוואה,ILS,1.0,7.150%,משתנה,142.35,142.35,12.352%
667,2206,182.0,פנימי,הלוואה לגורם 182,2080536.0,2021-06-30,ישראל,,לא,NR,NR,NR,ILS,1.0,7.250%,משתנה,256.169,256.169,26.718%
667,2206,174.0,פנימי,הלוואה לגורם 174,2080688.0,2022-12-31,ישראל,,לא,NR,NR,NR,ILS,1.0,4.000%,קבועה,138.596,138.596,59.388%
667,2206,203.0,פנימי,הלוואה לגורם 203,2080744.0,2022-12-18,ישראל,,לא,A1,מידרוג Moodys,הלוואה,ILS,1.0,6.600%,משתנה,500.0,500.0,69.964%
667,2206,174.0,פנימי,הלוואה לגורם 174,2080662.0,2022-12-31,ישראל,,לא,NR,NR,NR,ILS,1.0,5.000%,קבועה,340.0,340.0,53.840%
667,2206,186.0,פנימי,הלוואה לגורם 186,2080622.0,2022-04-30,ישראל,,לא,BBB+,S&P מעלות,הלוואה,ILS,1.0,2.820%,קבועה,426.715,426.715,14.194%
667,2206,154.0,פנימי,הלוואה לגורם 154,2080571.0,2018-08-01,ישראל,,לא,A1,מידרוג Moodys,הלוואה,ILS,1.0,6.600%,משתנה,385.0,385.0,14.002%
667,2206,202.0,פנימי,הלוואה לגורם 202,2080749.0,2023-09-21,ישראל,,לא,NR,NR,NR,ILS,1.0,3.940%,קבועה,27.93,27.93,54.517%
667,2206,92.0,פנימי,הלוואה לגורם 92,2081005.0,2025-04-08,ישראל,,לא,NR,NR,NR,ILS,1.0,4.470%,קבועה,32.237,32.237,65.267%
667,15434,,,,,,,,,,,,,,,,,,0.000%
667,15435,,,,,,,,,,,,,,,,,,0.000%
667,15091,,,,,,,,,,,,,,,,,,0.000%
667,14231,,,,,,,,,,,,,,,,,,0.000%
667,14238,,,,,,,,,,,,,,,,,,0.000%
667,13698,,,,,,,,,,,,,,,,,,0.000%
667,14795,,,,,,,,,,,,,,,,,,0.000%
667,13214,,,,,,,,,,,,,,,,,,0.000%
