מספר קופה/קרן/ח.פ. עבור חברת ביטוח,מספר מסלול,שם הבנק,מספר מזהה בנק,סוג מספר מזהה בנק,מאפיין עיקרי,"ישראל/חו""ל",בעל עניין/צד קשור,דירוג הבנק,שם מדרג,מטבע פעילות,שווי מטבעי,שער חליפין,שיעור ריבית,"שווי הוגן (באלפי ש""ח)",שיעור מנכסי אפיק ההשקעה,שיעור מסך נכסי ההשקעה,Unnamed: 17,Unnamed: 18,Unnamed: 19,סוף מידע
1328,2196.0,לאומי,10-800,סימול בנק,"מזומן ועו""ש בש""ח",ישראל,לא,AAA,S&P מעלות,ILS,0.48724,1.0,,0.487,-0.000426,4.1e-05,,,,
1328,2196.0,לאומי,10-800,סימול בנק,"מזומן ועו""ש בש""ח",ישראל,לא,AAA,S&P מעלות,ILS,-180.25245,1.0,,-180.252,0.157812,-0.015513,,,,
1328,2196.0,לאומי,10-800,סימול בנק,"מזומן ועו""ש בש""ח",ישראל,לא,AAA,S&P מעלות,ILS,-1108.81446,1.0,,-1108.814,0.970777,-0.095427,,,,
1328,2196.0,לאומי,10-800,סימול בנק,"מזומן ועו""ש נקוב במט""ח",ישראל,לא,AAA,S&P מעלות,EUR,3.24336,3.8807,,12.587,-0.011019,0.001083,,,,
1328,2196.0,לאומי,10-800,סימול בנק,"מזומן ועו""ש נקוב במט""ח",ישראל,לא,AAA,S&P מעלות,EUR,0.26977,3.8807,,1.047,-0.000916,9e-05,,,,
1328,2196.0,לאומי,10-800,סימול בנק,"מזומן ועו""ש נקוב במט""ח",ישראל,לא,AAA,S&P מעלות,USD,0.20002,3.306,,0.661,-0.000578,5.6e-05,,,,
1328,2196.0,לאומי,10-800,סימול בנק,"מזומן ועו""ש נקוב במט""ח",ישראל,לא,AAA,S&P מעלות,USD,30.68223,3.306,,101.435,-0.088807,0.008729,,,,
1328,2196.0,פועלים,12-800,סימול בנק,בטחונות שוטפים,ישראל,לא,Aa2,מידרוג Moodys,USD,0.49446,3.306,,1.635,-0.001431,0.00014,,,,
1328,2196.0,לאומי,10-800,סימול בנק,"פק""מ לתקופה של עד שלושה חודשים",ישראל,לא,AAA,S&P מעלות,ILS,0.89875,1.0,,0.899,-0.000786,7.7e-05,,,,
1328,2196.0,דיסקונט,11-800,סימול בנק,בטחונות שוטפים,ישראל,לא,Aa2,מידרוג Moodys,USD,-0.79685,3.306,,-2.634,0.002306,-0.000226,,,,
1328,2196.0,לאומי,10-800,סימול בנק,"פק""מ לתקופה של עד שלושה חודשים",ישראל,לא,AAA,S&P מעלות,ILS,0.18798,1.0,,0.188,-0.000164,1.6e-05,,,,
1328,2196.0,לאומי,10-800,סימול בנק,"מזומן ועו""ש נקוב במט""ח",ישראל,לא,AAA,S&P מעלות,JPY,120.0714,0.022332,,2.681,-0.002347,0.00023,,,,
1328,2196.0,לאומי,10-800,סימול בנק,בטחונות שוטפים,ישראל,לא,AAA,S&P מעלות,USD,-7.50201,3.306,,-24.802,0.021714,-0.002134,,,,
1328,2196.0,לאומי,10-800,סימול בנק,בטחונות שוטפים,ישראל,לא,AAA,S&P מעלות,USD,7.02389,3.306,,23.221,-0.02033,0.001998,,,,
1328,2196.0,"Citibank, NA",CITIUS33XXX,SWIFT,בטחונות שוטפים,"חו""ל",לא,A+,S&P,USD,0.39398,3.306,,1.302,-0.00114,0.000112,,,,
1328,2196.0,Goldman Sachs Group Inc,GSCMUS33XXX,SWIFT,בטחונות שוטפים,"חו""ל",לא,BBB+,S&P,USD,6.59651,3.306,,21.808,-0.019093,0.001876,,,,
1328,2196.0,Goldman Sachs Group Inc,GSCMUS33XXX,SWIFT,בטחונות שוטפים,"חו""ל",לא,BBB+,S&P,USD,-0.13082,3.306,,-0.433,0.000378,-3.7e-05,,,,
1328,2196.0,"Citibank, NA",CITIUS33XXX,SWIFT,בטחונות שוטפים,"חו""ל",לא,A+,S&P,USD,-1.10503,3.306,,-3.653,0.003198,-0.000314,,,,
1328,2196.0,JP Morgan,CHASUS33XXX,SWIFT,בטחונות שוטפים,"חו""ל",לא,A+,S&P,USD,-1.99101,3.306,,-6.582,0.005762,-0.000566,,,,
1328,2196.0,Goldman Sachs Group Inc,GSCMUS33XXX,SWIFT,בטחונות שוטפים,"חו""ל",לא,BBB+,S&P,USD,5.15015,3.306,,17.026,-0.014906,0.001465,,,,
1328,9757.0,פועלים,12-800,סימול בנק,בטחונות שוטפים,ישראל,לא,Aa2,מידרוג Moodys,USD,-2968.86171,3.306,,-9815.057,-0.016506,-0.000512,,,,
1328,9757.0,לאומי,10-800,סימול בנק,"מזומן ועו""ש נקוב במט""ח",ישראל,לא,AAA,S&P מעלות,USD,97.0683,3.306,,320.908,0.000539,1.6e-05,,,,
1328,9757.0,לאומי,10-800,סימול בנק,"מזומן ועו""ש נקוב במט""ח",ישראל,לא,AAA,S&P מעלות,USD,115270.9501,3.306,,381085.761,0.640883,0.019914,,,,
1328,9757.0,לאומי,10-800,סימול בנק,"מזומן ועו""ש נקוב במט""ח",ישראל,לא,AAA,S&P מעלות,EUR,21840.63431,3.8807,,84756.95,0.142538,0.004429,,,,
1328,9757.0,לאומי,10-800,סימול בנק,"מזומן ועו""ש נקוב במט""ח",ישראל,לא,AAA,S&P מעלות,EUR,130.91323,3.8807,,508.035,0.000854,2.6e-05,,,,
1328,9757.0,לאומי,10-800,סימול בנק,"מזומן ועו""ש בש""ח",ישראל,לא,AAA,S&P מעלות,ILS,2833.11828,1.0,,2833.118,0.004764,0.000148,,,,
1328,9757.0,לאומי,10-800,סימול בנק,"מזומן ועו""ש בש""ח",ישראל,לא,AAA,S&P מעלות,ILS,-729501.81349,1.0,,-729501.813,-1.226824,-0.038122,,,,
1328,9757.0,לאומי,10-800,סימול בנק,"מזומן ועו""ש בש""ח",ישראל,לא,AAA,S&P מעלות,ILS,697481.82716,1.0,,697481.827,1.172975,0.036449,,,,
1328,9757.0,לאומי,10-800,סימול בנק,"פק""מ לתקופה של עד שלושה חודשים",ישראל,לא,AAA,S&P מעלות,ILS,1095.10128,1.0,,1095.101,0.001841,5.7e-05,,,,
1328,9757.0,דיסקונט,11-800,סימול בנק,בטחונות שוטפים,ישראל,לא,Aa2,מידרוג Moodys,USD,-1519.89089,3.306,,-5024.759,-0.00845,-0.000262,,,,
1328,9757.0,לאומי,10-800,סימול בנק,"מזומן ועו""ש נקוב במט""ח",ישראל,לא,AAA,S&P מעלות,GBP,-0.00085,4.4409,,-0.004,0.0,0.0,,,,
1328,9757.0,לאומי,10-800,סימול בנק,"מזומן ועו""ש נקוב במט""ח",ישראל,לא,AAA,S&P מעלות,JPY,807742.99549,0.022332,,18038.517,0.030335,0.000942,,,,
1328,9757.0,לאומי,10-800,סימול בנק,"פק""מ לתקופה של עד שלושה חודשים",ישראל,לא,AAA,S&P מעלות,ILS,1264.61162,1.0,,1264.612,0.002126,6.6e-05,,,,
1328,9757.0,לאומי,10-800,סימול בנק,בטחונות שוטפים,ישראל,לא,AAA,S&P מעלות,USD,31227.56703,3.306,,103238.337,0.173618,0.005395,,,,
1328,9757.0,לאומי,10-800,סימול בנק,בטחונות שוטפים,ישראל,לא,AAA,S&P מעלות,USD,-49429.83837,3.306,,-163415.046,-0.274819,-0.008539,,,,
1328,9757.0,"Citibank, NA",CITIUS33XXX,SWIFT,בטחונות שוטפים,"חו""ל",לא,A+,S&P,USD,191.18732,3.306,,632.065,0.001062,3.3e-05,,,,
1328,9757.0,Goldman Sachs Group Inc,GSCMUS33XXX,SWIFT,בטחונות שוטפים,"חו""ל",לא,BBB+,S&P,USD,44375.98206,3.306,,146706.997,0.246721,0.007666,,,,
1328,9757.0,UBS Switzerland AG,UBSWJESHXXX,SWIFT,"מזומן ועו""ש נקוב במט""ח","חו""ל",לא,A+,S&P,PLN,59.27176,0.9075,,53.789,9e-05,2e-06,,,,
1328,9757.0,Alpha bank,CRBAGRAA,SWIFT,"מזומן ועו""ש נקוב במט""ח","חו""ל",לא,NR,NR,PLN,387.28648,0.9075,,351.462,0.000591,1.8e-05,,,,
1328,9757.0,Signature Bank/New York NY,SIGNUS33 XXX,SWIFT,"מזומן ועו""ש נקוב במט""ח","חו""ל",לא,NR,NR,USD,1844.39885,3.306,,6097.583,0.010254,0.000318,,,,
1328,9757.0,Signature Bank/New York NY,SIGNUS33 XXX,SWIFT,"מזומן ועו""ש נקוב במט""ח","חו""ל",לא,NR,NR,USD,1479.74776,3.306,,4892.046,0.008227,0.000255,,,,
1328,9757.0,Valley National Bank,MBNYUS33 XXX,SWIFT,"מזומן ועו""ש נקוב במט""ח","חו""ל",לא,BBB-,S&P,USD,0.14086,3.306,,0.466,0.0,0.0,,,,
1328,9757.0,Valley National Bank,MBNYUS33 XXX,SWIFT,"מזומן ועו""ש נקוב במט""ח","חו""ל",לא,BBB-,S&P,USD,0.01406,3.306,,0.047,0.0,0.0,,,,
1328,9757.0,Signature Bank/New York NY,SIGNUS33 XXX,SWIFT,"מזומן ועו""ש נקוב במט""ח","חו""ל",לא,NR,NR,USD,427.80839,3.306,,1414.335,0.002378,7.3e-05,,,,
1328,9757.0,Signature Bank/New York NY,SIGNUS33 XXX,SWIFT,"מזומן ועו""ש נקוב במט""ח","חו""ל",לא,NR,NR,USD,887.47134,3.306,,2933.98,0.004934,0.000153,,,,
1328,9757.0,Goldman Sachs Group Inc,GSCMUS33XXX,SWIFT,בטחונות שוטפים,"חו""ל",לא,BBB+,S&P,USD,34646.0345,3.306,,114539.79,0.192624,0.005985,,,,
1328,9757.0,Goldman Sachs Group Inc,GSCMUS33XXX,SWIFT,בטחונות שוטפים,"חו""ל",לא,BBB+,S&P,USD,-636.65851,3.306,,-2104.793,-0.003539,-0.000109,,,,
1328,9757.0,"Citibank, NA",CITIUS33XXX,SWIFT,בטחונות שוטפים,"חו""ל",לא,A+,S&P,USD,-5335.97158,3.306,,-17640.722,-0.029666,-0.000921,,,,
1328,9757.0,UBS Switzerland AG,UBSWJESHXXX,SWIFT,"פקדון במט""ח עד שלושה חודשים","חו""ל",לא,A+,S&P,PLN,3440.47012,0.9075,,3122.227,0.00525,0.000163,,,,
1328,9757.0,Signature Bank/New York NY,SIGNUS33 XXX,SWIFT,"מזומן ועו""ש נקוב במט""ח","חו""ל",לא,NR,NR,USD,519.80472,3.306,,1718.474,0.00289,8.9e-05,,,,
1328,9757.0,JP Morgan,CHASUS33XXX,SWIFT,בטחונות שוטפים,"חו""ל",לא,A+,S&P,USD,-15413.91359,3.306,,-50958.398,-0.085698,-0.002662,,,,
1328,9758.0,לאומי,10-800,סימול בנק,"מזומן ועו""ש נקוב במט""ח",ישראל,לא,AAA,S&P מעלות,USD,29979.45451,3.306,,99112.077,0.5549,0.019205,,,,
1328,9758.0,לאומי,10-800,סימול בנק,"מזומן ועו""ש נקוב במט""ח",ישראל,לא,AAA,S&P מעלות,USD,18.01216,3.306,,59.548,0.000333,1.1e-05,,,,
1328,9758.0,פועלים,12-800,סימול בנק,בטחונות שוטפים,ישראל,לא,Aa2,מידרוג Moodys,USD,-228.15127,3.306,,-754.268,-0.004222,-0.000146,,,,
1328,9758.0,לאומי,10-800,סימול בנק,"מזומן ועו""ש בש""ח",ישראל,לא,AAA,S&P מעלות,ILS,-211512.82197,1.0,,-211512.822,-1.184201,-0.040986,,,,
1328,9758.0,לאומי,10-800,סימול בנק,"מזומן ועו""ש בש""ח",ישראל,לא,AAA,S&P מעלות,ILS,642.72262,1.0,,642.723,0.003598,0.000124,,,,
1328,9758.0,לאומי,10-800,סימול בנק,"מזומן ועו""ש בש""ח",ישראל,לא,AAA,S&P מעלות,ILS,221132.70298,1.0,,221132.703,1.23806,0.042851,,,,
1328,9758.0,לאומי,10-800,סימול בנק,"מזומן ועו""ש נקוב במט""ח",ישראל,לא,AAA,S&P מעלות,EUR,5561.81884,3.8807,,21583.75,0.120841,0.004182,,,,
1328,9758.0,לאומי,10-800,סימול בנק,"מזומן ועו""ש נקוב במט""ח",ישראל,לא,AAA,S&P מעלות,EUR,24.29248,3.8807,,94.272,0.000527,1.8e-05,,,,
1328,9758.0,לאומי,10-800,סימול בנק,"פק""מ לתקופה של עד שלושה חודשים",ישראל,לא,AAA,S&P מעלות,ILS,322.273,1.0,,322.273,0.001804,6.2e-05,,,,
1328,9758.0,דיסקונט,11-800,סימול בנק,בטחונות שוטפים,ישראל,לא,Aa2,מידרוג Moodys,USD,-446.40465,3.306,,-1475.814,-0.008262,-0.000285,,,,
1328,9758.0,לאומי,10-800,סימול בנק,"פק""מ לתקופה של עד שלושה חודשים",ישראל,לא,AAA,S&P מעלות,ILS,542.56885,1.0,,542.569,0.003037,0.000105,,,,
1328,9758.0,לאומי,10-800,סימול בנק,"מזומן ועו""ש נקוב במט""ח",ישראל,לא,AAA,S&P מעלות,JPY,205844.8278,0.022332,,4596.927,0.025736,0.00089,,,,
1328,9758.0,לאומי,10-800,סימול בנק,בטחונות שוטפים,ישראל,לא,AAA,S&P מעלות,USD,-11912.17493,3.306,,-39381.65,-0.220486,-0.007631,,,,
1328,9758.0,לאומי,10-800,סימול בנק,בטחונות שוטפים,ישראל,לא,AAA,S&P מעלות,USD,9411.11486,3.306,,31113.146,0.174193,0.006029,,,,
1328,9758.0,"Citibank, NA",CITIUS33XXX,SWIFT,בטחונות שוטפים,"חו""ל",לא,A+,S&P,USD,35.47704,3.306,,117.287,0.000656,2.2e-05,,,,
1328,9758.0,Goldman Sachs Group Inc,GSCMUS33XXX,SWIFT,בטחונות שוטפים,"חו""ל",לא,BBB+,S&P,USD,-169.74994,3.306,,-561.193,-0.003141,-0.000108,,,,
1328,9758.0,Goldman Sachs Group Inc,GSCMUS33XXX,SWIFT,בטחונות שוטפים,"חו""ל",לא,BBB+,S&P,USD,11308.75345,3.306,,37386.739,0.209317,0.007244,,,,
1328,9758.0,Valley National Bank,MBNYUS33 XXX,SWIFT,"מזומן ועו""ש נקוב במט""ח","חו""ל",לא,BBB-,S&P,USD,0.00116,3.306,,0.004,0.0,0.0,,,,
1328,9758.0,Valley National Bank,MBNYUS33 XXX,SWIFT,"מזומן ועו""ש נקוב במט""ח","חו""ל",לא,BBB-,S&P,USD,0.05315,3.306,,0.176,0.0,0.0,,,,
1328,9758.0,Signature Bank/New York NY,SIGNUS33 XXX,SWIFT,"מזומן ועו""ש נקוב במט""ח","חו""ל",לא,NR,NR,USD,231.94067,3.306,,766.796,0.004293,0.000148,,,,
1328,9758.0,UBS Switzerland AG,UBSWJESHXXX,SWIFT,"מזומן ועו""ש נקוב במט""ח","חו""ל",לא,A+,S&P,PLN,4.21508,0.9075,,3.825,2.1e-05,0.0,,,,
1328,9758.0,Alpha bank,CRBAGRAA,SWIFT,"מזומן ועו""ש נקוב במט""ח","חו""ל",לא,NR,NR,PLN,27.54205,0.9075,,24.994,0.000139,4e-06,,,,
1328,9758.0,Signature Bank/New York NY,SIGNUS33 XXX,SWIFT,"מזומן ועו""ש נקוב במט""ח","חו""ל",לא,NR,NR,USD,170.11479,3.306,,562.4,0.003148,0.000108,,,,
1328,9758.0,Signature Bank/New York NY,SIGNUS33 XXX,SWIFT,"מזומן ועו""ש נקוב במט""ח","חו""ל",לא,NR,NR,USD,139.10525,3.306,,459.882,0.002574,8.9e-05,,,,
1328,9758.0,Signature Bank/New York NY,SIGNUS33 XXX,SWIFT,"מזומן ועו""ש נקוב במט""ח","חו""ל",לא,NR,NR,USD,116.80165,3.306,,386.146,0.002161,7.4e-05,,,,
1328,9758.0,Signature Bank/New York NY,SIGNUS33 XXX,SWIFT,"מזומן ועו""ש נקוב במט""ח","חו""ל",לא,NR,NR,USD,141.91877,3.306,,469.183,0.002626,9e-05,,,,
1328,9758.0,UBS Switzerland AG,UBSWJESHXXX,SWIFT,"פקדון במט""ח עד שלושה חודשים","חו""ל",לא,A+,S&P,PLN,244.67055,0.9075,,222.039,0.001243,4.3e-05,,,,
1328,9758.0,"Citibank, NA",CITIUS33XXX,SWIFT,בטחונות שוטפים,"חו""ל",לא,A+,S&P,USD,-1574.83267,3.306,,-5206.397,-0.029149,-0.001008,,,,
1328,9758.0,Goldman Sachs Group Inc,GSCMUS33XXX,SWIFT,בטחונות שוטפים,"חו""ל",לא,BBB+,S&P,USD,8829.17839,3.306,,29189.264,0.163422,0.005656,,,,
1328,9758.0,JP Morgan,CHASUS33XXX,SWIFT,בטחונות שוטפים,"חו""ל",לא,A+,S&P,USD,-3413.29835,3.306,,-11284.364,-0.063178,-0.002186,,,,
1328,9759.0,לאומי,10-800,סימול בנק,"מזומן ועו""ש נקוב במט""ח",ישראל,לא,AAA,S&P מעלות,USD,14.97108,3.306,,49.494,0.000632,2.1e-05,,,,
1328,9759.0,לאומי,10-800,סימול בנק,"מזומן ועו""ש נקוב במט""ח",ישראל,לא,AAA,S&P מעלות,USD,7001.15728,3.306,,23145.826,0.295926,0.010183,,,,
1328,9759.0,פועלים,12-800,סימול בנק,בטחונות שוטפים,ישראל,לא,Aa2,מידרוג Moodys,USD,-56.64977,3.306,,-187.284,-0.002394,-8.2e-05,,,,
1328,9759.0,לאומי,10-800,סימול בנק,"מזומן ועו""ש נקוב במט""ח",ישראל,לא,AAA,S&P מעלות,EUR,1213.18564,3.8807,,4708.01,0.060193,0.002071,,,,
1328,9759.0,לאומי,10-800,סימול בנק,"מזומן ועו""ש נקוב במט""ח",ישראל,לא,AAA,S&P מעלות,EUR,20.19106,3.8807,,78.355,0.001001,3.4e-05,,,,
1328,9759.0,לאומי,10-800,סימול בנק,"מזומן ועו""ש בש""ח",ישראל,לא,AAA,S&P מעלות,ILS,161.01007,1.0,,161.01,0.002058,7e-05,,,,
1328,9759.0,לאומי,10-800,סימול בנק,"מזומן ועו""ש בש""ח",ישראל,לא,AAA,S&P מעלות,ILS,113845.20185,1.0,,113845.202,1.455546,0.050088,,,,
1328,9759.0,לאומי,10-800,סימול בנק,"מזומן ועו""ש בש""ח",ישראל,לא,AAA,S&P מעלות,ILS,-78898.05246,1.0,,-78898.052,-1.008736,-0.034712,,,,
1328,9759.0,לאומי,10-800,סימול בנק,"פק""מ לתקופה של עד שלושה חודשים",ישראל,לא,AAA,S&P מעלות,ILS,70.29111,1.0,,70.291,0.000898,3e-05,,,,
1328,9759.0,לאומי,10-800,סימול בנק,"פק""מ לתקופה של עד שלושה חודשים",ישראל,לא,AAA,S&P מעלות,ILS,453.83062,1.0,,453.831,0.005802,0.000199,,,,
1328,9759.0,דיסקונט,11-800,סימול בנק,בטחונות שוטפים,ישראל,לא,Aa2,מידרוג Moodys,USD,-163.28698,3.306,,-539.827,-0.006901,-0.000237,,,,
1328,9759.0,לאומי,10-800,סימול בנק,"מזומן ועו""ש נקוב במט""ח",ישראל,לא,AAA,S&P מעלות,JPY,44896.9084,0.022332,,1002.638,0.012819,0.000441,,,,
1328,9759.0,לאומי,10-800,סימול בנק,בטחונות שוטפים,ישראל,לא,AAA,S&P מעלות,USD,3583.07815,3.306,,11845.656,0.15145,0.005211,,,,
1328,9759.0,לאומי,10-800,סימול בנק,בטחונות שוטפים,ישראל,לא,AAA,S&P מעלות,USD,-2953.25604,3.306,,-9763.464,-0.124828,-0.004295,,,,
1328,9759.0,"Citibank, NA",CITIUS33XXX,SWIFT,בטחונות שוטפים,"חו""ל",לא,A+,S&P,USD,29.48728,3.306,,97.485,0.001246,4.2e-05,,,,
1328,9759.0,Goldman Sachs Group Inc,GSCMUS33XXX,SWIFT,בטחונות שוטפים,"חו""ל",לא,BBB+,S&P,USD,5074.40191,3.306,,16775.973,0.214486,0.00738,,,,
1328,9759.0,Goldman Sachs Group Inc,GSCMUS33XXX,SWIFT,בטחונות שוטפים,"חו""ל",לא,BBB+,S&P,USD,2466.55732,3.306,,8154.439,0.104257,0.003587,,,,
1328,9759.0,Valley National Bank,MBNYUS33 XXX,SWIFT,"מזומן ועו""ש נקוב במט""ח","חו""ל",לא,BBB-,S&P,USD,0.00031,3.306,,0.001,0.0,0.0,,,,
1328,9759.0,Alpha bank,CRBAGRAA,SWIFT,"מזומן ועו""ש נקוב במט""ח","חו""ל",לא,NR,NR,PLN,7.9231,0.9075,,7.19,9.1e-05,3e-06,,,,
1328,9759.0,Signature Bank/New York NY,SIGNUS33 XXX,SWIFT,"מזומן ועו""ש נקוב במט""ח","חו""ל",לא,NR,NR,USD,86.65884,3.306,,286.494,0.003662,0.000126,,,,
1328,9759.0,UBS Switzerland AG,UBSWJESHXXX,SWIFT,"מזומן ועו""ש נקוב במט""ח","חו""ל",לא,A+,S&P,PLN,1.21185,0.9075,,1.1,1.4e-05,0.0,,,,
1328,9759.0,Valley National Bank,MBNYUS33 XXX,SWIFT,"מזומן ועו""ש נקוב במט""ח","חו""ל",לא,BBB-,S&P,USD,0.01956,3.306,,0.065,0.0,0.0,,,,
1328,9759.0,Signature Bank/New York NY,SIGNUS33 XXX,SWIFT,"מזומן ועו""ש נקוב במט""ח","חו""ל",לא,NR,NR,USD,118.78518,3.306,,392.704,0.00502,0.000172,,,,
1328,9759.0,Signature Bank/New York NY,SIGNUS33 XXX,SWIFT,"מזומן ועו""ש נקוב במט""ח","חו""ל",לא,NR,NR,USD,59.39572,3.306,,196.362,0.00251,8.6e-05,,,,
1328,9759.0,Signature Bank/New York NY,SIGNUS33 XXX,SWIFT,"מזומן ועו""ש נקוב במט""ח","חו""ל",לא,NR,NR,USD,71.24081,3.306,,235.522,0.003011,0.000103,,,,
1328,9759.0,Goldman Sachs Group Inc,GSCMUS33XXX,SWIFT,בטחונות שוטפים,"חו""ל",לא,BBB+,S&P,USD,1925.73608,3.306,,6366.484,0.081397,0.002801,,,,
1328,9759.0,"Citibank, NA",CITIUS33XXX,SWIFT,בטחונות שוטפים,"חו""ל",לא,A+,S&P,USD,-588.50527,3.306,,-1945.598,-0.024875,-0.000856,,,,
1328,9759.0,UBS Switzerland AG,UBSWJESHXXX,SWIFT,"פקדון במט""ח עד שלושה חודשים","חו""ל",לא,A+,S&P,PLN,70.34278,0.9075,,63.836,0.000816,2.8e-05,,,,
1328,9759.0,Signature Bank/New York NY,SIGNUS33 XXX,SWIFT,"מזומן ועו""ש נקוב במט""ח","חו""ל",לא,NR,NR,USD,72.16823,3.306,,238.588,0.00305,0.000104,,,,
1328,9759.0,JP Morgan,CHASUS33XXX,SWIFT,בטחונות שוטפים,"חו""ל",לא,A+,S&P,USD,-5634.47604,3.306,,-18627.578,-0.238159,-0.008195,,,,
1328,9760.0,לאומי,10-800,סימול בנק,"מזומן ועו""ש נקוב במט""ח",ישראל,לא,AAA,S&P מעלות,USD,3173.944,3.306,,10493.059,0.817099,0.03574,,,,
1328,9760.0,לאומי,10-800,סימול בנק,"מזומן ועו""ש נקוב במט""ח",ישראל,לא,AAA,S&P מעלות,USD,0.87474,3.306,,2.892,0.000225,9e-06,,,,
1328,9760.0,פועלים,12-800,סימול בנק,בטחונות שוטפים,ישראל,לא,Aa2,מידרוג Moodys,USD,17.06402,3.306,,56.414,0.004392,0.000192,,,,
1328,9760.0,לאומי,10-800,סימול בנק,"מזומן ועו""ש נקוב במט""ח",ישראל,לא,AAA,S&P מעלות,CAD,-0.00154,2.3745,,-0.004,0.0,0.0,,,,
1328,9760.0,לאומי,10-800,סימול בנק,"מזומן ועו""ש בש""ח",ישראל,לא,AAA,S&P מעלות,ILS,-11737.94679,1.0,,-11737.947,-0.914039,-0.03998,,,,
1328,9760.0,לאומי,10-800,סימול בנק,"מזומן ועו""ש בש""ח",ישראל,לא,AAA,S&P מעלות,ILS,10075.46632,1.0,,10075.466,0.784581,0.034318,,,,
1328,9760.0,לאומי,10-800,סימול בנק,"מזומן ועו""ש נקוב במט""ח",ישראל,לא,AAA,S&P מעלות,EUR,1.17974,3.8807,,4.578,0.000356,1.5e-05,,,,
1328,9760.0,לאומי,10-800,סימול בנק,"מזומן ועו""ש נקוב במט""ח",ישראל,לא,AAA,S&P מעלות,EUR,314.84831,3.8807,,1221.832,0.095144,0.004161,,,,
1328,9760.0,לאומי,10-800,סימול בנק,"פק""מ לתקופה של עד שלושה חודשים",ישראל,לא,AAA,S&P מעלות,ILS,18.24858,1.0,,18.249,0.001421,6.2e-05,,,,
1328,9760.0,לאומי,10-800,סימול בנק,"מזומן ועו""ש נקוב במט""ח",ישראל,לא,AAA,S&P מעלות,CHF,-0.04047,4.1427,,-0.168,-1.3e-05,0.0,,,,
1328,9760.0,לאומי,10-800,סימול בנק,"פק""מ לתקופה של עד שלושה חודשים",ישראל,לא,AAA,S&P מעלות,ILS,28.78316,1.0,,28.783,0.002241,9.8e-05,,,,
1328,9760.0,דיסקונט,11-800,סימול בנק,בטחונות שוטפים,ישראל,לא,Aa2,מידרוג Moodys,USD,-26.17524,3.306,,-86.535,-0.006738,-0.000294,,,,
1328,9760.0,לאומי,10-800,סימול בנק,"מזומן ועו""ש נקוב במט""ח",ישראל,לא,AAA,S&P מעלות,JPY,-0.4103,0.022332,,-0.009,0.0,0.0,,,,
1328,9760.0,לאומי,10-800,סימול בנק,"מזומן ועו""ש נקוב במט""ח",ישראל,לא,AAA,S&P מעלות,JPY,11655.88147,0.022332,,260.299,0.020269,0.000886,,,,
1328,9760.0,לאומי,10-800,סימול בנק,בטחונות שוטפים,ישראל,לא,AAA,S&P מעלות,USD,-659.39753,3.306,,-2179.968,-0.169755,-0.007425,,,,
1328,9760.0,לאומי,10-800,סימול בנק,בטחונות שוטפים,ישראל,לא,AAA,S&P מעלות,USD,492.63081,3.306,,1628.637,0.126822,0.005547,,,,
1328,9760.0,"Citibank, NA",CITIUS33XXX,SWIFT,בטחונות שוטפים,"חו""ל",לא,A+,S&P,USD,1.72291,3.306,,5.696,0.000443,1.9e-05,,,,
1328,9760.0,Goldman Sachs Group Inc,GSCMUS33XXX,SWIFT,בטחונות שוטפים,"חו""ל",לא,BBB+,S&P,USD,12.49987,3.306,,41.325,0.003217,0.00014,,,,
1328,9760.0,Goldman Sachs Group Inc,GSCMUS33XXX,SWIFT,בטחונות שוטפים,"חו""ל",לא,BBB+,S&P,USD,-2.19476,3.306,,-7.256,-0.000565,-2.4e-05,,,,
1328,9760.0,Goldman Sachs Group Inc,GSCMUS33XXX,SWIFT,בטחונות שוטפים,"חו""ל",לא,BBB+,S&P,USD,640.35366,3.306,,2117.009,0.164852,0.00721,,,,
1328,9760.0,Signature Bank/New York NY,SIGNUS33 XXX,SWIFT,"מזומן ועו""ש נקוב במט""ח","חו""ל",לא,NR,NR,USD,16.04444,3.306,,53.043,0.00413,0.00018,,,,
1328,9760.0,Valley National Bank,MBNYUS33 XXX,SWIFT,"מזומן ועו""ש נקוב במט""ח","חו""ל",לא,BBB-,S&P,USD,0.00377,3.306,,0.012,0.0,0.0,,,,
1328,9760.0,UBS Switzerland AG,UBSWJESHXXX,SWIFT,"מזומן ועו""ש נקוב במט""ח","חו""ל",לא,A+,S&P,PLN,0.40348,0.9075,,0.366,2.8e-05,1e-06,,,,
1328,9760.0,Alpha bank,CRBAGRAA,SWIFT,"מזומן ועו""ש נקוב במט""ח","חו""ל",לא,NR,NR,PLN,2.64105,0.9075,,2.397,0.000186,8e-06,,,,
1328,9760.0,Signature Bank/New York NY,SIGNUS33 XXX,SWIFT,"מזומן ועו""ש נקוב במט""ח","חו""ל",לא,NR,NR,USD,9.6226,3.306,,31.812,0.002477,0.000108,,,,
1328,9760.0,Signature Bank/New York NY,SIGNUS33 XXX,SWIFT,"מזומן ועו""ש נקוב במט""ח","חו""ל",לא,NR,NR,USD,8.25769,3.306,,27.3,0.002125,9.2e-05,,,,
1328,9760.0,Signature Bank/New York NY,SIGNUS33 XXX,SWIFT,"מזומן ועו""ש נקוב במט""ח","חו""ל",לא,NR,NR,USD,10.03345,3.306,,33.171,0.002583,0.000112,,,,
1328,9760.0,"Citibank, NA",CITIUS33XXX,SWIFT,בטחונות שוטפים,"חו""ל",לא,A+,S&P,USD,-88.33826,3.306,,-292.046,-0.022741,-0.000994,,,,
1328,9760.0,UBS Switzerland AG,UBSWJESHXXX,SWIFT,"פקדון במט""ח עד שלושה חודשים","חו""ל",לא,A+,S&P,PLN,23.41966,0.9075,,21.253,0.001655,7.2e-05,,,,
1328,9760.0,JP Morgan,CHASUS33XXX,SWIFT,בטחונות שוטפים,"חו""ל",לא,A+,S&P,USD,-203.27666,3.306,,-672.033,-0.052331,-0.002289,,,,
1328,9760.0,Goldman Sachs Group Inc,GSCMUS33XXX,SWIFT,בטחונות שוטפים,"חו""ל",לא,BBB+,S&P,USD,12.51619,3.306,,41.379,0.003222,0.00014,,,,
1328,9760.0,Goldman Sachs Group Inc,GSCMUS33XXX,SWIFT,בטחונות שוטפים,"חו""ל",לא,BBB+,S&P,USD,499.94871,3.306,,1652.83,0.128706,0.005629,,,,
1328,12138.0,לאומי,10-800,סימול בנק,"מזומן ועו""ש נקוב במט""ח",ישראל,לא,AAA,S&P מעלות,USD,7162.82457,3.306,,23680.298,6.474218,0.00831,,,,
1328,12138.0,לאומי,10-800,סימול בנק,"מזומן ועו""ש נקוב במט""ח",ישראל,לא,AAA,S&P מעלות,USD,18.08004,3.306,,59.773,0.016341,2e-05,,,,
1328,12138.0,פועלים,12-800,סימול בנק,בטחונות שוטפים,ישראל,לא,Aa2,מידרוג Moodys,USD,-130.42111,3.306,,-431.172,-0.117882,-0.000151,,,,
1328,12138.0,לאומי,10-800,סימול בנק,"מזומן ועו""ש בש""ח",ישראל,לא,AAA,S&P מעלות,ILS,127.85419,1.0,,127.854,0.034955,4.4e-05,,,,
1328,12138.0,לאומי,10-800,סימול בנק,"מזומן ועו""ש בש""ח",ישראל,לא,AAA,S&P מעלות,ILS,17248.62216,1.0,,17248.622,4.715791,0.006053,,,,
1328,12138.0,לאומי,10-800,סימול בנק,"מזומן ועו""ש בש""ח",ישראל,לא,AAA,S&P מעלות,ILS,-49673.62682,1.0,,-49673.627,-13.580821,-0.017433,,,,
1328,12138.0,לאומי,10-800,סימול בנק,"מזומן ועו""ש נקוב במט""ח",ישראל,לא,AAA,S&P מעלות,EUR,24.38403,3.8807,,94.627,0.025871,3.3e-05,,,,
1328,12138.0,לאומי,10-800,סימול בנק,"מזומן ועו""ש נקוב במט""ח",ישראל,לא,AAA,S&P מעלות,EUR,912.98171,3.8807,,3543.008,0.968662,0.001243,,,,
1328,12138.0,לאומי,10-800,סימול בנק,"פק""מ לתקופה של עד שלושה חודשים",ישראל,לא,AAA,S&P מעלות,ILS,52.91617,1.0,,52.916,0.014467,1.8e-05,,,,
1328,12138.0,לאומי,10-800,סימול בנק,"פק""מ לתקופה של עד שלושה חודשים",ישראל,לא,AAA,S&P מעלות,ILS,241.97123,1.0,,241.971,0.066155,8.4e-05,,,,
1328,12138.0,דיסקונט,11-800,סימול בנק,בטחונות שוטפים,ישראל,לא,Aa2,מידרוג Moodys,USD,-141.06781,3.306,,-466.37,-0.127506,-0.000163,,,,
1328,12138.0,לאומי,10-800,סימול בנק,"מזומן ועו""ש נקוב במט""ח",ישראל,לא,AAA,S&P מעלות,JPY,33799.04587,0.022332,,754.8,0.206363,0.000264,,,,
1328,12138.0,לאומי,10-800,סימול בנק,בטחונות שוטפים,ישראל,לא,AAA,S&P מעלות,USD,-1953.42878,3.306,,-6458.036,-1.765633,-0.002266,,,,
1328,12138.0,לאומי,10-800,סימול בנק,בטחונות שוטפים,ישראל,לא,AAA,S&P מעלות,USD,2013.13508,3.306,,6655.425,1.819599,0.002335,,,,
1328,12138.0,"Citibank, NA",CITIUS33XXX,SWIFT,בטחונות שוטפים,"חו""ל",לא,A+,S&P,USD,35.61074,3.306,,117.729,0.032187,4.1e-05,,,,
1328,12138.0,Goldman Sachs Group Inc,GSCMUS33XXX,SWIFT,בטחונות שוטפים,"חו""ל",לא,BBB+,S&P,USD,1856.86024,3.306,,6138.78,1.678348,0.002154,,,,
1328,12138.0,"Citibank, NA",CITIUS33XXX,SWIFT,בטחונות שוטפים,"חו""ל",לא,A+,S&P,USD,-362.52651,3.306,,-1198.513,-0.327674,-0.00042,,,,
1328,12138.0,Goldman Sachs Group Inc,GSCMUS33XXX,SWIFT,בטחונות שוטפים,"חו""ל",לא,BBB+,S&P,USD,1449.72214,3.306,,4792.781,1.310351,0.001682,,,,
1328,12138.0,Goldman Sachs Group Inc,GSCMUS33XXX,SWIFT,בטחונות שוטפים,"חו""ל",לא,BBB+,S&P,USD,69.45509,3.306,,229.619,0.062777,8e-05,,,,
1328,12138.0,JP Morgan,CHASUS33XXX,SWIFT,בטחונות שוטפים,"חו""ל",לא,A+,S&P,USD,-560.45239,3.306,,-1852.856,-0.506572,-0.00065,,,,
1328,12419.0,פועלים,12-800,סימול בנק,בטחונות שוטפים,ישראל,לא,Aa2,מידרוג Moodys,USD,418.88344,3.306,,1384.829,0.004692,0.000337,,,,
1328,12419.0,לאומי,10-800,סימול בנק,"מזומן ועו""ש נקוב במט""ח",ישראל,לא,AAA,S&P מעלות,USD,32083.89714,3.306,,106069.364,0.359388,0.02584,,,,
1328,12419.0,לאומי,10-800,סימול בנק,"מזומן ועו""ש נקוב במט""ח",ישראל,לא,AAA,S&P מעלות,EUR,6413.20621,3.8807,,24887.729,0.084325,0.006063,,,,
1328,12419.0,לאומי,10-800,סימול בנק,"מזומן ועו""ש בש""ח",ישראל,לא,AAA,S&P מעלות,ILS,704.73706,1.0,,704.737,0.002387,0.000171,,,,
1328,12419.0,לאומי,10-800,סימול בנק,"מזומן ועו""ש בש""ח",ישראל,לא,AAA,S&P מעלות,ILS,-182840.02313,1.0,,-182840.023,-0.619505,-0.044543,,,,
1328,12419.0,לאומי,10-800,סימול בנק,"מזומן ועו""ש בש""ח",ישראל,לא,AAA,S&P מעלות,ILS,294288.33058,1.0,,294288.331,0.997118,0.071695,,,,
1328,12419.0,לאומי,10-800,סימול בנק,"פק""מ לתקופה של עד שלושה חודשים",ישראל,לא,AAA,S&P מעלות,ILS,371.70774,1.0,,371.708,0.001259,9e-05,,,,
1328,12419.0,דיסקונט,11-800,סימול בנק,בטחונות שוטפים,ישראל,לא,Aa2,מידרוג Moodys,USD,-393.11336,3.306,,-1299.633,-0.004403,-0.000316,,,,
1328,12419.0,לאומי,10-800,סימול בנק,"מזומן ועו""ש נקוב במט""ח",ישראל,לא,AAA,S&P מעלות,GBP,0.00034,4.4409,,0.002,0.0,0.0,,,,
1328,12419.0,לאומי,10-800,סימול בנק,בטחונות שוטפים,ישראל,לא,AAA,S&P מעלות,USD,-12786.97102,3.306,,-42273.726,-0.143233,-0.010298,,,,
1328,12419.0,לאומי,10-800,סימול בנק,"מזומן ועו""ש נקוב במט""ח",ישראל,לא,AAA,S&P מעלות,JPY,237420.18618,0.022332,,5302.068,0.017964,0.001291,,,,
1328,12419.0,לאומי,10-800,סימול בנק,בטחונות שוטפים,ישראל,לא,AAA,S&P מעלות,USD,8404.70588,3.306,,27785.958,0.094145,0.006769,,,,
1328,12419.0,Goldman Sachs Group Inc,GSCMUS33XXX,SWIFT,בטחונות שוטפים,"חו""ל",לא,BBB+,S&P,USD,13043.4482,3.306,,43121.64,0.146106,0.010505,,,,
1328,12419.0,Signature Bank/New York NY,SIGNUS33 XXX,SWIFT,"מזומן ועו""ש נקוב במט""ח","חו""ל",לא,NR,NR,USD,158.75552,3.306,,524.846,0.001778,0.000127,,,,
1328,12419.0,Signature Bank/New York NY,SIGNUS33 XXX,SWIFT,"מזומן ועו""ש נקוב במט""ח","חו""ל",לא,NR,NR,USD,80.83585,3.306,,267.243,0.000905,6.5e-05,,,,
1328,12419.0,"Citibank, NA",CITIUS33XXX,SWIFT,בטחונות שוטפים,"חו""ל",לא,A+,S&P,USD,-1360.99796,3.306,,-4499.459,-0.015245,-0.001096,,,,
1328,12419.0,Signature Bank/New York NY,SIGNUS33 XXX,SWIFT,"מזומן ועו""ש נקוב במט""ח","חו""ל",לא,NR,NR,USD,95.21284,3.306,,314.774,0.001066,7.6e-05,,,,
1328,12419.0,JP Morgan,CHASUS33XXX,SWIFT,בטחונות שוטפים,"חו""ל",לא,A+,S&P,USD,-3936.87778,3.306,,-13015.318,-0.044098,-0.00317,,,,
1328,12419.0,Signature Bank/New York NY,SIGNUS33 XXX,SWIFT,"מזומן ועו""ש נקוב במט""ח","חו""ל",לא,NR,NR,USD,98.21889,3.306,,324.712,0.0011,7.9e-05,,,,
1328,12419.0,Goldman Sachs Group Inc,GSCMUS33XXX,SWIFT,בטחונות שוטפים,"חו""ל",לא,BBB+,S&P,USD,10183.52125,3.306,,33666.721,0.11407,0.008201,,,,
1328,12419.0,Goldman Sachs Group Inc,GSCMUS33XXX,SWIFT,בטחונות שוטפים,"חו""ל",לא,BBB+,S&P,USD,15.79633,3.306,,52.223,0.000176,1.2e-05,,,,
1328,13819.0,לאומי,10-800,סימול בנק,"מזומן ועו""ש בש""ח",ישראל,לא,AAA,S&P מעלות,ILS,146035.00075,1.0,,146035.001,18.242966,0.11393,,,,
1328,13819.0,לאומי,10-800,סימול בנק,"מזומן ועו""ש בש""ח",ישראל,לא,AAA,S&P מעלות,ILS,-87904.13271,1.0,,-87904.133,-10.981149,-0.068579,,,,
1328,13819.0,לאומי,10-800,סימול בנק,"מזומן ועו""ש נקוב במט""ח",ישראל,לא,AAA,S&P מעלות,USD,4456.17089,3.306,,14732.101,1.840361,0.011493,,,,
1328,13819.0,לאומי,10-800,סימול בנק,בטחונות שוטפים,ישראל,לא,AAA,S&P מעלות,USD,-10590.0,3.306,,-35010.54,-4.373582,-0.027313,,,,
1328,13819.0,לאומי,10-800,סימול בנק,בטחונות שוטפים,ישראל,לא,AAA,S&P מעלות,USD,2211.74045,3.306,,7312.014,0.91343,0.005704,,,,
1328,13819.0,"Citibank, NA",CITIUS33XXX,SWIFT,בטחונות שוטפים,"חו""ל",לא,A+,S&P,USD,-11240.0,3.306,,-37159.44,-4.642027,-0.02899,,,,
1328,14302.0,פועלים,12-800,סימול בנק,בטחונות שוטפים,ישראל,לא,Aa2,מידרוג Moodys,USD,1.5754,3.306,,5.208,0.004676,0.000261,,,,
1328,14302.0,לאומי,10-800,סימול בנק,"מזומן ועו""ש נקוב במט""ח",ישראל,לא,AAA,S&P מעלות,USD,112.50055,3.306,,371.927,0.33398,0.018689,,,,
1328,14302.0,לאומי,10-800,סימול בנק,"מזומן ועו""ש נקוב במט""ח",ישראל,לא,AAA,S&P מעלות,USD,0.11238,3.306,,0.372,0.000333,1.8e-05,,,,
1328,14302.0,לאומי,10-800,סימול בנק,"מזומן ועו""ש נקוב במט""ח",ישראל,לא,AAA,S&P מעלות,EUR,22.18629,3.8807,,86.098,0.077314,0.004326,,,,
1328,14302.0,לאומי,10-800,סימול בנק,"מזומן ועו""ש נקוב במט""ח",ישראל,לא,AAA,S&P מעלות,EUR,0.15156,3.8807,,0.588,0.000528,2.9e-05,,,,
1328,14302.0,לאומי,10-800,סימול בנק,"מזומן ועו""ש בש""ח",ישראל,לא,AAA,S&P מעלות,ILS,2.69648,1.0,,2.696,0.002421,0.000135,,,,
1328,14302.0,לאומי,10-800,סימול בנק,"מזומן ועו""ש בש""ח",ישראל,לא,AAA,S&P מעלות,ILS,1284.63875,1.0,,1284.639,1.153572,0.064553,,,,
1328,14302.0,לאומי,10-800,סימול בנק,"מזומן ועו""ש בש""ח",ישראל,לא,AAA,S&P מעלות,ILS,-821.10039,1.0,,-821.1,-0.737327,-0.04126,,,,
1328,14302.0,לאומי,10-800,סימול בנק,בטחונות שוטפים,ישראל,לא,AAA,S&P מעלות,USD,34.39435,3.306,,113.708,0.102106,0.005713,,,,
1328,14302.0,לאומי,10-800,סימול בנק,"מזומן ועו""ש נקוב במט""ח",ישראל,לא,AAA,S&P מעלות,JPY,821.34794,0.022332,,18.342,0.01647,0.000921,,,,
1328,14302.0,לאומי,10-800,סימול בנק,בטחונות שוטפים,ישראל,לא,AAA,S&P מעלות,USD,-45.29727,3.306,,-149.753,-0.134474,-0.007525,,,,
1328,14302.0,לאומי,10-800,סימול בנק,"פק""מ לתקופה של עד שלושה חודשים",ישראל,לא,AAA,S&P מעלות,ILS,1.28591,1.0,,1.286,0.001154,6.4e-05,,,,
1328,14302.0,דיסקונט,11-800,סימול בנק,בטחונות שוטפים,ישראל,לא,Aa2,מידרוג Moodys,USD,-1.79801,3.306,,-5.944,-0.005337,-0.000298,,,,
1328,14302.0,לאומי,10-800,סימול בנק,"פק""מ לתקופה של עד שלושה חודשים",ישראל,לא,AAA,S&P מעלות,ILS,1.9295,1.0,,1.93,0.001732,9.6e-05,,,,
1328,14302.0,Goldman Sachs Group Inc,GSCMUS33XXX,SWIFT,בטחונות שוטפים,"חו""ל",לא,BBB+,S&P,USD,45.12341,3.306,,149.178,0.133958,0.007496,,,,
1328,14302.0,"Citibank, NA",CITIUS33XXX,SWIFT,בטחונות שוטפים,"חו""ל",לא,A+,S&P,USD,0.22134,3.306,,0.732,0.000657,3.6e-05,,,,
1328,14302.0,"Citibank, NA",CITIUS33XXX,SWIFT,בטחונות שוטפים,"חו""ל",לא,A+,S&P,USD,-6.04692,3.306,,-19.991,-0.017951,-0.001004,,,,
1328,14302.0,Goldman Sachs Group Inc,GSCMUS33XXX,SWIFT,בטחונות שוטפים,"חו""ל",לא,BBB+,S&P,USD,0.68349,3.306,,2.26,0.002029,0.000113,,,,
1328,14302.0,Goldman Sachs Group Inc,GSCMUS33XXX,SWIFT,בטחונות שוטפים,"חו""ל",לא,BBB+,S&P,USD,35.22958,3.306,,116.469,0.104586,0.005852,,,,
1328,14302.0,JP Morgan,CHASUS33XXX,SWIFT,בטחונות שוטפים,"חו""ל",לא,A+,S&P,USD,-13.6195,3.306,,-45.026,-0.040432,-0.002262,,,,
1328,14303.0,לאומי,10-800,סימול בנק,"מזומן ועו""ש בש""ח",ישראל,לא,AAA,S&P מעלות,ILS,2498.94337,1.0,,2498.943,0.649409,0.045301,,,,
1328,14303.0,לאומי,10-800,סימול בנק,"מזומן ועו""ש נקוב במט""ח",ישראל,לא,AAA,S&P מעלות,EUR,11.08911,3.8807,,43.034,0.011183,0.00078,,,,
1328,14303.0,לאומי,10-800,סימול בנק,"מזומן ועו""ש נקוב במט""ח",ישראל,לא,AAA,S&P מעלות,EUR,-11.09216,3.8807,,-43.045,-0.011186,-0.00078,,,,
1328,14303.0,לאומי,10-800,סימול בנק,"מזומן ועו""ש נקוב במט""ח",ישראל,לא,AAA,S&P מעלות,USD,417.19632,3.306,,1379.251,0.35843,0.025003,,,,
1328,14303.0,לאומי,10-800,סימול בנק,"מזומן ועו""ש נקוב במט""ח",ישראל,לא,AAA,S&P מעלות,JPY,-21620.04686,0.022332,,-482.819,-0.125471,-0.008752,,,,
1328,14303.0,לאומי,10-800,סימול בנק,"מזומן ועו""ש נקוב במט""ח",ישראל,לא,AAA,S&P מעלות,JPY,21750.00013,0.022332,,485.721,0.126226,0.008805,,,,
1328,14303.0,לאומי,10-800,סימול בנק,בטחונות שוטפים,ישראל,לא,AAA,S&P מעלות,USD,-10.0,3.306,,-33.06,-0.008591,-0.000599,,,,
1328,14850.0,לאומי,10-800,סימול בנק,בטחונות שוטפים,ישראל,לא,AAA,S&P מעלות,USD,1700.0,3.306,,5620.2,-0.389696,0.002545,,,,
1328,14850.0,לאומי,10-800,סימול בנק,בטחונות שוטפים,ישראל,לא,AAA,S&P מעלות,USD,9432.37552,3.306,,31183.433,-2.162212,0.014124,,,,
1328,14850.0,לאומי,10-800,סימול בנק,"מזומן ועו""ש נקוב במט""ח",ישראל,לא,AAA,S&P מעלות,USD,-12435.55325,3.306,,-41111.939,2.850639,-0.018621,,,,
1328,14850.0,לאומי,10-800,סימול בנק,"מזומן ועו""ש נקוב במט""ח",ישראל,לא,AAA,S&P מעלות,USD,13746.71387,3.306,,45446.636,-3.151201,0.020584,,,,
1328,14850.0,לאומי,10-800,סימול בנק,"מזומן ועו""ש בש""ח",ישראל,לא,AAA,S&P מעלות,ILS,118799.94378,1.0,,118799.944,-8.237408,0.053808,,,,
1328,14850.0,לאומי,10-800,סימול בנק,"מזומן ועו""ש בש""ח",ישראל,לא,AAA,S&P מעלות,ILS,-174360.27812,1.0,,-174360.278,12.089878,-0.078974,,,,
1328,15314.0,לאומי,10-800,סימול בנק,"מזומן ועו""ש בש""ח",ישראל,לא,AAA,S&P מעלות,ILS,-180.33529,1.0,,-180.335,-0.067867,-0.013395,,,,
1328,15314.0,לאומי,10-800,סימול בנק,"מזומן ועו""ש בש""ח",ישראל,לא,AAA,S&P מעלות,ILS,2698.02378,1.0,,2698.024,1.015383,0.200413,,,,
1328,15314.0,לאומי,10-800,סימול בנק,"מזומן ועו""ש נקוב במט""ח",ישראל,לא,AAA,S&P מעלות,EUR,4.05691,3.8807,,15.744,0.005925,0.001169,,,,
1328,15314.0,לאומי,10-800,סימול בנק,"מזומן ועו""ש נקוב במט""ח",ישראל,לא,AAA,S&P מעלות,USD,26.02974,3.306,,86.054,0.032385,0.006392,,,,
1328,15314.0,פועלים,12-800,סימול בנק,בטחונות שוטפים,ישראל,לא,Aa2,מידרוג Moodys,USD,0.05572,3.306,,0.184,6.9e-05,1.3e-05,,,,
1328,15314.0,לאומי,10-800,סימול בנק,בטחונות שוטפים,ישראל,לא,AAA,S&P מעלות,USD,7.31222,3.306,,24.174,0.009097,0.001795,,,,
1328,15314.0,לאומי,10-800,סימול בנק,"מזומן ועו""ש נקוב במט""ח",ישראל,לא,AAA,S&P מעלות,JPY,150.18939,0.022332,,3.354,0.001262,0.000249,,,,
1328,15314.0,לאומי,10-800,סימול בנק,בטחונות שוטפים,ישראל,לא,AAA,S&P מעלות,USD,-7.99358,3.306,,-26.427,-0.009945,-0.001963,,,,
1328,15314.0,לאומי,10-800,סימול בנק,"פק""מ לתקופה של עד שלושה חודשים",ישראל,לא,AAA,S&P מעלות,ILS,0.23513,1.0,,0.235,8.8e-05,1.7e-05,,,,
1328,15314.0,דיסקונט,11-800,סימול בנק,בטחונות שוטפים,ישראל,לא,Aa2,מידרוג Moodys,USD,-0.42076,3.306,,-1.391,-0.000523,-0.000103,,,,
1328,15314.0,לאומי,10-800,סימול בנק,"פק""מ לתקופה של עד שלושה חודשים",ישראל,לא,AAA,S&P מעלות,ILS,0.6689,1.0,,0.669,0.000251,4.9e-05,,,,
1328,15314.0,Goldman Sachs Group Inc,GSCMUS33XXX,SWIFT,בטחונות שוטפים,"חו""ל",לא,BBB+,S&P,USD,8.25114,3.306,,27.278,0.010265,0.002026,,,,
1328,15314.0,"Citibank, NA",CITIUS33XXX,SWIFT,בטחונות שוטפים,"חו""ל",לא,A+,S&P,USD,-1.39439,3.306,,-4.61,-0.001734,-0.000342,,,,
1328,15314.0,JP Morgan,CHASUS33XXX,SWIFT,בטחונות שוטפים,"חו""ל",לא,A+,S&P,USD,-2.49042,3.306,,-8.233,-0.003098,-0.000611,,,,
1328,15314.0,Goldman Sachs Group Inc,GSCMUS33XXX,SWIFT,בטחונות שוטפים,"חו""ל",לא,BBB+,S&P,USD,6.44198,3.306,,21.297,0.008015,0.001581,,,,
1328,15314.0,Goldman Sachs Group Inc,GSCMUS33XXX,SWIFT,בטחונות שוטפים,"חו""ל",לא,BBB+,S&P,USD,0.34188,3.306,,1.13,0.000425,8.3e-05,,,,
1329,8580.0,פועלים,12-800,סימול בנק,בטחונות שוטפים,ישראל,לא,Aa2,מידרוג Moodys,USD,-0.0283,3.306,,-0.094,-0.024139,-0.000371,,,,
1329,8580.0,לאומי,10-800,סימול בנק,"מזומן ועו""ש נקוב במט""ח",ישראל,לא,AAA,S&P מעלות,USD,1.17201,3.306,,3.875,0.999449,0.015364,,,,
1329,8580.0,לאומי,10-800,סימול בנק,"מזומן ועו""ש נקוב במט""ח",ישראל,לא,AAA,S&P מעלות,USD,0.00546,3.306,,0.018,0.00466,7.1e-05,,,,
1329,8580.0,לאומי,10-800,סימול בנק,"מזומן ועו""ש נקוב במט""ח",ישראל,לא,AAA,S&P מעלות,EUR,0.00737,3.8807,,0.029,0.007377,0.000113,,,,
1329,8580.0,לאומי,10-800,סימול בנק,"מזומן ועו""ש נקוב במט""ח",ישראל,לא,AAA,S&P מעלות,EUR,0.15993,3.8807,,0.621,0.160097,0.002461,,,,
1329,8580.0,לאומי,10-800,סימול בנק,"מזומן ועו""ש בש""ח",ישראל,לא,AAA,S&P מעלות,ILS,0.01665,1.0,,0.017,0.004295,6.6e-05,,,,
1329,8580.0,לאומי,10-800,סימול בנק,"מזומן ועו""ש בש""ח",ישראל,לא,AAA,S&P מעלות,ILS,-11.24265,1.0,,-11.243,-2.899975,-0.044581,,,,
1329,8580.0,לאומי,10-800,סימול בנק,"מזומן ועו""ש בש""ח",ישראל,לא,AAA,S&P מעלות,ILS,8.93464,1.0,,8.935,2.304637,0.035429,,,,
1329,8580.0,לאומי,10-800,סימול בנק,"פק""מ לתקופה של עד שלושה חודשים",ישראל,לא,AAA,S&P מעלות,ILS,0.00927,1.0,,0.009,0.002391,3.6e-05,,,,
1329,8580.0,לאומי,10-800,סימול בנק,"פק""מ לתקופה של עד שלושה חודשים",ישראל,לא,AAA,S&P מעלות,ILS,0.06851,1.0,,0.069,0.017672,0.000271,,,,
1329,8580.0,דיסקונט,11-800,סימול בנק,בטחונות שוטפים,ישראל,לא,Aa2,מידרוג Moodys,USD,-0.02776,3.306,,-0.092,-0.023675,-0.000363,,,,
1329,8580.0,לאומי,10-800,סימול בנק,בטחונות שוטפים,ישראל,לא,AAA,S&P מעלות,USD,-0.37009,3.306,,-1.224,-0.315606,-0.004851,,,,
1329,8580.0,לאומי,10-800,סימול בנק,"מזומן ועו""ש נקוב במט""ח",ישראל,לא,AAA,S&P מעלות,JPY,5.92124,0.022332,,0.132,0.034108,0.000524,,,,
1329,8580.0,לאומי,10-800,סימול בנק,בטחונות שוטפים,ישראל,לא,AAA,S&P מעלות,USD,0.42467,3.306,,1.404,0.362143,0.005567,,,,
1329,8580.0,"Citibank, NA",CITIUS33XXX,SWIFT,בטחונות שוטפים,"חו""ל",לא,A+,S&P,USD,0.01076,3.306,,0.036,0.009179,0.000141,,,,
1329,8580.0,Goldman Sachs Group Inc,GSCMUS33XXX,SWIFT,בטחונות שוטפים,"חו""ל",לא,BBB+,S&P,USD,0.3253,3.306,,1.075,0.277406,0.004264,,,,
1329,8580.0,"Citibank, NA",CITIUS33XXX,SWIFT,בטחונות שוטפים,"חו""ל",לא,A+,S&P,USD,-0.08041,3.306,,-0.266,-0.068577,-0.001054,,,,
1329,8580.0,Goldman Sachs Group Inc,GSCMUS33XXX,SWIFT,בטחונות שוטפים,"חו""ל",לא,BBB+,S&P,USD,0.01841,3.306,,0.061,0.0157,0.000241,,,,
1329,8580.0,JP Morgan,CHASUS33XXX,SWIFT,בטחונות שוטפים,"חו""ל",לא,A+,S&P,USD,-0.09818,3.306,,-0.325,-0.083728,-0.001287,,,,
1329,8580.0,Goldman Sachs Group Inc,GSCMUS33XXX,SWIFT,בטחונות שוטפים,"חו""ל",לא,BBB+,S&P,USD,0.25397,3.306,,0.84,0.216581,0.003329,,,,
1329,9761.0,פועלים,12-800,סימול בנק,בטחונות שוטפים,ישראל,לא,Aa2,מידרוג Moodys,USD,-38.76915,3.306,,-128.171,-0.00724,-0.000272,,,,
1329,9761.0,לאומי,10-800,סימול בנק,"מזומן ועו""ש נקוב במט""ח",ישראל,לא,AAA,S&P מעלות,USD,4.25699,3.306,,14.074,0.000794,2.9e-05,,,,
1329,9761.0,לאומי,10-800,סימול בנק,"מזומן ועו""ש נקוב במט""ח",ישראל,לא,AAA,S&P מעלות,USD,3232.7422,3.306,,10687.446,0.603705,0.022725,,,,
1329,9761.0,לאומי,10-800,סימול בנק,"מזומן ועו""ש נקוב במט""ח",ישראל,לא,AAA,S&P מעלות,EUR,5.74128,3.8807,,22.28,0.001258,4.7e-05,,,,
1329,9761.0,לאומי,10-800,סימול בנק,"מזומן ועו""ש נקוב במט""ח",ישראל,לא,AAA,S&P מעלות,EUR,600.29888,3.8807,,2329.58,0.131591,0.004953,,,,
1329,9761.0,לאומי,10-800,סימול בנק,"מזומן ועו""ש בש""ח",ישראל,לא,AAA,S&P מעלות,ILS,78.58245,1.0,,78.582,0.004438,0.000167,,,,
1329,9761.0,לאומי,10-800,סימול בנק,"מזומן ועו""ש בש""ח",ישראל,לא,AAA,S&P מעלות,ILS,23467.40754,1.0,,23467.408,1.32561,0.0499,,,,
1329,9761.0,לאומי,10-800,סימול בנק,"מזומן ועו""ש בש""ח",ישראל,לא,AAA,S&P מעלות,ILS,-24012.148,1.0,,-24012.148,-1.356381,-0.051058,,,,
1329,9761.0,דיסקונט,11-800,סימול בנק,בטחונות שוטפים,ישראל,לא,Aa2,מידרוג Moodys,USD,-52.94232,3.306,,-175.027,-0.009886,-0.000372,,,,
1329,9761.0,לאומי,10-800,סימול בנק,"פק""מ לתקופה של עד שלושה חודשים",ישראל,לא,AAA,S&P מעלות,ILS,70.63131,1.0,,70.631,0.003989,0.00015,,,,
1329,9761.0,לאומי,10-800,סימול בנק,"פק""מ לתקופה של עד שלושה חודשים",ישראל,לא,AAA,S&P מעלות,ILS,34.77439,1.0,,34.774,0.001964,7.3e-05,,,,
1329,9761.0,לאומי,10-800,סימול בנק,"מזומן ועו""ש נקוב במט""ח",ישראל,לא,AAA,S&P מעלות,GBP,-0.00027,4.4409,,-0.001,0.0,0.0,,,,
1329,9761.0,לאומי,10-800,סימול בנק,"מזומן ועו""ש נקוב במט""ח",ישראל,לא,AAA,S&P מעלות,JPY,22211.38136,0.022332,,496.025,0.028019,0.001054,,,,
1329,9761.0,לאומי,10-800,סימול בנק,בטחונות שוטפים,ישראל,לא,AAA,S&P מעלות,USD,989.8326,3.306,,3272.387,0.184848,0.006958,,,,
1329,9761.0,לאומי,10-800,סימול בנק,בטחונות שוטפים,ישראל,לא,AAA,S&P מעלות,USD,-1292.65524,3.306,,-4273.518,-0.241399,-0.009087,,,,
1329,9761.0,"Citibank, NA",CITIUS33XXX,SWIFT,בטחונות שוטפים,"חו""ל",לא,A+,S&P,USD,8.38464,3.306,,27.72,0.001565,5.8e-05,,,,
1329,9761.0,Goldman Sachs Group Inc,GSCMUS33XXX,SWIFT,בטחונות שוטפים,"חו""ל",לא,BBB+,S&P,USD,1220.25429,3.306,,4034.161,0.227878,0.008578,,,,
1329,9761.0,UBS Switzerland AG,UBSWJESHXXX,SWIFT,"מזומן ועו""ש נקוב במט""ח","חו""ל",לא,A+,S&P,PLN,0.49,0.9075,,0.445,2.5e-05,0.0,,,,
1329,9761.0,Signature Bank/New York NY,SIGNUS33 XXX,SWIFT,"מזומן ועו""ש נקוב במט""ח","חו""ל",לא,NR,NR,USD,27.58513,3.306,,91.196,0.005151,0.000193,,,,
1329,9761.0,Signature Bank/New York NY,SIGNUS33 XXX,SWIFT,"מזומן ועו""ש נקוב במט""ח","חו""ל",לא,NR,NR,USD,15.45063,3.306,,51.08,0.002885,0.000108,,,,
1329,9761.0,Alpha bank,CRBAGRAA,SWIFT,"מזומן ועו""ש נקוב במט""ח","חו""ל",לא,NR,NR,PLN,3.20699,0.9075,,2.91,0.000164,6e-06,,,,
1329,9761.0,Valley National Bank,MBNYUS33 XXX,SWIFT,"מזומן ועו""ש נקוב במט""ח","חו""ל",לא,BBB-,S&P,USD,0.00442,3.306,,0.015,0.0,0.0,,,,
1329,9761.0,Signature Bank/New York NY,SIGNUS33 XXX,SWIFT,"מזומן ועו""ש נקוב במט""ח","חו""ל",לא,NR,NR,USD,14.17736,3.306,,46.87,0.002647,9.9e-05,,,,
1329,9761.0,Signature Bank/New York NY,SIGNUS33 XXX,SWIFT,"מזומן ועו""ש נקוב במט""ח","חו""ל",לא,NR,NR,USD,16.54406,3.306,,54.695,0.003089,0.000116,,,,
1329,9761.0,Goldman Sachs Group Inc,GSCMUS33XXX,SWIFT,בטחונות שוטפים,"חו""ל",לא,BBB+,S&P,USD,952.69942,3.306,,3149.624,0.177913,0.006697,,,,
1329,9761.0,Goldman Sachs Group Inc,GSCMUS33XXX,SWIFT,בטחונות שוטפים,"חו""ל",לא,BBB+,S&P,USD,24.07876,3.306,,79.604,0.004496,0.000169,,,,
1329,9761.0,JP Morgan,CHASUS33XXX,SWIFT,בטחונות שוטפים,"חו""ל",לא,A+,S&P,USD,-368.3069,3.306,,-1217.623,-0.06878,-0.002589,,,,
1329,9761.0,UBS Switzerland AG,UBSWJESHXXX,SWIFT,"פקדון במט""ח עד שלושה חודשים","חו""ל",לא,A+,S&P,PLN,28.44714,0.9075,,25.816,0.001458,5.4e-05,,,,
1329,9761.0,"Citibank, NA",CITIUS33XXX,SWIFT,בטחונות שוטפים,"חו""ל",לא,A+,S&P,USD,-176.85817,3.306,,-584.693,-0.033027,-0.001243,,,,
1329,9761.0,Signature Bank/New York NY,SIGNUS33 XXX,SWIFT,"מזומן ועו""ש נקוב במט""ח","חו""ל",לא,NR,NR,USD,17.2261,3.306,,56.95,0.003216,0.000121,,,,
1329,9762.0,לאומי,10-800,סימול בנק,"מזומן ועו""ש נקוב במט""ח",ישראל,לא,AAA,S&P מעלות,USD,2.14818,3.306,,7.102,0.000365,3.9e-05,,,,
1329,9762.0,לאומי,10-800,סימול בנק,"מזומן ועו""ש נקוב במט""ח",ישראל,לא,AAA,S&P מעלות,USD,1072.9884,3.306,,3547.3,0.182566,0.019606,,,,
1329,9762.0,פועלים,12-800,סימול בנק,בטחונות שוטפים,ישראל,לא,Aa2,מידרוג Moodys,USD,2.42253,3.306,,8.009,0.000412,4.4e-05,,,,
1329,9762.0,לאומי,10-800,סימול בנק,"מזומן ועו""ש נקוב במט""ח",ישראל,לא,AAA,S&P מעלות,PLN,0.03702,0.9075,,0.034,1e-06,0.0,,,,
1329,9762.0,לאומי,10-800,סימול בנק,"מזומן ועו""ש בש""ח",ישראל,לא,AAA,S&P מעלות,ILS,24.11856,1.0,,24.119,0.001241,0.000133,,,,
1329,9762.0,לאומי,10-800,סימול בנק,"מזומן ועו""ש בש""ח",ישראל,לא,AAA,S&P מעלות,ILS,21367.90635,1.0,,21367.906,1.099727,0.118105,,,,
1329,9762.0,לאומי,10-800,סימול בנק,"מזומן ועו""ש בש""ח",ישראל,לא,AAA,S&P מעלות,ILS,-8023.32975,1.0,,-8023.33,-0.412931,-0.044346,,,,
1329,9762.0,לאומי,10-800,סימול בנק,"מזומן ועו""ש נקוב במט""ח",ישראל,לא,AAA,S&P מעלות,EUR,191.34195,3.8807,,742.541,0.038215,0.004104,,,,
1329,9762.0,לאומי,10-800,סימול בנק,"מזומן ועו""ש נקוב במט""ח",ישראל,לא,AAA,S&P מעלות,EUR,2.89718,3.8807,,11.243,0.000578,6.2e-05,,,,
1329,9762.0,לאומי,10-800,סימול בנק,"פק""מ לתקופה של עד שלושה חודשים",ישראל,לא,AAA,S&P מעלות,ILS,11.08653,1.0,,11.087,0.00057,6.1e-05,,,,
1329,9762.0,לאומי,10-800,סימול בנק,"פק""מ לתקופה של עד שלושה חודשים",ישראל,לא,AAA,S&P מעלות,ILS,26.29943,1.0,,26.299,0.001353,0.000145,,,,
1329,9762.0,דיסקונט,11-800,סימול בנק,בטחונות שוטפים,ישראל,לא,Aa2,מידרוג Moodys,USD,-19.5386,3.306,,-64.595,-0.003324,-0.000357,,,,
1329,9762.0,לאומי,10-800,סימול בנק,"מזומן ועו""ש נקוב במט""ח",ישראל,לא,AAA,S&P מעלות,GBP,0.00092,4.4409,,0.004,0.0,0.0,,,,
1329,9762.0,לאומי,10-800,סימול בנק,בטחונות שוטפים,ישראל,לא,AAA,S&P מעלות,USD,-417.53735,3.306,,-1380.379,-0.071042,-0.007629,,,,
1329,9762.0,לאומי,10-800,סימול בנק,"מזומן ועו""ש נקוב במט""ח",ישראל,לא,AAA,S&P מעלות,JPY,7081.27858,0.022332,,158.139,0.008138,0.000874,,,,
1329,9762.0,לאומי,10-800,סימול בנק,בטחונות שוטפים,ישראל,לא,AAA,S&P מעלות,USD,353.59681,3.306,,1168.991,0.060163,0.006461,,,,
1329,9762.0,"Citibank, NA",CITIUS33XXX,SWIFT,בטחונות שוטפים,"חו""ל",לא,A+,S&P,USD,4.23109,3.306,,13.988,0.000719,7.7e-05,,,,
1329,9762.0,Goldman Sachs Group Inc,GSCMUS33XXX,SWIFT,בטחונות שוטפים,"חו""ל",לא,BBB+,S&P,USD,389.03301,3.306,,1286.143,0.066193,0.007108,,,,
1329,9762.0,Valley National Bank,MBNYUS33 XXX,SWIFT,"מזומן ועו""ש נקוב במט""ח","חו""ל",לא,BBB-,S&P,USD,0.0014,3.306,,0.005,0.0,0.0,,,,
1329,9762.0,UBS Switzerland AG,UBSWJESHXXX,SWIFT,"מזומן ועו""ש נקוב במט""ח","חו""ל",לא,A+,S&P,PLN,0.14361,0.9075,,0.13,6e-06,0.0,,,,
1329,9762.0,Alpha bank,CRBAGRAA,SWIFT,"מזומן ועו""ש נקוב במט""ח","חו""ל",לא,NR,NR,PLN,0.94324,0.9075,,0.856,4.4e-05,4e-06,,,,
1329,9762.0,Signature Bank/New York NY,SIGNUS33 XXX,SWIFT,"מזומן ועו""ש נקוב במט""ח","חו""ל",לא,NR,NR,USD,6.05183,3.306,,20.007,0.001029,0.00011,,,,
1329,9762.0,Signature Bank/New York NY,SIGNUS33 XXX,SWIFT,"מזומן ועו""ש נקוב במט""ח","חו""ל",לא,NR,NR,USD,4.82688,3.306,,15.958,0.000821,8.8e-05,,,,
1329,9762.0,Signature Bank/New York NY,SIGNUS33 XXX,SWIFT,"מזומן ועו""ש נקוב במט""ח","חו""ל",לא,NR,NR,USD,3.62955,3.306,,11.999,0.000617,6.6e-05,,,,
1329,9762.0,Signature Bank/New York NY,SIGNUS33 XXX,SWIFT,"מזומן ועו""ש נקוב במט""ח","חו""ל",לא,NR,NR,USD,3.08419,3.306,,10.196,0.000524,5.6e-05,,,,
1329,9762.0,"Citibank, NA",CITIUS33XXX,SWIFT,בטחונות שוטפים,"חו""ל",לא,A+,S&P,USD,-58.50002,3.306,,-193.401,-0.009953,-0.001068,,,,
1329,9762.0,UBS Switzerland AG,UBSWJESHXXX,SWIFT,"מזומן ועו""ש נקוב במט""ח","חו""ל",לא,A+,S&P,PLN,8.33724,0.9075,,7.566,0.000389,4.1e-05,,,,
1329,9762.0,JP Morgan,CHASUS33XXX,SWIFT,בטחונות שוטפים,"חו""ל",לא,A+,S&P,USD,-117.42105,3.306,,-388.194,-0.019978,-0.002145,,,,
1329,9762.0,Signature Bank/New York NY,SIGNUS33 XXX,SWIFT,"מזומן ועו""ש נקוב במט""ח","חו""ל",לא,NR,NR,USD,3.74742,3.306,,12.389,0.000637,6.8e-05,,,,
1329,9762.0,Goldman Sachs Group Inc,GSCMUS33XXX,SWIFT,בטחונות שוטפים,"חו""ל",לא,BBB+,S&P,USD,7.24044,3.306,,23.937,0.001231,0.000132,,,,
1329,9762.0,Goldman Sachs Group Inc,GSCMUS33XXX,SWIFT,בטחונות שוטפים,"חו""ל",לא,BBB+,S&P,USD,303.73302,3.306,,1004.141,0.051679,0.00555,,,,
1329,9763.0,לאומי,10-800,סימול בנק,"מזומן ועו""ש נקוב במט""ח",ישראל,לא,AAA,S&P מעלות,USD,265.20582,3.306,,876.77,0.263125,0.013298,,,,
1329,9763.0,לאומי,10-800,סימול בנק,"מזומן ועו""ש נקוב במט""ח",ישראל,לא,AAA,S&P מעלות,USD,1.46943,3.306,,4.858,0.001457,7.3e-05,,,,
1329,9763.0,פועלים,12-800,סימול בנק,בטחונות שוטפים,ישראל,לא,Aa2,מידרוג Moodys,USD,-6.03012,3.306,,-19.936,-0.005982,-0.000302,,,,
1329,9763.0,לאומי,10-800,סימול בנק,"מזומן ועו""ש נקוב במט""ח",ישראל,לא,AAA,S&P מעלות,EUR,1.98178,3.8807,,7.691,0.002308,0.000116,,,,
1329,9763.0,לאומי,10-800,סימול בנק,"מזומן ועו""ש נקוב במט""ח",ישראל,לא,AAA,S&P מעלות,EUR,35.2188,3.8807,,136.674,0.041016,0.002073,,,,
1329,9763.0,לאומי,10-800,סימול בנק,"מזומן ועו""ש בש""ח",ישראל,לא,AAA,S&P מעלות,ILS,4335.77694,1.0,,4335.777,1.301198,0.065765,,,,
1329,9763.0,לאומי,10-800,סימול בנק,"מזומן ועו""ש בש""ח",ישראל,לא,AAA,S&P מעלות,ILS,-2416.46498,1.0,,-2416.465,-0.725198,-0.036653,,,,
1329,9763.0,לאומי,10-800,סימול בנק,"מזומן ועו""ש בש""ח",ישראל,לא,AAA,S&P מעלות,ILS,5.69138,1.0,,5.691,0.001708,8.6e-05,,,,
1329,9763.0,לאומי,10-800,סימול בנק,"פק""מ לתקופה של עד שלושה חודשים",ישראל,לא,AAA,S&P מעלות,ILS,2.03895,1.0,,2.039,0.000611,3e-05,,,,
1329,9763.0,דיסקונט,11-800,סימול בנק,בטחונות שוטפים,ישראל,לא,Aa2,מידרוג Moodys,USD,-6.53615,3.306,,-21.609,-0.006484,-0.000327,,,,
1329,9763.0,לאומי,10-800,סימול בנק,"פק""מ לתקופה של עד שלושה חודשים",ישראל,לא,AAA,S&P מעלות,ILS,14.46412,1.0,,14.464,0.00434,0.000219,,,,
1329,9763.0,לאומי,10-800,סימול בנק,"מזומן ועו""ש נקוב במט""ח",ישראל,לא,AAA,S&P מעלות,JPY,1302.33488,0.022332,,29.084,0.008728,0.000441,,,,
1329,9763.0,לאומי,10-800,סימול בנק,בטחונות שוטפים,ישראל,לא,AAA,S&P מעלות,USD,-92.41927,3.306,,-305.538,-0.091694,-0.004634,,,,
1329,9763.0,לאומי,10-800,סימול בנק,"מזומן ועו""ש נקוב במט""ח",ישראל,לא,AAA,S&P מעלות,GBP,0.00078,4.4409,,0.003,1e-06,0.0,,,,
1329,9763.0,לאומי,10-800,סימול בנק,בטחונות שוטפים,ישראל,לא,AAA,S&P מעלות,USD,91.44651,3.306,,302.322,0.090729,0.004585,,,,
1329,9763.0,"Citibank, NA",CITIUS33XXX,SWIFT,בטחונות שוטפים,"חו""ל",לא,A+,S&P,USD,2.89421,3.306,,9.568,0.002871,0.000145,,,,
1329,9763.0,Goldman Sachs Group Inc,GSCMUS33XXX,SWIFT,בטחונות שוטפים,"חו""ל",לא,BBB+,S&P,USD,71.54799,3.306,,236.538,0.070986,0.003587,,,,
1329,9763.0,Signature Bank/New York NY,SIGNUS33 XXX,SWIFT,"מזומן ועו""ש נקוב במט""ח","חו""ל",לא,NR,NR,USD,6.11261,3.306,,20.208,0.006064,0.000306,,,,
1329,9763.0,Signature Bank/New York NY,SIGNUS33 XXX,SWIFT,"מזומן ועו""ש נקוב במט""ח","חו""ל",לא,NR,NR,USD,4.5037,3.306,,14.889,0.004468,0.000225,,,,
1329,9763.0,Alpha bank,CRBAGRAA,SWIFT,"מזומן ועו""ש נקוב במט""ח","חו""ל",לא,NR,NR,PLN,0.75459,0.9075,,0.685,0.000205,1e-05,,,,
1329,9763.0,UBS Switzerland AG,UBSWJESHXXX,SWIFT,"מזומן ועו""ש נקוב במט""ח","חו""ל",לא,A+,S&P,PLN,0.11473,0.9075,,0.104,3.1e-05,1e-06,,,,
1329,9763.0,Valley National Bank,MBNYUS33 XXX,SWIFT,"מזומן ועו""ש נקוב במט""ח","חו""ל",לא,BBB-,S&P,USD,0.00071,3.306,,0.002,0.0,0.0,,,,
1329,9763.0,Signature Bank/New York NY,SIGNUS33 XXX,SWIFT,"מזומן ועו""ש נקוב במט""ח","חו""ל",לא,NR,NR,USD,2.18878,3.306,,7.236,0.002171,0.000109,,,,
1329,9763.0,Signature Bank/New York NY,SIGNUS33 XXX,SWIFT,"מזומן ועו""ש נקוב במט""ח","חו""ל",לא,NR,NR,USD,2.70105,3.306,,8.93,0.002679,0.000135,,,,
1329,9763.0,Goldman Sachs Group Inc,GSCMUS33XXX,SWIFT,בטחונות שוטפים,"חו""ל",לא,BBB+,S&P,USD,55.86026,3.306,,184.674,0.055422,0.002801,,,,
1329,9763.0,Goldman Sachs Group Inc,GSCMUS33XXX,SWIFT,בטחונות שוטפים,"חו""ל",לא,BBB+,S&P,USD,2.96775,3.306,,9.811,0.002944,0.000148,,,,
1329,9763.0,Signature Bank/New York NY,SIGNUS33 XXX,SWIFT,"מזומן ועו""ש נקוב במט""ח","חו""ל",לא,NR,NR,USD,2.65944,3.306,,8.792,0.002638,0.000133,,,,
1329,9763.0,JP Morgan,CHASUS33XXX,SWIFT,בטחונות שוטפים,"חו""ל",לא,A+,S&P,USD,-21.59518,3.306,,-71.394,-0.021425,-0.001082,,,,
1329,9763.0,UBS Switzerland AG,UBSWJESHXXX,SWIFT,"פקדון במט""ח עד שלושה חודשים","חו""ל",לא,A+,S&P,PLN,6.6614,0.9075,,6.045,0.001814,9.1e-05,,,,
1329,9763.0,"Citibank, NA",CITIUS33XXX,SWIFT,בטחונות שוטפים,"חו""ל",לא,A+,S&P,USD,-16.87042,3.306,,-55.774,-0.016738,-0.000845,,,,
1329,12139.0,פועלים,12-800,סימול בנק,בטחונות שוטפים,ישראל,לא,Aa2,מידרוג Moodys,USD,-13.38562,3.306,,-44.253,-0.012903,-0.000391,,,,
1329,12139.0,לאומי,10-800,סימול בנק,"מזומן ועו""ש בש""ח",ישראל,לא,AAA,S&P מעלות,ILS,-4810.36518,1.0,,-4810.365,-1.402652,-0.042596,,,,
1329,12139.0,לאומי,10-800,סימול בנק,"מזומן ועו""ש בש""ח",ישראל,לא,AAA,S&P מעלות,ILS,9.97269,1.0,,9.973,0.002907,8.8e-05,,,,
1329,12139.0,לאומי,10-800,סימול בנק,"מזומן ועו""ש בש""ח",ישראל,לא,AAA,S&P מעלות,ILS,5649.58966,1.0,,5649.59,1.647361,0.050027,,,,
1329,12139.0,לאומי,10-800,סימול בנק,"מזומן ועו""ש נקוב במט""ח",ישראל,לא,AAA,S&P מעלות,EUR,3.12378,3.8807,,12.122,0.003534,0.000107,,,,
1329,12139.0,לאומי,10-800,סימול בנק,"מזומן ועו""ש נקוב במט""ח",ישראל,לא,AAA,S&P מעלות,EUR,60.38409,3.8807,,234.333,0.068328,0.002075,,,,
1329,12139.0,לאומי,10-800,סימול בנק,"מזומן ועו""ש נקוב במט""ח",ישראל,לא,AAA,S&P מעלות,USD,2.31619,3.306,,7.657,0.002232,6.7e-05,,,,
1329,12139.0,לאומי,10-800,סימול בנק,"מזומן ועו""ש נקוב במט""ח",ישראל,לא,AAA,S&P מעלות,USD,516.28207,3.306,,1706.829,0.497693,0.015114,,,,
1329,12139.0,לאומי,10-800,סימול בנק,"פק""מ לתקופה של עד שלושה חודשים",ישראל,לא,AAA,S&P מעלות,ILS,3.49984,1.0,,3.5,0.00102,3e-05,,,,
1329,12139.0,לאומי,10-800,סימול בנק,"פק""מ לתקופה של עד שלושה חודשים",ישראל,לא,AAA,S&P מעלות,ILS,31.61332,1.0,,31.613,0.009218,0.000279,,,,
1329,12139.0,דיסקונט,11-800,סימול בנק,בטחונות שוטפים,ישראל,לא,Aa2,מידרוג Moodys,USD,-11.58292,3.306,,-38.293,-0.011165,-0.000339,,,,
1329,12139.0,לאומי,10-800,סימול בנק,בטחונות שוטפים,ישראל,לא,AAA,S&P מעלות,USD,-153.12657,3.306,,-506.236,-0.147613,-0.004482,,,,
1329,12139.0,לאומי,10-800,סימול בנק,"מזומן ועו""ש נקוב במט""ח",ישראל,לא,AAA,S&P מעלות,JPY,2235.44987,0.022332,,49.922,0.014556,0.000442,,,,
1329,12139.0,לאומי,10-800,סימול בנק,בטחונות שוטפים,ישראל,לא,AAA,S&P מעלות,USD,178.92903,3.306,,591.539,0.172486,0.005238,,,,
1329,12139.0,"Citibank, NA",CITIUS33XXX,SWIFT,בטחונות שוטפים,"חו""ל",לא,A+,S&P,USD,4.56201,3.306,,15.082,0.004397,0.000133,,,,
1329,12139.0,Goldman Sachs Group Inc,GSCMUS33XXX,SWIFT,בטחונות שוטפים,"חו""ל",לא,BBB+,S&P,USD,122.81169,3.306,,406.015,0.118389,0.003595,,,,
1329,12139.0,"Citibank, NA",CITIUS33XXX,SWIFT,בטחונות שוטפים,"חו""ל",לא,A+,S&P,USD,-34.47039,3.306,,-113.959,-0.033229,-0.001009,,,,
1329,12139.0,JP Morgan,CHASUS33XXX,SWIFT,בטחונות שוטפים,"חו""ל",לא,A+,S&P,USD,-37.068,3.306,,-122.547,-0.035733,-0.001085,,,,
1329,12139.0,Goldman Sachs Group Inc,GSCMUS33XXX,SWIFT,בטחונות שוטפים,"חו""ל",לא,BBB+,S&P,USD,9.0635,3.306,,29.964,0.008737,0.000265,,,,
1329,12139.0,Goldman Sachs Group Inc,GSCMUS33XXX,SWIFT,בטחונות שוטפים,"חו""ל",לא,BBB+,S&P,USD,95.8838,3.306,,316.992,0.092431,0.002806,,,,
1329,13211.0,פועלים,12-800,סימול בנק,בטחונות שוטפים,ישראל,לא,Aa2,מידרוג Moodys,USD,46.00617,3.306,,152.096,0.005116,0.000754,,,,
1329,13211.0,לאומי,10-800,סימול בנק,"מזומן ועו""ש נקוב במט""ח",ישראל,לא,AAA,S&P מעלות,USD,2120.60383,3.306,,7010.716,0.235848,0.0348,,,,
1329,13211.0,לאומי,10-800,סימול בנק,"מזומן ועו""ש נקוב במט""ח",ישראל,לא,AAA,S&P מעלות,EUR,434.60647,3.8807,,1686.577,0.056738,0.008371,,,,
1329,13211.0,לאומי,10-800,סימול בנק,"מזומן ועו""ש בש""ח",ישראל,לא,AAA,S&P מעלות,ILS,29728.35387,1.0,,29728.354,1.000097,0.147567,,,,
1329,13211.0,לאומי,10-800,סימול בנק,"מזומן ועו""ש בש""ח",ישראל,לא,AAA,S&P מעלות,ILS,-12388.58895,1.0,,-12388.589,-0.416766,-0.061495,,,,
1329,13211.0,לאומי,10-800,סימול בנק,"מזומן ועו""ש בש""ח",ישראל,לא,AAA,S&P מעלות,ILS,46.30408,1.0,,46.304,0.001557,0.000229,,,,
1329,13211.0,לאומי,10-800,סימול בנק,"פק""מ לתקופה של עד שלושה חודשים",ישראל,לא,AAA,S&P מעלות,ILS,25.18967,1.0,,25.19,0.000847,0.000125,,,,
1329,13211.0,דיסקונט,11-800,סימול בנק,בטחונות שוטפים,ישראל,לא,Aa2,מידרוג Moodys,USD,-26.64027,3.306,,-88.073,-0.002962,-0.000437,,,,
1329,13211.0,לאומי,10-800,סימול בנק,"מזומן ועו""ש נקוב במט""ח",ישראל,לא,AAA,S&P מעלות,JPY,16089.35195,0.022332,,359.307,0.012087,0.001783,,,,
1329,13211.0,לאומי,10-800,סימול בנק,בטחונות שוטפים,ישראל,לא,AAA,S&P מעלות,USD,-859.76321,3.306,,-2842.377,-0.09562,-0.014109,,,,
1329,13211.0,לאומי,10-800,סימול בנק,בטחונות שוטפים,ישראל,לא,AAA,S&P מעלות,USD,599.75414,3.306,,1982.787,0.066703,0.009842,,,,
1329,13211.0,Goldman Sachs Group Inc,GSCMUS33XXX,SWIFT,בטחונות שוטפים,"חו""ל",לא,BBB+,S&P,USD,1.07047,3.306,,3.539,0.000119,1.7e-05,,,,
1329,13211.0,Goldman Sachs Group Inc,GSCMUS33XXX,SWIFT,בטחונות שוטפים,"חו""ל",לא,BBB+,S&P,USD,883.92074,3.306,,2922.242,0.098307,0.014505,,,,
1329,13211.0,Signature Bank/New York NY,SIGNUS33 XXX,SWIFT,"מזומן ועו""ש נקוב במט""ח","חו""ל",לא,NR,NR,USD,3.51853,3.306,,11.632,0.000391,5.7e-05,,,,
1329,13211.0,Signature Bank/New York NY,SIGNUS33 XXX,SWIFT,"מזומן ועו""ש נקוב במט""ח","חו""ל",לא,NR,NR,USD,1.94006,3.306,,6.414,0.000215,3.1e-05,,,,
1329,13211.0,Signature Bank/New York NY,SIGNUS33 XXX,SWIFT,"מזומן ועו""ש נקוב במט""ח","חו""ל",לא,NR,NR,USD,2.11022,3.306,,6.976,0.000234,3.4e-05,,,,
1329,13211.0,"Citibank, NA",CITIUS33XXX,SWIFT,בטחונות שוטפים,"חו""ל",לא,A+,S&P,USD,-92.23131,3.306,,-304.917,-0.010257,-0.001513,,,,
1329,13211.0,Goldman Sachs Group Inc,GSCMUS33XXX,SWIFT,בטחונות שוטפים,"חו""ל",לא,BBB+,S&P,USD,690.11089,3.306,,2281.507,0.076752,0.011325,,,,
1329,13211.0,JP Morgan,CHASUS33XXX,SWIFT,בטחונות שוטפים,"חו""ל",לא,A+,S&P,USD,-266.79202,3.306,,-882.014,-0.029672,-0.004378,,,,
1329,13211.0,Signature Bank/New York NY,SIGNUS33 XXX,SWIFT,"מזומן ועו""ש נקוב במט""ח","חו""ל",לא,NR,NR,USD,2.35723,3.306,,7.793,0.000262,3.8e-05,,,,
1329,13212.0,פועלים,12-800,סימול בנק,בטחונות שוטפים,ישראל,לא,Aa2,מידרוג Moodys,USD,-0.02189,3.306,,-0.072,-0.000215,-2.1e-05,,,,
1329,13212.0,לאומי,10-800,סימול בנק,"מזומן ועו""ש נקוב במט""ח",ישראל,לא,AAA,S&P מעלות,USD,25.67278,3.306,,84.874,0.25244,0.025673,,,,
1329,13212.0,לאומי,10-800,סימול בנק,"מזומן ועו""ש נקוב במט""ח",ישראל,לא,AAA,S&P מעלות,USD,0.08887,3.306,,0.294,0.000873,8.8e-05,,,,
1329,13212.0,לאומי,10-800,סימול בנק,"מזומן ועו""ש בש""ח",ישראל,לא,AAA,S&P מעלות,ILS,361.45824,1.0,,361.458,1.075083,0.109338,,,,
1329,13212.0,לאומי,10-800,סימול בנק,"מזומן ועו""ש בש""ח",ישראל,לא,AAA,S&P מעלות,ILS,-156.36679,1.0,,-156.367,-0.46508,-0.047299,,,,
1329,13212.0,לאומי,10-800,סימול בנק,"מזומן ועו""ש נקוב במט""ח",ישראל,לא,AAA,S&P מעלות,EUR,3.68896,3.8807,,14.316,0.042579,0.00433,,,,
1329,13212.0,לאומי,10-800,סימול בנק,"מזומן ועו""ש נקוב במט""ח",ישראל,לא,AAA,S&P מעלות,EUR,0.11986,3.8807,,0.465,0.001383,0.00014,,,,
1329,13212.0,לאומי,10-800,סימול בנק,"פק""מ לתקופה של עד שלושה חודשים",ישראל,לא,AAA,S&P מעלות,ILS,0.21381,1.0,,0.214,0.000635,6.4e-05,,,,
1329,13212.0,דיסקונט,11-800,סימול בנק,בטחונות שוטפים,ישראל,לא,Aa2,מידרוג Moodys,USD,-0.38151,3.306,,-1.261,-0.003751,-0.000381,,,,
1329,13212.0,לאומי,10-800,סימול בנק,"פק""מ לתקופה של עד שלושה חודשים",ישראל,לא,AAA,S&P מעלות,ILS,0.53024,1.0,,0.53,0.001577,0.00016,,,,
1329,13212.0,לאומי,10-800,סימול בנק,בטחונות שוטפים,ישראל,לא,AAA,S&P מעלות,USD,-7.91971,3.306,,-26.183,-0.077874,-0.00792,,,,
1329,13212.0,לאומי,10-800,סימול בנק,"מזומן ועו""ש נקוב במט""ח",ישראל,לא,AAA,S&P מעלות,JPY,136.56736,0.022332,,3.05,0.009071,0.000922,,,,
1329,13212.0,לאומי,10-800,סימול בנק,בטחונות שוטפים,ישראל,לא,AAA,S&P מעלות,USD,6.3966,3.306,,21.147,0.062897,0.006396,,,,
1329,13212.0,"Citibank, NA",CITIUS33XXX,SWIFT,בטחונות שוטפים,"חו""ל",לא,A+,S&P,USD,0.17504,3.306,,0.579,0.001721,0.000175,,,,
1329,13212.0,Goldman Sachs Group Inc,GSCMUS33XXX,SWIFT,בטחונות שוטפים,"חו""ל",לא,BBB+,S&P,USD,7.50277,3.306,,24.804,0.073774,0.007503,,,,
1329,13212.0,"Citibank, NA",CITIUS33XXX,SWIFT,בטחונות שוטפים,"חו""ל",לא,A+,S&P,USD,-1.07493,3.306,,-3.554,-0.010569,-0.001074,,,,
1329,13212.0,JP Morgan,CHASUS33XXX,SWIFT,בטחונות שוטפים,"חו""ל",לא,A+,S&P,USD,-2.26454,3.306,,-7.487,-0.022267,-0.002264,,,,
1329,13212.0,Goldman Sachs Group Inc,GSCMUS33XXX,SWIFT,בטחונות שוטפים,"חו""ל",לא,BBB+,S&P,USD,5.8577,3.306,,19.366,0.057598,0.005857,,,,
1329,13212.0,Goldman Sachs Group Inc,GSCMUS33XXX,SWIFT,בטחונות שוטפים,"חו""ל",לא,BBB+,S&P,USD,0.01237,3.306,,0.041,0.000121,1.2e-05,,,,
1329,13820.0,לאומי,10-800,סימול בנק,"מזומן ועו""ש נקוב במט""ח",ישראל,לא,AAA,S&P מעלות,EUR,0.04723,3.8807,,0.183,-8.3e-05,2e-06,,,,
1329,13820.0,לאומי,10-800,סימול בנק,"מזומן ועו""ש נקוב במט""ח",ישראל,לא,AAA,S&P מעלות,USD,616.25551,3.306,,2037.341,-0.929167,0.023494,,,,
1329,13820.0,לאומי,10-800,סימול בנק,"מזומן ועו""ש בש""ח",ישראל,לא,AAA,S&P מעלות,ILS,10312.26466,1.0,,10312.265,-4.703103,0.118919,,,,
1329,13820.0,לאומי,10-800,סימול בנק,"מזומן ועו""ש בש""ח",ישראל,לא,AAA,S&P מעלות,ILS,-9696.11317,1.0,,-9696.113,4.422095,-0.111814,,,,
1329,13820.0,לאומי,10-800,סימול בנק,בטחונות שוטפים,ישראל,לא,AAA,S&P מעלות,USD,-820.0,3.306,,-2710.92,1.236366,-0.031262,,,,
1329,13820.0,לאומי,10-800,סימול בנק,בטחונות שוטפים,ישראל,לא,AAA,S&P מעלות,USD,274.08152,3.306,,906.114,-0.41325,0.010449,,,,
1329,13820.0,"Citibank, NA",CITIUS33XXX,SWIFT,בטחונות שוטפים,"חו""ל",לא,A+,S&P,USD,-920.0,3.306,,-3041.52,1.387142,-0.035074,,,,
1329,14304.0,פועלים,12-800,סימול בנק,בטחונות שוטפים,ישראל,לא,Aa2,מידרוג Moodys,USD,-0.00114,3.306,,-0.004,-0.000113,-8e-06,,,,
1329,14304.0,לאומי,10-800,סימול בנק,"מזומן ועו""ש בש""ח",ישראל,לא,AAA,S&P מעלות,ILS,39.53998,1.0,,39.54,1.181759,0.086833,,,,
1329,14304.0,לאומי,10-800,סימול בנק,"מזומן ועו""ש בש""ח",ישראל,לא,AAA,S&P מעלות,ILS,0.06177,1.0,,0.062,0.001846,0.000135,,,,
1329,14304.0,לאומי,10-800,סימול בנק,"מזומן ועו""ש בש""ח",ישראל,לא,AAA,S&P מעלות,ILS,-22.30281,1.0,,-22.303,-0.666579,-0.048978,,,,
1329,14304.0,לאומי,10-800,סימול בנק,"מזומן ועו""ש נקוב במט""ח",ישראל,לא,AAA,S&P מעלות,USD,2.95405,3.306,,9.766,0.291886,0.021447,,,,
1329,14304.0,לאומי,10-800,סימול בנק,"מזומן ועו""ש נקוב במט""ח",ישראל,לא,AAA,S&P מעלות,USD,0.00597,3.306,,0.02,0.00059,4.3e-05,,,,
1329,14304.0,לאומי,10-800,סימול בנק,"מזומן ועו""ש נקוב במט""ח",ישראל,לא,AAA,S&P מעלות,EUR,0.00806,3.8807,,0.031,0.000935,6.8e-05,,,,
1329,14304.0,לאומי,10-800,סימול בנק,"מזומן ועו""ש נקוב במט""ח",ישראל,לא,AAA,S&P מעלות,EUR,0.49718,3.8807,,1.929,0.057666,0.004237,,,,
1329,14304.0,לאומי,10-800,סימול בנק,בטחונות שוטפים,ישראל,לא,AAA,S&P מעלות,USD,0.9001,3.306,,2.976,0.088938,0.006535,,,,
1329,14304.0,לאומי,10-800,סימול בנק,"מזומן ועו""ש נקוב במט""ח",ישראל,לא,AAA,S&P מעלות,JPY,18.40611,0.022332,,0.411,0.012285,0.000902,,,,
1329,14304.0,לאומי,10-800,סימול בנק,בטחונות שוטפים,ישראל,לא,AAA,S&P מעלות,USD,-1.03984,3.306,,-3.438,-0.102745,-0.007549,,,,
1329,14304.0,לאומי,10-800,סימול בנק,"פק""מ לתקופה של עד שלושה חודשים",ישראל,לא,AAA,S&P מעלות,ILS,0.02881,1.0,,0.029,0.000861,6.3e-05,,,,
1329,14304.0,דיסקונט,11-800,סימול בנק,בטחונות שוטפים,ישראל,לא,Aa2,מידרוג Moodys,USD,-0.05187,3.306,,-0.172,-0.005126,-0.000376,,,,
1329,14304.0,לאומי,10-800,סימול בנק,"פק""מ לתקופה של עד שלושה חודשים",ישראל,לא,AAA,S&P מעלות,ILS,0.0832,1.0,,0.083,0.002486,0.000182,,,,
1329,14304.0,Goldman Sachs Group Inc,GSCMUS33XXX,SWIFT,בטחונות שוטפים,"חו""ל",לא,BBB+,S&P,USD,1.01119,3.306,,3.343,0.099915,0.007341,,,,
1329,14304.0,"Citibank, NA",CITIUS33XXX,SWIFT,בטחונות שוטפים,"חו""ל",לא,A+,S&P,USD,0.01177,3.306,,0.039,0.001163,8.5e-05,,,,
1329,14304.0,"Citibank, NA",CITIUS33XXX,SWIFT,בטחונות שוטפים,"חו""ל",לא,A+,S&P,USD,-0.16287,3.306,,-0.538,-0.016093,-0.001182,,,,
1329,14304.0,Goldman Sachs Group Inc,GSCMUS33XXX,SWIFT,בטחונות שוטפים,"חו""ל",לא,BBB+,S&P,USD,0.78948,3.306,,2.61,0.078007,0.005731,,,,
1329,14304.0,Goldman Sachs Group Inc,GSCMUS33XXX,SWIFT,בטחונות שוטפים,"חו""ל",לא,BBB+,S&P,USD,0.02503,3.306,,0.083,0.002473,0.000181,,,,
1329,14304.0,JP Morgan,CHASUS33XXX,SWIFT,בטחונות שוטפים,"חו""ל",לא,A+,S&P,USD,-0.3052,3.306,,-1.009,-0.030157,-0.002215,,,,
1329,14305.0,לאומי,10-800,סימול בנק,"מזומן ועו""ש נקוב במט""ח",ישראל,לא,AAA,S&P מעלות,USD,45.83322,3.306,,151.525,0.100003,0.031578,,,,
1329,14305.0,לאומי,10-800,סימול בנק,"מזומן ועו""ש נקוב במט""ח",ישראל,לא,AAA,S&P מעלות,EUR,5.25869,3.8807,,20.407,0.013468,0.004253,,,,
1329,14305.0,לאומי,10-800,סימול בנק,"מזומן ועו""ש נקוב במט""ח",ישראל,לא,AAA,S&P מעלות,EUR,-5.25989,3.8807,,-20.412,-0.013471,-0.004254,,,,
1329,14305.0,לאומי,10-800,סימול בנק,"מזומן ועו""ש בש""ח",ישראל,לא,AAA,S&P מעלות,ILS,1363.51939,1.0,,1363.519,0.899894,0.284168,,,,
1329,14305.0,לאומי,10-800,סימול בנק,"מזומן ועו""ש נקוב במט""ח",ישראל,לא,AAA,S&P מעלות,JPY,1169.68427,0.022332,,26.121,0.017239,0.005443,,,,
1329,14305.0,לאומי,10-800,סימול בנק,"מזומן ועו""ש נקוב במט""ח",ישראל,לא,AAA,S&P מעלות,JPY,-1162.56372,0.022332,,-25.962,-0.017134,-0.00541,,,,
1329,14854.0,לאומי,10-800,סימול בנק,בטחונות שוטפים,ישראל,לא,AAA,S&P מעלות,USD,130.0,3.306,,429.78,0.550027,0.004024,,,,
1329,14854.0,לאומי,10-800,סימול בנק,בטחונות שוטפים,ישראל,לא,AAA,S&P מעלות,USD,723.30841,3.306,,2391.258,3.060302,0.022389,,,,
1329,14854.0,לאומי,10-800,סימול בנק,"מזומן ועו""ש בש""ח",ישראל,לא,AAA,S&P מעלות,ILS,-6486.41043,1.0,,-6486.41,-8.301228,-0.060732,,,,
1329,14854.0,לאומי,10-800,סימול בנק,"מזומן ועו""ש בש""ח",ישראל,לא,AAA,S&P מעלות,ILS,4239.41869,1.0,,4239.419,5.425556,0.039693,,,,
1329,14854.0,לאומי,10-800,סימול בנק,"מזומן ועו""ש נקוב במט""ח",ישראל,לא,AAA,S&P מעלות,USD,-1198.66287,3.306,,-3962.779,-5.071516,-0.037103,,,,
1329,14854.0,לאומי,10-800,סימול בנק,"מזומן ועו""ש נקוב במט""ח",ישראל,לא,AAA,S&P מעלות,USD,1261.34688,3.306,,4170.013,5.336731,0.039043,,,,
1329,14854.0,לאומי,10-800,סימול בנק,"מזומן ועו""ש נקוב במט""ח",ישראל,לא,AAA,S&P מעלות,EUR,0.02585,3.8807,,0.1,0.000128,0.0,,,,
1329,15313.0,לאומי,10-800,סימול בנק,"מזומן ועו""ש נקוב במט""ח",ישראל,לא,AAA,S&P מעלות,EUR,0.01663,3.8807,,0.065,0.010762,0.000112,,,,
1329,15313.0,לאומי,10-800,סימול בנק,"מזומן ועו""ש נקוב במט""ח",ישראל,לא,AAA,S&P מעלות,EUR,0.3067,3.8807,,1.19,0.198384,0.002066,,,,
1329,15313.0,לאומי,10-800,סימול בנק,"מזומן ועו""ש נקוב במט""ח",ישראל,לא,AAA,S&P מעלות,USD,2.51664,3.306,,8.32,1.386768,0.014446,,,,
1329,15313.0,לאומי,10-800,סימול בנק,"מזומן ועו""ש נקוב במט""ח",ישראל,לא,AAA,S&P מעלות,USD,0.01233,3.306,,0.041,0.006798,7e-05,,,,
1329,15313.0,לאומי,10-800,סימול בנק,"מזומן ועו""ש בש""ח",ישראל,לא,AAA,S&P מעלות,ILS,17.71372,1.0,,17.714,2.9525,0.030757,,,,
1329,15313.0,לאומי,10-800,סימול בנק,"מזומן ועו""ש בש""ח",ישראל,לא,AAA,S&P מעלות,ILS,-24.68544,1.0,,-24.685,-4.114538,-0.042863,,,,
1329,15313.0,פועלים,12-800,סימול בנק,בטחונות שוטפים,ישראל,לא,Aa2,מידרוג Moodys,USD,-0.09032,3.306,,-0.299,-0.049771,-0.000518,,,,
1329,15313.0,לאומי,10-800,סימול בנק,בטחונות שוטפים,ישראל,לא,AAA,S&P מעלות,USD,0.91927,3.306,,3.039,0.506559,0.005277,,,,
1329,15313.0,לאומי,10-800,סימול בנק,"מזומן ועו""ש נקוב במט""ח",ישראל,לא,AAA,S&P מעלות,JPY,11.35428,0.022332,,0.254,0.042263,0.00044,,,,
1329,15313.0,לאומי,10-800,סימול בנק,בטחונות שוטפים,ישראל,לא,AAA,S&P מעלות,USD,-0.70134,3.306,,-2.319,-0.386468,-0.004026,,,,
1329,15313.0,לאומי,10-800,סימול בנק,"פק""מ לתקופה של עד שלושה חודשים",ישראל,לא,AAA,S&P מעלות,ILS,0.01777,1.0,,0.018,0.002962,3e-05,,,,
1329,15313.0,לאומי,10-800,סימול בנק,"פק""מ לתקופה של עד שלושה חודשים",ישראל,לא,AAA,S&P מעלות,ILS,0.1638,1.0,,0.164,0.027302,0.000284,,,,
1329,15313.0,דיסקונט,11-800,סימול בנק,בטחונות שוטפים,ישראל,לא,Aa2,מידרוג Moodys,USD,-0.05919,3.306,,-0.196,-0.032621,-0.000339,,,,
1329,15313.0,Goldman Sachs Group Inc,GSCMUS33XXX,SWIFT,בטחונות שוטפים,"חו""ל",לא,BBB+,S&P,USD,0.62378,3.306,,2.062,0.34373,0.00358,,,,
1329,15313.0,"Citibank, NA",CITIUS33XXX,SWIFT,בטחונות שוטפים,"חו""ל",לא,A+,S&P,USD,0.02429,3.306,,0.08,0.01339,0.000139,,,,
1329,15313.0,"Citibank, NA",CITIUS33XXX,SWIFT,בטחונות שוטפים,"חו""ל",לא,A+,S&P,USD,-0.17778,3.306,,-0.588,-0.097967,-0.00102,,,,
1329,15313.0,JP Morgan,CHASUS33XXX,SWIFT,בטחונות שוטפים,"חו""ל",לא,A+,S&P,USD,-0.18827,3.306,,-0.622,-0.103747,-0.00108,,,,
1329,15313.0,Goldman Sachs Group Inc,GSCMUS33XXX,SWIFT,בטחונות שוטפים,"חו""ל",לא,BBB+,S&P,USD,0.04596,3.306,,0.152,0.025328,0.000263,,,,
1329,15313.0,Goldman Sachs Group Inc,GSCMUS33XXX,SWIFT,בטחונות שוטפים,"חו""ל",לא,BBB+,S&P,USD,0.48701,3.306,,1.61,0.268363,0.002795,,,,
סוף מידע,,,,,,,,,,,,,,,,,,,,
